{"0":{"":null},"1":{"":null},"2":{"":null},"3":{"":null},"4":{"":null},"5":{"":null},"EffectGroupName":"Urd_Skill_Explosion","EffectMesh":{"0":{"Alpha_Discard_Ratio":0.0010000000474974513,"Bloom":false,"Collider":false,"Color_Force":[0.0,0.0,0.0,0.0],"Color_Speed":[0.0,0.0,0.0,1.0],"Damage":0.0,"Diffuse_Max_UV":[1.0,1.0,0.0,0.0],"Diffuse_Min_UV":[0.0,-9999.0,0.0,0.0],"Diffuse_Start_UV":[0.0,0.0,0.0,0.0],"Diffuse_UV_Force":[0.0,0.0,0.0,0.0],"Diffuse_UV_Speed":[0.0,-0.5,0.0,0.0],"Distortion":false,"Dynamic_Noise_Option":false,"Follow_Transform":false,"Force":[0.0,0.0,0.0,0.0],"Glow":false,"Glow_Color_Force":[0.0,0.0,0.0,0.0],"Glow_Color_Speed":[0.0,0.0,0.0,0.0],"HitFreq":0.0,"Hit_Type":0,"Init_Time":0.0,"Is_Boner":false,"Is_Dissolve":false,"Life_Time":1.6660000085830688,"Mask_Max_UV":[99999.0,1.0,0.0,0.0],"Mask_Min_UV":[0.0,0.0,0.0,0.0],"Mask_Start_UV":[0.0,0.0,0.0,0.0],"Mask_UV_Force":[0.0,0.0,0.0,0.0],"Mask_UV_Speed":[0.5,0.0,0.0,0.0],"Max_Color":[1.0,1.0,1.0,1.0],"Max_Rotation":[0.0,0.0,0.0,0.0],"Max_Scale":[1.6670000553131104,3.3329999446868896,1.6670000553131104,0.0],"Max_Speed":[0.0,0.0,0.0,0.0],"Min_Color":[0.0,0.0,0.0,0.0],"Min_Scale":[0.0,0.0,0.0,0.0],"Min_Speed":[0.0,0.0,0.0,0.0],"Move_By_Mesh":false,"Name":"SMFX_Urd_Cylinder_01","Noise_Max_UV":[1.0,1.0,0.0,0.0],"Noise_Min_UV":[0.0,0.0,0.0,0.0],"Noise_Start_UV":[0.0,0.0,0.0,0.0],"Noise_UV_Force":[0.0,0.0,0.0,0.0],"Noise_UV_Speed":[0.0,0.0,0.0,0.0],"OnCollision_Disable_Effect_Group":false,"OnCollision_Use_Effect_Group":false,"OnCollision_Use_Effect_Group_Name":"","Option_Type":0,"Rotation_Force":[0.0,0.0,0.0,0.0],"Rotation_Speed":[0.0,-1.0,0.0,0.0],"Scale_Force":[0.0,0.0,0.0,0.0],"Scale_Speed":[0.0,0.0,0.0,0.0],"Shader_Pass_Index":0,"Speed":[0.0,0.0,0.0,0.0],"Start_Color":[1.0,1.0,1.0,0.0],"Start_Glow_Color":[0.0,0.0,0.0,0.0],"Start_Position":[0.0,0.010999999940395355,0.0,0.0],"Start_Rotation":[0.0,0.0,0.0,0.0],"Start_Scale":[1.6670000553131104,3.3329999446868896,1.6670000553131104,0.0],"Sync_Animation":false,"Sync_AnimationKey":0,"Sync_Transform":false,"Sync_Transform_to_Effect":false,"UV_Diffuse_Index":147,"UV_Diffuse_Wrap_Option":true,"UV_Mask_Index":5,"UV_Mask_Wrap_Option":true,"UV_Noise_Index":0,"UV_Noise_Wrap_Option":true,"UV_Wrap_Weight":[1.0,1.0,1.0,1.0],"Weapon_LifeTime":0.0,"Weapon_Offset":[0.0,0.0,0.0,0.0],"Weapon_Scale":0.0},"1":{"Alpha_Discard_Ratio":0.0,"Bloom":false,"Collider":false,"Color_Force":[0.0,0.0,0.0,0.0],"Color_Speed":[0.0,0.0,0.0,1.0],"Damage":0.0,"Diffuse_Max_UV":[1.0,1.0,0.0,0.0],"Diffuse_Min_UV":[0.0,-9999.0,0.0,0.0],"Diffuse_Start_UV":[0.0,0.0,0.0,0.0],"Diffuse_UV_Force":[0.0,0.0,0.0,0.0],"Diffuse_UV_Speed":[0.0,-0.5,0.0,0.0],"Distortion":true,"Dynamic_Noise_Option":false,"Follow_Transform":false,"Force":[0.0,0.0,0.0,0.0],"Glow":false,"Glow_Color_Force":[0.0,0.0,0.0,0.0],"Glow_Color_Speed":[0.0,0.0,0.0,0.0],"HitFreq":0.0,"Hit_Type":0,"Init_Time":0.0,"Is_Boner":false,"Is_Dissolve":false,"Life_Time":1.6660000085830688,"Mask_Max_UV":[99999.0,1.0,0.0,0.0],"Mask_Min_UV":[0.0,0.0,0.0,0.0],"Mask_Start_UV":[0.0,0.0,0.0,0.0],"Mask_UV_Force":[0.0,0.0,0.0,0.0],"Mask_UV_Speed":[0.5,0.0,0.0,0.0],"Max_Color":[1.0,1.0,1.0,0.25],"Max_Rotation":[0.0,0.0,0.0,0.0],"Max_Scale":[1.6670000553131104,3.3329999446868896,1.6670000553131104,0.0],"Max_Speed":[0.0,0.0,0.0,0.0],"Min_Color":[0.0,0.0,0.0,0.0],"Min_Scale":[0.0,0.0,0.0,0.0],"Min_Speed":[0.0,0.0,0.0,0.0],"Move_By_Mesh":false,"Name":"SMFX_Urd_Cylinder_01","Noise_Max_UV":[1.0,1.0,0.0,0.0],"Noise_Min_UV":[0.0,0.0,0.0,0.0],"Noise_Start_UV":[0.0,0.0,0.0,0.0],"Noise_UV_Force":[0.0,0.0,0.0,0.0],"Noise_UV_Speed":[0.0,0.0,0.0,0.0],"OnCollision_Disable_Effect_Group":false,"OnCollision_Use_Effect_Group":false,"OnCollision_Use_Effect_Group_Name":"","Option_Type":0,"Rotation_Force":[0.0,0.0,0.0,0.0],"Rotation_Speed":[0.0,-1.0,0.0,0.0],"Scale_Force":[0.0,0.0,0.0,0.0],"Scale_Speed":[0.0,0.0,0.0,0.0],"Shader_Pass_Index":1,"Speed":[0.0,0.0,0.0,0.0],"Start_Color":[1.0,1.0,1.0,0.0],"Start_Glow_Color":[0.0,0.0,0.0,0.0],"Start_Position":[0.0,0.010999999940395355,0.0,0.0],"Start_Rotation":[0.0,0.0,0.0,0.0],"Start_Scale":[1.6670000553131104,3.3329999446868896,1.6670000553131104,0.0],"Sync_Animation":false,"Sync_AnimationKey":0,"Sync_Transform":false,"Sync_Transform_to_Effect":false,"UV_Diffuse_Index":0,"UV_Diffuse_Wrap_Option":true,"UV_Mask_Index":0,"UV_Mask_Wrap_Option":true,"UV_Noise_Index":3,"UV_Noise_Wrap_Option":true,"UV_Wrap_Weight":[1.0,1.0,1.0,1.0],"Weapon_LifeTime":0.0,"Weapon_Offset":[0.0,0.0,0.0,0.0],"Weapon_Scale":0.0},"2":{"Alpha_Discard_Ratio":0.0010000000474974513,"Bloom":false,"Collider":false,"Color_Force":[0.0,0.0,0.0,0.0],"Color_Speed":[0.0,0.0,0.0,1.0],"Damage":0.0,"Diffuse_Max_UV":[1.0,1.0,0.0,0.0],"Diffuse_Min_UV":[0.0,-9999.0,0.0,0.0],"Diffuse_Start_UV":[0.0,0.0,0.0,0.0],"Diffuse_UV_Force":[0.0,0.0,0.0,0.0],"Diffuse_UV_Speed":[0.0,-0.5,0.0,0.0],"Distortion":false,"Dynamic_Noise_Option":false,"Follow_Transform":false,"Force":[0.0,0.0,0.0,0.0],"Glow":false,"Glow_Color_Force":[0.0,0.0,0.0,0.0],"Glow_Color_Speed":[0.0,0.0,0.0,0.0],"HitFreq":0.0,"Hit_Type":0,"Init_Time":0.3330000042915344,"Is_Boner":false,"Is_Dissolve":false,"Life_Time":1.3329999446868896,"Mask_Max_UV":[99999.0,1.0,0.0,0.0],"Mask_Min_UV":[0.0,0.0,0.0,0.0],"Mask_Start_UV":[0.0,0.0,0.0,0.0],"Mask_UV_Force":[0.0,0.0,0.0,0.0],"Mask_UV_Speed":[0.5,0.0,0.0,0.0],"Max_Color":[1.0,1.0,1.0,1.0],"Max_Rotation":[0.0,0.0,0.0,0.0],"Max_Scale":[3.3329999446868896,6.666999816894531,3.3329999446868896,0.0],"Max_Speed":[0.0,0.0,0.0,0.0],"Min_Color":[0.0,0.0,0.0,0.0],"Min_Scale":[0.0,0.0,0.0,0.0],"Min_Speed":[0.0,0.0,0.0,0.0],"Move_By_Mesh":false,"Name":"SMFX_Urd_Cylinder_01","Noise_Max_UV":[1.0,1.0,0.0,0.0],"Noise_Min_UV":[0.0,0.0,0.0,0.0],"Noise_Start_UV":[0.0,0.0,0.0,0.0],"Noise_UV_Force":[0.0,0.0,0.0,0.0],"Noise_UV_Speed":[0.0,0.0,0.0,0.0],"OnCollision_Disable_Effect_Group":false,"OnCollision_Use_Effect_Group":false,"OnCollision_Use_Effect_Group_Name":"","Option_Type":0,"Rotation_Force":[0.0,0.0,0.0,0.0],"Rotation_Speed":[0.0,-1.0,0.0,0.0],"Scale_Force":[0.0,0.0,0.0,0.0],"Scale_Speed":[0.0,0.0,0.0,0.0],"Shader_Pass_Index":0,"Speed":[0.0,0.0,0.0,0.0],"Start_Color":[1.0,1.0,1.0,0.0],"Start_Glow_Color":[0.0,0.0,0.0,0.0],"Start_Position":[0.0,0.010999999940395355,0.0,0.0],"Start_Rotation":[0.0,0.0,0.0,0.0],"Start_Scale":[3.3329999446868896,6.666999816894531,3.3329999446868896,0.0],"Sync_Animation":false,"Sync_AnimationKey":0,"Sync_Transform":false,"Sync_Transform_to_Effect":false,"UV_Diffuse_Index":147,"UV_Diffuse_Wrap_Option":true,"UV_Mask_Index":5,"UV_Mask_Wrap_Option":true,"UV_Noise_Index":0,"UV_Noise_Wrap_Option":true,"UV_Wrap_Weight":[1.0,1.0,1.0,1.0],"Weapon_LifeTime":0.0,"Weapon_Offset":[0.0,0.0,0.0,0.0],"Weapon_Scale":0.0},"3":{"Alpha_Discard_Ratio":0.0,"Bloom":false,"Collider":false,"Color_Force":[0.0,0.0,0.0,0.0],"Color_Speed":[0.0,0.0,0.0,1.0],"Damage":0.0,"Diffuse_Max_UV":[1.0,1.0,0.0,0.0],"Diffuse_Min_UV":[0.0,-9999.0,0.0,0.0],"Diffuse_Start_UV":[0.0,0.0,0.0,0.0],"Diffuse_UV_Force":[0.0,0.0,0.0,0.0],"Diffuse_UV_Speed":[0.0,-0.5,0.0,0.0],"Distortion":true,"Dynamic_Noise_Option":false,"Follow_Transform":false,"Force":[0.0,0.0,0.0,0.0],"Glow":false,"Glow_Color_Force":[0.0,0.0,0.0,0.0],"Glow_Color_Speed":[0.0,0.0,0.0,0.0],"HitFreq":0.0,"Hit_Type":0,"Init_Time":0.3330000042915344,"Is_Boner":false,"Is_Dissolve":false,"Life_Time":1.3329999446868896,"Mask_Max_UV":[99999.0,1.0,0.0,0.0],"Mask_Min_UV":[0.0,0.0,0.0,0.0],"Mask_Start_UV":[0.0,0.0,0.0,0.0],"Mask_UV_Force":[0.0,0.0,0.0,0.0],"Mask_UV_Speed":[0.5,0.0,0.0,0.0],"Max_Color":[1.0,1.0,1.0,0.25],"Max_Rotation":[0.0,0.0,0.0,0.0],"Max_Scale":[3.3329999446868896,6.666999816894531,3.3329999446868896,0.0],"Max_Speed":[0.0,0.0,0.0,0.0],"Min_Color":[0.0,0.0,0.0,0.0],"Min_Scale":[0.0,0.0,0.0,0.0],"Min_Speed":[0.0,0.0,0.0,0.0],"Move_By_Mesh":false,"Name":"SMFX_Urd_Cylinder_01","Noise_Max_UV":[1.0,1.0,0.0,0.0],"Noise_Min_UV":[0.0,0.0,0.0,0.0],"Noise_Start_UV":[0.0,0.0,0.0,0.0],"Noise_UV_Force":[0.0,0.0,0.0,0.0],"Noise_UV_Speed":[0.0,0.0,0.0,0.0],"OnCollision_Disable_Effect_Group":false,"OnCollision_Use_Effect_Group":false,"OnCollision_Use_Effect_Group_Name":"","Option_Type":0,"Rotation_Force":[0.0,0.0,0.0,0.0],"Rotation_Speed":[0.0,-1.0,0.0,0.0],"Scale_Force":[0.0,0.0,0.0,0.0],"Scale_Speed":[0.0,0.0,0.0,0.0],"Shader_Pass_Index":1,"Speed":[0.0,0.0,0.0,0.0],"Start_Color":[1.0,1.0,1.0,0.0],"Start_Glow_Color":[0.0,0.0,0.0,0.0],"Start_Position":[0.0,0.010999999940395355,0.0,0.0],"Start_Rotation":[0.0,0.0,0.0,0.0],"Start_Scale":[3.3329999446868896,6.666999816894531,3.3329999446868896,0.0],"Sync_Animation":false,"Sync_AnimationKey":0,"Sync_Transform":false,"Sync_Transform_to_Effect":false,"UV_Diffuse_Index":0,"UV_Diffuse_Wrap_Option":true,"UV_Mask_Index":0,"UV_Mask_Wrap_Option":true,"UV_Noise_Index":3,"UV_Noise_Wrap_Option":true,"UV_Wrap_Weight":[1.0,1.0,1.0,1.0],"Weapon_LifeTime":0.0,"Weapon_Offset":[0.0,0.0,0.0,0.0],"Weapon_Scale":0.0},"4":{"Alpha_Discard_Ratio":0.0010000000474974513,"Bloom":false,"Collider":false,"Color_Force":[0.0,0.0,0.0,0.0],"Color_Speed":[0.0,0.0,0.0,1.0],"Damage":0.0,"Diffuse_Max_UV":[1.0,1.0,0.0,0.0],"Diffuse_Min_UV":[0.0,-9999.0,0.0,0.0],"Diffuse_Start_UV":[0.0,0.0,0.0,0.0],"Diffuse_UV_Force":[0.0,0.0,0.0,0.0],"Diffuse_UV_Speed":[0.0,-0.5,0.0,0.0],"Distortion":false,"Dynamic_Noise_Option":false,"Follow_Transform":false,"Force":[0.0,0.0,0.0,0.0],"Glow":false,"Glow_Color_Force":[0.0,0.0,0.0,0.0],"Glow_Color_Speed":[0.0,0.0,0.0,0.0],"HitFreq":0.0,"Hit_Type":0,"Init_Time":0.6660000085830688,"Is_Boner":false,"Is_Dissolve":false,"Life_Time":1.0,"Mask_Max_UV":[99999.0,1.0,0.0,0.0],"Mask_Min_UV":[0.0,0.0,0.0,0.0],"Mask_Start_UV":[0.0,0.0,0.0,0.0],"Mask_UV_Force":[0.0,0.0,0.0,0.0],"Mask_UV_Speed":[0.5,0.0,0.0,0.0],"Max_Color":[1.0,1.0,1.0,1.0],"Max_Rotation":[0.0,0.0,0.0,0.0],"Max_Scale":[5.0,10.0,5.0,0.0],"Max_Speed":[0.0,0.0,0.0,0.0],"Min_Color":[0.0,0.0,0.0,0.0],"Min_Scale":[0.0,0.0,0.0,0.0],"Min_Speed":[0.0,0.0,0.0,0.0],"Move_By_Mesh":false,"Name":"SMFX_Urd_Cylinder_01","Noise_Max_UV":[1.0,1.0,0.0,0.0],"Noise_Min_UV":[0.0,0.0,0.0,0.0],"Noise_Start_UV":[0.0,0.0,0.0,0.0],"Noise_UV_Force":[0.0,0.0,0.0,0.0],"Noise_UV_Speed":[0.0,0.0,0.0,0.0],"OnCollision_Disable_Effect_Group":false,"OnCollision_Use_Effect_Group":false,"OnCollision_Use_Effect_Group_Name":"","Option_Type":0,"Rotation_Force":[0.0,0.0,0.0,0.0],"Rotation_Speed":[0.0,-1.0,0.0,0.0],"Scale_Force":[0.0,0.0,0.0,0.0],"Scale_Speed":[0.0,0.0,0.0,0.0],"Shader_Pass_Index":0,"Speed":[0.0,0.0,0.0,0.0],"Start_Color":[1.0,1.0,1.0,0.0],"Start_Glow_Color":[0.0,0.0,0.0,0.0],"Start_Position":[0.0,0.010999999940395355,0.0,0.0],"Start_Rotation":[0.0,0.0,0.0,0.0],"Start_Scale":[5.0,10.0,5.0,0.0],"Sync_Animation":false,"Sync_AnimationKey":0,"Sync_Transform":false,"Sync_Transform_to_Effect":false,"UV_Diffuse_Index":147,"UV_Diffuse_Wrap_Option":true,"UV_Mask_Index":5,"UV_Mask_Wrap_Option":true,"UV_Noise_Index":0,"UV_Noise_Wrap_Option":true,"UV_Wrap_Weight":[1.0,1.0,1.0,1.0],"Weapon_LifeTime":0.0,"Weapon_Offset":[0.0,0.0,0.0,0.0],"Weapon_Scale":0.0},"5":{"Alpha_Discard_Ratio":0.0,"Bloom":false,"Collider":false,"Color_Force":[0.0,0.0,0.0,0.0],"Color_Speed":[0.0,0.0,0.0,1.0],"Damage":0.0,"Diffuse_Max_UV":[1.0,1.0,0.0,0.0],"Diffuse_Min_UV":[0.0,-9999.0,0.0,0.0],"Diffuse_Start_UV":[0.0,0.0,0.0,0.0],"Diffuse_UV_Force":[0.0,0.0,0.0,0.0],"Diffuse_UV_Speed":[0.0,-0.5,0.0,0.0],"Distortion":true,"Dynamic_Noise_Option":false,"Follow_Transform":false,"Force":[0.0,0.0,0.0,0.0],"Glow":false,"Glow_Color_Force":[0.0,0.0,0.0,0.0],"Glow_Color_Speed":[0.0,0.0,0.0,0.0],"HitFreq":0.0,"Hit_Type":0,"Init_Time":0.6660000085830688,"Is_Boner":false,"Is_Dissolve":false,"Life_Time":1.0,"Mask_Max_UV":[99999.0,1.0,0.0,0.0],"Mask_Min_UV":[0.0,0.0,0.0,0.0],"Mask_Start_UV":[0.0,0.0,0.0,0.0],"Mask_UV_Force":[0.0,0.0,0.0,0.0],"Mask_UV_Speed":[0.5,0.0,0.0,0.0],"Max_Color":[1.0,1.0,1.0,0.25],"Max_Rotation":[0.0,0.0,0.0,0.0],"Max_Scale":[5.0,10.0,5.0,0.0],"Max_Speed":[0.0,0.0,0.0,0.0],"Min_Color":[0.0,0.0,0.0,0.0],"Min_Scale":[0.0,0.0,0.0,0.0],"Min_Speed":[0.0,0.0,0.0,0.0],"Move_By_Mesh":false,"Name":"SMFX_Urd_Cylinder_01","Noise_Max_UV":[1.0,1.0,0.0,0.0],"Noise_Min_UV":[0.0,0.0,0.0,0.0],"Noise_Start_UV":[0.0,0.0,0.0,0.0],"Noise_UV_Force":[0.0,0.0,0.0,0.0],"Noise_UV_Speed":[0.0,0.0,0.0,0.0],"OnCollision_Disable_Effect_Group":false,"OnCollision_Use_Effect_Group":false,"OnCollision_Use_Effect_Group_Name":"","Option_Type":0,"Rotation_Force":[0.0,0.0,0.0,0.0],"Rotation_Speed":[0.0,-1.0,0.0,0.0],"Scale_Force":[0.0,0.0,0.0,0.0],"Scale_Speed":[0.0,0.0,0.0,0.0],"Shader_Pass_Index":1,"Speed":[0.0,0.0,0.0,0.0],"Start_Color":[1.0,1.0,1.0,0.0],"Start_Glow_Color":[0.0,0.0,0.0,0.0],"Start_Position":[0.0,0.010999999940395355,0.0,0.0],"Start_Rotation":[0.0,0.0,0.0,0.0],"Start_Scale":[5.0,10.0,5.0,0.0],"Sync_Animation":false,"Sync_AnimationKey":0,"Sync_Transform":false,"Sync_Transform_to_Effect":false,"UV_Diffuse_Index":0,"UV_Diffuse_Wrap_Option":true,"UV_Mask_Index":0,"UV_Mask_Wrap_Option":true,"UV_Noise_Index":3,"UV_Noise_Wrap_Option":true,"UV_Wrap_Weight":[1.0,1.0,1.0,1.0],"Weapon_LifeTime":0.0,"Weapon_Offset":[0.0,0.0,0.0,0.0],"Weapon_Scale":0.0}},"EffectMeshCount":6,"EffectParticle":{"0":{"Diffuse_Start_UV":[0.0,0.0,0.0,0.0],"Diffuse_UV_Max":[1.0,1.0,0.0,0.0],"Diffuse_XInverse":false,"Diffuse_YInverse":false,"Discard_Ratio":0.0010000000474974513,"Follow_Transform":0,"Init_Time":0.0,"Is_Looping":false,"Mask_Start_UV":[0.0,0.0,0.0,0.0],"Mask_UV_Max":[1.0,1.0,0.0,0.0],"Max_Color":[1.0,1.0,1.0,1.0],"Max_Color_Speed":[0.0,0.0,0.0,1.0],"Max_Instance":1,"Max_Limit_Speed":[0.0,0.0,0.0,0.0],"Max_Scale":[10.0,10.0,0.0,0.0],"Max_Start_Color":[1.0,1.0,1.0,0.0],"Max_Start_Rotation":[1.5700000524520874,0.0,-3.140000104904175,0.0],"Max_Start_Scale":[10.0,10.0,0.0,0.0],"Min_Color_Speed":[0.0,0.0,0.0,1.0],"Min_Life_Time":1.6660000085830688,"Min_Limit_Speed":[0.0,0.0,0.0,0.0],"Min_Scale":[0.0,0.0,0.0,0.0],"Min_Spawn_Offset_Direction":[0.0,0.0,0.0,0.0],"Min_Spawn_Offset_Range":[0.0,0.0,0.0,0.0],"Min_Spawn_Position":[0.0,0.009999999776482582,0.0,0.0],"Min_Spawn_Time":0.0,"Min_Start_Color":[1.0,1.0,1.0,0.0],"Min_Start_Rotation":[1.5700000524520874,0.0,-3.140000104904175,0.0],"Min_Start_Scale":[10.0,10.0,0.0,0.0],"Name":"RectEffect.png","Noise_Start_UV":[0.0,0.0,0.0,0.0],"Noise_UV_Max":[1.0,1.0,0.0,0.0],"ParticleOption1":0,"ParticleOption2":0,"ParticleOption3":1,"ParticleOption4":4,"ParticleOption5":0,"ParticleOption6":1,"ParticleType":0,"Render_Group":7,"ShaderPassIndex":1,"Sync_Animation":false,"Sync_AnimationKey":-1,"UV_Diffuse_Index":26,"UV_Mask_Index":0,"UV_Noise_Index":0},"1":{"Diffuse_Start_UV":[0.0,0.0,0.0,0.0],"Diffuse_UV_Max":[1.0,1.0,0.0,0.0],"Diffuse_XInverse":false,"Diffuse_YInverse":false,"Discard_Ratio":0.8999999761581421,"Follow_Transform":0,"Init_Time":1.6660000085830688,"Is_Looping":false,"Mask_Start_UV":[0.0,0.0,0.0,0.0],"Mask_UV_Max":[1.0,1.0,0.0,0.0],"Max_Color":[1.0,1.0,1.0,1.0],"Max_Instance":1000,"Max_Limit_Speed":[20.0,0.0,0.0,0.0],"Max_Scale":[2.0,1.0,0.0,0.0],"Max_Scale_Force":[-0.009999999776482582,-0.0010000000474974513,0.0,0.0],"Max_Spawn_Offset_Direction":[1.0,1.0,1.0,0.0],"Max_Spawn_Offset_Range":[4.0,0.0,0.0,0.0],"Max_Speed":[20.0,0.0,0.0,0.0],"Max_Speed_Force":[-0.5,0.0,0.0,0.0],"Max_Start_Color":[1.0,1.0,1.0,1.0],"Max_Start_Rotation":[0.0,0.0,1.5700000524520874,0.0],"Max_Start_Scale":[2.0,0.07500000298023224,0.0,0.0],"Max_Y_Scale_Ratio":0.029999999329447746,"Min_Life_Time":2.0,"Min_Limit_Speed":[0.003000000026077032,0.0,0.0,0.0],"Min_Scale":[0.0,0.0,0.0,0.0],"Min_Scale_Force":[-0.05000000074505806,-0.007499999832361937,0.0,0.0],"Min_Spawn_Offset_Direction":[-1.0,-1.0,-1.0,0.0],"Min_Spawn_Offset_Range":[0.0,0.0,0.0,0.0],"Min_Spawn_Position":[0.0,0.0,0.0,0.0],"Min_Spawn_Time":0.0,"Min_Speed":[15.0,0.0,0.0,0.0],"Min_Speed_Force":[-3.0,0.0,0.0,0.0],"Min_Start_Color":[1.0,1.0,1.0,1.0],"Min_Start_Rotation":[0.0,0.0,1.5700000524520874,0.0],"Min_Start_Scale":[0.10000000149011612,0.009999999776482582,0.0,0.0],"Min_Y_Scale_Ratio":0.009999999776482582,"Name":"RectEffect.png","Noise_Start_UV":[0.0,0.0,0.0,0.0],"Noise_UV_Max":[1.0,1.0,0.0,0.0],"ParticleOption1":224,"ParticleOption2":6,"ParticleOption3":18,"ParticleOption4":0,"ParticleOption5":0,"ParticleOption6":3,"ParticleType":0,"Render_Group":7,"ShaderPassIndex":1,"Start_Glow_Color":[1.0,1.0,1.0,0.5],"Sync_Animation":false,"Sync_AnimationKey":-1,"UV_Diffuse_Index":0,"UV_Mask_Index":1,"UV_Noise_Index":0},"2":{"Diffuse_Start_UV":[0.0,0.0,0.0,0.0],"Diffuse_UV_Max":[1.0,1.0,0.0,0.0],"Diffuse_XInverse":false,"Diffuse_YInverse":false,"Discard_Ratio":0.8999999761581421,"Follow_Transform":0,"Init_Time":1.6660000085830688,"Is_Looping":false,"Mask_Start_UV":[0.0,0.0,0.0,0.0],"Mask_UV_Max":[1.0,1.0,0.0,0.0],"Max_Color":[1.0,1.0,1.0,1.0],"Max_Instance":2000,"Max_Limit_Speed":[20.0,0.0,0.0,0.0],"Max_Scale":[3.0,1.0,0.0,0.0],"Max_Scale_Force":[-0.10000000149011612,-0.0010000000474974513,0.0,0.0],"Max_Spawn_Offset_Direction":[1.0,1.0,1.0,0.0],"Max_Spawn_Time":0.5,"Max_Speed":[20.0,0.0,0.0,0.0],"Max_Start_Color":[1.0,1.0,1.0,1.0],"Max_Start_Rotation":[0.0,0.0,1.5700000524520874,0.0],"Max_Start_Scale":[3.0,0.07500000298023224,0.0,0.0],"Max_Y_Scale_Ratio":0.029999999329447746,"Min_Life_Time":1.0,"Min_Limit_Speed":[0.003000000026077032,0.0,0.0,0.0],"Min_Scale":[0.0,0.0,0.0,0.0],"Min_Scale_Force":[-0.10000000149011612,-0.007499999832361937,0.0,0.0],"Min_Spawn_Offset_Direction":[-1.0,-1.0,-1.0,0.0],"Min_Spawn_Offset_Range":[4.150000095367432,0.0,0.0,0.0],"Min_Spawn_Position":[0.0,0.0,0.0,0.0],"Min_Spawn_Time":0.0,"Min_Speed":[0.0,0.0,0.0,0.0],"Min_Start_Color":[1.0,1.0,1.0,1.0],"Min_Start_Rotation":[0.0,0.0,1.5700000524520874,0.0],"Min_Start_Scale":[1.0,0.009999999776482582,0.0,0.0],"Min_Y_Scale_Ratio":0.009999999776482582,"Name":"RectEffect.png","Noise_Start_UV":[0.0,0.0,0.0,0.0],"Noise_UV_Max":[1.0,1.0,0.0,0.0],"ParticleOption1":162,"ParticleOption2":2,"ParticleOption3":18,"ParticleOption4":0,"ParticleOption5":0,"ParticleOption6":3,"ParticleType":0,"Render_Group":7,"ShaderPassIndex":1,"Start_Glow_Color":[1.0,1.0,1.0,0.5],"Sync_Animation":false,"Sync_AnimationKey":-1,"UV_Diffuse_Index":0,"UV_Mask_Index":1,"UV_Noise_Index":0},"3":{"Diffuse_Start_UV":[0.0,0.0,0.0,0.0],"Diffuse_UV_Max":[1.0,1.0,0.0,0.0],"Diffuse_XInverse":false,"Diffuse_YInverse":false,"Discard_Ratio":0.0010000000474974513,"Follow_Transform":0,"Init_Time":1.6660000085830688,"Is_Looping":false,"Mask_Start_UV":[0.0,0.0,0.0,0.0],"Mask_UV_Max":[1.0,1.0,0.0,0.0],"Max_Color":[1.0,1.0,1.0,1.0],"Max_Color_Speed":[0.0,0.0,0.0,-1.0],"Max_Instance":1,"Max_Limit_Speed":[0.0,0.0,0.0,0.0],"Max_Scale":[10.0,10.0,0.0,0.0],"Max_Start_Color":[1.0,1.0,1.0,1.0],"Max_Start_Rotation":[1.5700000524520874,0.0,-3.140000104904175,0.0],"Max_Start_Scale":[10.0,10.0,0.0,0.0],"Min_Color_Speed":[0.0,0.0,0.0,-1.0],"Min_Life_Time":1.0,"Min_Limit_Speed":[0.0,0.0,0.0,0.0],"Min_Scale":[0.0,0.0,0.0,0.0],"Min_Spawn_Offset_Direction":[0.0,0.0,0.0,0.0],"Min_Spawn_Offset_Range":[0.0,0.0,0.0,0.0],"Min_Spawn_Position":[0.0,0.009999999776482582,0.0,0.0],"Min_Spawn_Time":0.0,"Min_Start_Color":[1.0,1.0,1.0,1.0],"Min_Start_Rotation":[1.5700000524520874,0.0,-3.140000104904175,0.0],"Min_Start_Scale":[10.0,10.0,0.0,0.0],"Name":"RectEffect.png","Noise_Start_UV":[0.0,0.0,0.0,0.0],"Noise_UV_Max":[1.0,1.0,0.0,0.0],"ParticleOption1":0,"ParticleOption2":0,"ParticleOption3":1,"ParticleOption4":4,"ParticleOption5":0,"ParticleOption6":1,"ParticleType":0,"Render_Group":7,"ShaderPassIndex":1,"Sync_Animation":false,"Sync_AnimationKey":-1,"UV_Diffuse_Index":26,"UV_Mask_Index":0,"UV_Noise_Index":0}},"EffectParticleCount":4}
