{"0":{"":null},"EffectGroupName":"Urd_Skill03_R_WeaponShine_Phase2","EffectMesh":{"0":{"Alpha_Discard_Ratio":0.0,"Bloom":true,"Bone_Name":"weapon_r","Collider":false,"Color_Force":[0.0,0.0,0.0,0.0],"Color_Speed":[0.0,0.0,0.0,0.0],"Damage":0.0,"Diffuse_Max_UV":[1.0,1.0,0.0,0.0],"Diffuse_Min_UV":[0.0,0.0,0.0,0.0],"Diffuse_Start_UV":[0.0,0.0,0.0,0.0],"Diffuse_UV_Force":[0.0,0.0,0.0,0.0],"Diffuse_UV_Speed":[0.0,0.0,0.0,0.0],"Distortion":false,"Dynamic_Noise_Option":false,"Follow_Transform":true,"Force":[0.0,0.0,0.0,0.0],"Glow":true,"Glow_Color_Force":[0.0,0.0,0.0,0.0],"Glow_Color_Speed":[0.0,0.0,0.0,0.0],"HitFreq":0.0,"Hit_Type":0,"Init_Time":0.0,"Is_Boner":true,"Is_Dissolve":false,"Life_Time":0.44600000977516174,"Mask_Max_UV":[1.0,1.0,0.0,0.0],"Mask_Min_UV":[0.0,0.0,0.0,0.0],"Mask_Start_UV":[0.0,0.0,0.0,0.0],"Mask_UV_Force":[0.0,0.0,0.0,0.0],"Mask_UV_Speed":[0.0,0.0,0.0,0.0],"Max_Color":[1.0,1.0,1.0,1.0],"Max_Rotation":[0.0,0.0,0.0,0.0],"Max_Scale":[2.0,2.0,2.0,0.0],"Max_Speed":[0.0,0.0,0.0,0.0],"Min_Color":[0.0,0.0,0.0,0.0],"Min_Scale":[0.0,0.0,0.0,0.0],"Min_Speed":[0.0,0.0,0.0,0.0],"Move_By_Mesh":false,"Name":"SK_W_UrdSword01","Noise_Max_UV":[1.0,1.0,0.0,0.0],"Noise_Min_UV":[0.0,0.0,0.0,0.0],"Noise_Start_UV":[0.0,0.0,0.0,0.0],"Noise_UV_Force":[0.0,0.0,0.0,0.0],"Noise_UV_Speed":[0.0,0.0,0.0,0.0],"OnCollision_Disable_Effect_Group":false,"OnCollision_Use_Effect_Group":false,"OnCollision_Use_Effect_Group_Name":"","Option_Type":0,"Rotation_Force":[0.0,0.0,0.0,0.0],"Rotation_Speed":[0.0,0.0,0.0,0.0],"Scale_Force":[0.0,0.0,0.0,0.0],"Scale_Speed":[0.0,0.0,0.0,0.0],"Shader_Pass_Index":0,"Speed":[0.0,0.0,0.0,0.0],"Start_Color":[1.0,1.0,1.0,1.0],"Start_Glow_Color":[0.5,0.800000011920929,1.0,1.0],"Start_Position":[-0.30000001192092896,5.6595301430206746e-05,-0.019999999552965164,0.0],"Start_Rotation":[0.0,3.140000104904175,0.0,0.0],"Start_Scale":[1.0099999904632568,1.2999999523162842,1.2999999523162842,0.0],"Sync_Animation":false,"Sync_AnimationKey":27,"Sync_Transform":false,"Sync_Transform_to_Effect":false,"UV_Diffuse_Index":0,"UV_Diffuse_Wrap_Option":true,"UV_Mask_Index":0,"UV_Mask_Wrap_Option":true,"UV_Noise_Index":0,"UV_Noise_Wrap_Option":true,"UV_Wrap_Weight":[1.0,1.0,1.0,1.0],"Weapon_LifeTime":0.0,"Weapon_Offset":[0.0,0.0,0.0,0.0],"Weapon_Scale":0.0}},"EffectMeshCount":1,"EffectParticleCount":0}
