{"0":{"":null},"1":{"":null},"EffectGroupName":"Urd_Atk02_Spear","EffectMesh":{"0":{"Alpha_Discard_Ratio":1.0,"Bloom":false,"Collider":true,"Color_Force":[0.0,0.0,0.0,0.0],"Color_Speed":[0.0,0.0,0.0,0.0],"Damage":1.5,"Diffuse_Max_UV":[1.0,1.0,0.0,0.0],"Diffuse_Min_UV":[0.0,0.0,0.0,0.0],"Diffuse_Start_UV":[0.0,0.0,0.0,0.0],"Diffuse_UV_Force":[0.0,0.0,0.0,0.0],"Diffuse_UV_Speed":[0.0,0.0,0.0,0.0],"Distortion":false,"Dynamic_Noise_Option":false,"Follow_Transform":false,"Force":[0.0,0.0,0.0,0.0],"Glow":false,"Glow_Color_Force":[0.0,0.0,0.0,0.0],"Glow_Color_Speed":[0.0,0.0,0.0,0.0],"HitFreq":0.0,"Hit_Type":0,"Init_Time":0.0,"Is_Boner":false,"Is_Dissolve":false,"Life_Time":0.30000001192092896,"Mask_Max_UV":[1.0,1.0,0.0,0.0],"Mask_Min_UV":[0.0,0.0,0.0,0.0],"Mask_Start_UV":[0.0,0.0,0.0,0.0],"Mask_UV_Force":[0.0,0.0,0.0,0.0],"Mask_UV_Speed":[0.0,0.0,0.0,0.0],"Max_Color":[0.0,0.0,0.0,0.0],"Max_Rotation":[0.0,0.0,0.0,0.0],"Max_Scale":[1.1754943508222875e-38,1.1754943508222875e-38,1.1754943508222875e-38,0.0],"Max_Speed":[0.0,0.0,0.0,0.0],"Min_Color":[0.0,0.0,0.0,0.0],"Min_Scale":[0.0,0.0,0.0,0.0],"Min_Speed":[0.0,0.0,0.0,0.0],"Move_By_Mesh":false,"Name":"EffectMesh0455","Noise_Max_UV":[1.0,1.0,0.0,0.0],"Noise_Min_UV":[0.0,0.0,0.0,0.0],"Noise_Start_UV":[0.0,0.0,0.0,0.0],"Noise_UV_Force":[0.0,0.0,0.0,0.0],"Noise_UV_Speed":[0.0,0.0,0.0,0.0],"OnCollision_Disable_Effect_Group":false,"OnCollision_Use_Effect_Group":false,"OnCollision_Use_Effect_Group_Name":"","Option_Type":8,"Rotation_Force":[0.0,0.0,0.0,0.0],"Rotation_Speed":[0.0,0.0,0.0,0.0],"Scale_Force":[0.0,0.0,0.0,0.0],"Scale_Speed":[0.0,0.0,0.0,0.0],"Shader_Pass_Index":0,"Speed":[0.0,0.0,0.0,0.0],"Start_Color":[0.0,0.0,0.0,0.0],"Start_Glow_Color":[0.0,0.0,0.0,0.0],"Start_Position":[0.0,1.0,0.0,0.0],"Start_Rotation":[0.0,0.0,0.0,0.0],"Start_Scale":[1.1754943508222875e-38,1.1754943508222875e-38,1.1754943508222875e-38,0.0],"Sync_Animation":false,"Sync_AnimationKey":80,"Sync_Transform":true,"Sync_Transform_to_Effect":false,"UV_Diffuse_Index":0,"UV_Diffuse_Wrap_Option":true,"UV_Mask_Index":0,"UV_Mask_Wrap_Option":true,"UV_Noise_Index":0,"UV_Noise_Wrap_Option":true,"UV_Wrap_Weight":[1.0,1.0,1.0,1.0],"Weapon_LifeTime":0.30000001192092896,"Weapon_Offset":[0.0,1.0,1.5,0.0],"Weapon_Scale":1.5},"1":{"Alpha_Discard_Ratio":1.0,"Bloom":false,"Collider":true,"Color_Force":[0.0,0.0,0.0,0.0],"Color_Speed":[0.0,0.0,0.0,0.0],"Damage":1.5,"Diffuse_Max_UV":[1.0,1.0,0.0,0.0],"Diffuse_Min_UV":[0.0,0.0,0.0,0.0],"Diffuse_Start_UV":[0.0,0.0,0.0,0.0],"Diffuse_UV_Force":[0.0,0.0,0.0,0.0],"Diffuse_UV_Speed":[0.0,0.0,0.0,0.0],"Distortion":false,"Dynamic_Noise_Option":false,"Follow_Transform":false,"Force":[0.0,0.0,0.0,0.0],"Glow":false,"Glow_Color_Force":[0.0,0.0,0.0,0.0],"Glow_Color_Speed":[0.0,0.0,0.0,0.0],"HitFreq":0.0,"Hit_Type":0,"Init_Time":0.0,"Is_Boner":false,"Is_Dissolve":false,"Life_Time":0.30000001192092896,"Mask_Max_UV":[1.0,1.0,0.0,0.0],"Mask_Min_UV":[0.0,0.0,0.0,0.0],"Mask_Start_UV":[0.0,0.0,0.0,0.0],"Mask_UV_Force":[0.0,0.0,0.0,0.0],"Mask_UV_Speed":[0.0,0.0,0.0,0.0],"Max_Color":[0.0,0.0,0.0,0.0],"Max_Rotation":[0.0,0.0,0.0,0.0],"Max_Scale":[1.1754943508222875e-38,1.1754943508222875e-38,1.1754943508222875e-38,0.0],"Max_Speed":[0.0,0.0,0.0,0.0],"Min_Color":[0.0,0.0,0.0,0.0],"Min_Scale":[0.0,0.0,0.0,0.0],"Min_Speed":[0.0,0.0,0.0,0.0],"Move_By_Mesh":false,"Name":"EffectMesh0455","Noise_Max_UV":[1.0,1.0,0.0,0.0],"Noise_Min_UV":[0.0,0.0,0.0,0.0],"Noise_Start_UV":[0.0,0.0,0.0,0.0],"Noise_UV_Force":[0.0,0.0,0.0,0.0],"Noise_UV_Speed":[0.0,0.0,0.0,0.0],"OnCollision_Disable_Effect_Group":false,"OnCollision_Use_Effect_Group":false,"OnCollision_Use_Effect_Group_Name":"","Option_Type":8,"Rotation_Force":[0.0,0.0,0.0,0.0],"Rotation_Speed":[0.0,0.0,0.0,0.0],"Scale_Force":[0.0,0.0,0.0,0.0],"Scale_Speed":[0.0,0.0,0.0,0.0],"Shader_Pass_Index":0,"Speed":[0.0,0.0,0.0,0.0],"Start_Color":[0.0,0.0,0.0,0.0],"Start_Glow_Color":[0.0,0.0,0.0,0.0],"Start_Position":[0.0,1.0,0.0,0.0],"Start_Rotation":[0.0,0.0,0.0,0.0],"Start_Scale":[1.1754943508222875e-38,1.1754943508222875e-38,1.1754943508222875e-38,0.0],"Sync_Animation":false,"Sync_AnimationKey":80,"Sync_Transform":true,"Sync_Transform_to_Effect":false,"UV_Diffuse_Index":0,"UV_Diffuse_Wrap_Option":true,"UV_Mask_Index":0,"UV_Mask_Wrap_Option":true,"UV_Noise_Index":0,"UV_Noise_Wrap_Option":true,"UV_Wrap_Weight":[1.0,1.0,1.0,1.0],"Weapon_LifeTime":0.30000001192092896,"Weapon_Offset":[0.0,1.0,3.0,0.0],"Weapon_Scale":1.5}},"EffectMeshCount":2,"EffectParticle":{"0":{"Diffuse_Start_UV":[0.0,0.0,0.0,0.0],"Diffuse_UV_Max":[1.0,1.0,0.0,0.0],"Diffuse_XInverse":false,"Diffuse_YInverse":false,"Discard_Ratio":0.8999999761581421,"Follow_Transform":0,"Init_Time":0.0,"Is_Looping":false,"Mask_Start_UV":[0.0,0.0,0.0,0.0],"Mask_UV_Max":[1.0,1.0,0.0,0.0],"Max_Color":[1.0,1.0,1.0,1.0],"Max_Instance":50,"Max_Limit_Speed":[0.0,0.0,0.0,0.0],"Max_Scale":[5.0,1.0,0.0,0.0],"Max_Scale_Force":[-0.10000000149011612,0.0,0.0,0.0],"Max_Speed":[-5.0,0.0,0.0,0.0],"Max_Start_Color":[1.0,1.0,1.0,1.0],"Max_Start_Rotation":[3.141590118408203,-1.5700000524520874,0.785398006439209,0.0],"Max_Start_Scale":[5.0,1.0,0.0,0.0],"Max_Y_Scale_Ratio":0.009999999776482582,"Min_Life_Time":1.0,"Min_Limit_Speed":[-5.0,0.0,0.0,0.0],"Min_Scale":[0.0,0.0,0.0,0.0],"Min_Scale_Force":[-0.5,0.0,0.0,0.0],"Min_Spawn_Offset_Direction":[0.0,0.0,0.0,0.0],"Min_Spawn_Offset_Range":[0.0,0.0,0.0,0.0],"Min_Spawn_Position":[0.019999999552965164,0.8700000047683716,1.2000000476837158,0.0],"Min_Spawn_Time":0.0,"Min_Speed":[-2.5,0.0,0.0,0.0],"Min_Start_Color":[1.0,1.0,1.0,1.0],"Min_Start_Rotation":[-3.141590118408203,-1.5700000524520874,0.0,0.0],"Min_Start_Scale":[1.0,1.0,0.0,0.0],"Min_Y_Scale_Ratio":0.0010000000474974513,"Name":"RectEffect.png","Noise_Start_UV":[0.0,0.0,0.0,0.0],"Noise_UV_Max":[1.0,1.0,0.0,0.0],"ParticleOption1":128,"ParticleOption2":2,"ParticleOption3":18,"ParticleOption4":0,"ParticleOption5":0,"ParticleOption6":3,"ParticleType":0,"Render_Group":7,"ShaderPassIndex":1,"Start_Glow_Color":[1.0,1.0,1.0,1.0],"Sync_Animation":false,"Sync_AnimationKey":80,"UV_Diffuse_Index":0,"UV_Mask_Index":899,"UV_Noise_Index":0},"1":{"Diffuse_Start_UV":[0.0,0.0,0.0,0.0],"Diffuse_UV_Max":[1.0,1.0,0.0,0.0],"Diffuse_XInverse":false,"Diffuse_YInverse":false,"Discard_Ratio":0.8999999761581421,"Follow_Transform":0,"Init_Time":0.02500000037252903,"Is_Looping":false,"Mask_Start_UV":[0.0,0.0,0.0,0.0],"Mask_UV_Max":[1.0,1.0,0.0,0.0],"Max_Color":[1.0,1.0,1.0,1.0],"Max_Instance":50,"Max_Limit_Speed":[0.0,0.0,0.0,0.0],"Max_Scale":[5.0,1.0,0.0,0.0],"Max_Scale_Force":[-0.10000000149011612,0.0,0.0,0.0],"Max_Speed":[-5.0,0.0,0.0,0.0],"Max_Start_Color":[1.0,1.0,1.0,1.0],"Max_Start_Rotation":[3.141590118408203,-1.5700000524520874,0.785398006439209,0.0],"Max_Start_Scale":[5.0,1.0,0.0,0.0],"Max_Y_Scale_Ratio":0.009999999776482582,"Min_Life_Time":1.0,"Min_Limit_Speed":[-5.0,0.0,0.0,0.0],"Min_Scale":[0.0,0.0,0.0,0.0],"Min_Scale_Force":[-0.5,0.0,0.0,0.0],"Min_Spawn_Offset_Direction":[0.0,0.0,0.0,0.0],"Min_Spawn_Offset_Range":[0.0,0.0,0.0,0.0],"Min_Spawn_Position":[0.019999999552965164,0.8700000047683716,1.7000000476837158,0.0],"Min_Spawn_Time":0.0,"Min_Speed":[-2.5,0.0,0.0,0.0],"Min_Start_Color":[1.0,1.0,1.0,1.0],"Min_Start_Rotation":[-3.141590118408203,-1.5700000524520874,0.0,0.0],"Min_Start_Scale":[1.0,1.0,0.0,0.0],"Min_Y_Scale_Ratio":0.0010000000474974513,"Name":"RectEffect.png","Noise_Start_UV":[0.0,0.0,0.0,0.0],"Noise_UV_Max":[1.0,1.0,0.0,0.0],"ParticleOption1":128,"ParticleOption2":2,"ParticleOption3":18,"ParticleOption4":0,"ParticleOption5":0,"ParticleOption6":3,"ParticleType":0,"Render_Group":7,"ShaderPassIndex":1,"Start_Glow_Color":[1.0,1.0,1.0,1.0],"Sync_Animation":false,"Sync_AnimationKey":80,"UV_Diffuse_Index":0,"UV_Mask_Index":899,"UV_Noise_Index":0},"10":{"Diffuse_Start_UV":[0.0,0.0,0.0,0.0],"Diffuse_UV_Max":[1.0,1.0,0.0,0.0],"Diffuse_XInverse":false,"Diffuse_YInverse":false,"Discard_Ratio":0.8999999761581421,"Follow_Transform":0,"Init_Time":0.17399999499320984,"Is_Looping":false,"Mask_Start_UV":[0.0,0.0,0.0,0.0],"Mask_UV_Max":[1.0,1.0,0.0,0.0],"Max_Color":[1.0,1.0,1.0,1.0],"Max_Instance":500,"Max_Limit_Speed":[0.0,0.0,0.0,0.0],"Max_Scale":[5.0,1.0,0.0,0.0],"Max_Scale_Force":[-0.10000000149011612,0.0,0.0,0.0],"Max_Speed":[-5.0,0.0,0.0,0.0],"Max_Start_Color":[1.0,1.0,1.0,1.0],"Max_Start_Rotation":[3.141590118408203,-1.5700000524520874,0.785398006439209,0.0],"Max_Start_Scale":[5.0,1.0,0.0,0.0],"Max_Y_Scale_Ratio":0.009999999776482582,"Min_Life_Time":1.0,"Min_Limit_Speed":[-5.0,0.0,0.0,0.0],"Min_Scale":[0.0,0.0,0.0,0.0],"Min_Scale_Force":[-0.5,0.0,0.0,0.0],"Min_Spawn_Offset_Direction":[0.0,0.0,0.0,0.0],"Min_Spawn_Offset_Range":[0.0,0.0,0.0,0.0],"Min_Spawn_Position":[0.019999999552965164,0.8700000047683716,6.199999809265137,0.0],"Min_Spawn_Time":0.0,"Min_Speed":[-2.5,0.0,0.0,0.0],"Min_Start_Color":[1.0,1.0,1.0,1.0],"Min_Start_Rotation":[-3.141590118408203,-1.5700000524520874,0.0,0.0],"Min_Start_Scale":[1.0,1.0,0.0,0.0],"Min_Y_Scale_Ratio":0.0010000000474974513,"Name":"RectEffect.png","Noise_Start_UV":[0.0,0.0,0.0,0.0],"Noise_UV_Max":[1.0,1.0,0.0,0.0],"ParticleOption1":128,"ParticleOption2":2,"ParticleOption3":18,"ParticleOption4":0,"ParticleOption5":0,"ParticleOption6":3,"ParticleType":0,"Render_Group":7,"ShaderPassIndex":1,"Start_Glow_Color":[1.0,1.0,1.0,1.0],"Sync_Animation":false,"Sync_AnimationKey":80,"UV_Diffuse_Index":0,"UV_Mask_Index":899,"UV_Noise_Index":0},"2":{"Diffuse_Start_UV":[0.0,0.0,0.0,0.0],"Diffuse_UV_Max":[1.0,1.0,0.0,0.0],"Diffuse_XInverse":false,"Diffuse_YInverse":false,"Discard_Ratio":0.8999999761581421,"Follow_Transform":0,"Init_Time":0.05000000074505806,"Is_Looping":false,"Mask_Start_UV":[0.0,0.0,0.0,0.0],"Mask_UV_Max":[1.0,1.0,0.0,0.0],"Max_Color":[1.0,1.0,1.0,1.0],"Max_Instance":50,"Max_Limit_Speed":[0.0,0.0,0.0,0.0],"Max_Scale":[5.0,1.0,0.0,0.0],"Max_Scale_Force":[-0.10000000149011612,0.0,0.0,0.0],"Max_Speed":[-5.0,0.0,0.0,0.0],"Max_Start_Color":[1.0,1.0,1.0,1.0],"Max_Start_Rotation":[3.141590118408203,-1.5700000524520874,0.785398006439209,0.0],"Max_Start_Scale":[5.0,1.0,0.0,0.0],"Max_Y_Scale_Ratio":0.009999999776482582,"Min_Life_Time":1.0,"Min_Limit_Speed":[-5.0,0.0,0.0,0.0],"Min_Scale":[0.0,0.0,0.0,0.0],"Min_Scale_Force":[-0.5,0.0,0.0,0.0],"Min_Spawn_Offset_Direction":[0.0,0.0,0.0,0.0],"Min_Spawn_Offset_Range":[0.0,0.0,0.0,0.0],"Min_Spawn_Position":[0.019999999552965164,0.8700000047683716,2.200000047683716,0.0],"Min_Spawn_Time":0.0,"Min_Speed":[-2.5,0.0,0.0,0.0],"Min_Start_Color":[1.0,1.0,1.0,1.0],"Min_Start_Rotation":[-3.141590118408203,-1.5700000524520874,0.0,0.0],"Min_Start_Scale":[1.0,1.0,0.0,0.0],"Min_Y_Scale_Ratio":0.0010000000474974513,"Name":"RectEffect.png","Noise_Start_UV":[0.0,0.0,0.0,0.0],"Noise_UV_Max":[1.0,1.0,0.0,0.0],"ParticleOption1":128,"ParticleOption2":2,"ParticleOption3":18,"ParticleOption4":0,"ParticleOption5":0,"ParticleOption6":3,"ParticleType":0,"Render_Group":7,"ShaderPassIndex":1,"Start_Glow_Color":[1.0,1.0,1.0,1.0],"Sync_Animation":false,"Sync_AnimationKey":80,"UV_Diffuse_Index":0,"UV_Mask_Index":899,"UV_Noise_Index":0},"3":{"Diffuse_Start_UV":[0.0,0.0,0.0,0.0],"Diffuse_UV_Max":[1.0,1.0,0.0,0.0],"Diffuse_XInverse":false,"Diffuse_YInverse":false,"Discard_Ratio":0.8999999761581421,"Follow_Transform":0,"Init_Time":0.07500000298023224,"Is_Looping":false,"Mask_Start_UV":[0.0,0.0,0.0,0.0],"Mask_UV_Max":[1.0,1.0,0.0,0.0],"Max_Color":[1.0,1.0,1.0,1.0],"Max_Instance":50,"Max_Limit_Speed":[0.0,0.0,0.0,0.0],"Max_Scale":[5.0,1.0,0.0,0.0],"Max_Scale_Force":[-0.10000000149011612,0.0,0.0,0.0],"Max_Speed":[-5.0,0.0,0.0,0.0],"Max_Start_Color":[1.0,1.0,1.0,1.0],"Max_Start_Rotation":[3.141590118408203,-1.5700000524520874,0.785398006439209,0.0],"Max_Start_Scale":[5.0,1.0,0.0,0.0],"Max_Y_Scale_Ratio":0.009999999776482582,"Min_Life_Time":1.0,"Min_Limit_Speed":[-5.0,0.0,0.0,0.0],"Min_Scale":[0.0,0.0,0.0,0.0],"Min_Scale_Force":[-0.5,0.0,0.0,0.0],"Min_Spawn_Offset_Direction":[0.0,0.0,0.0,0.0],"Min_Spawn_Offset_Range":[0.0,0.0,0.0,0.0],"Min_Spawn_Position":[0.019999999552965164,0.8700000047683716,2.700000047683716,0.0],"Min_Spawn_Time":0.0,"Min_Speed":[-2.5,0.0,0.0,0.0],"Min_Start_Color":[1.0,1.0,1.0,1.0],"Min_Start_Rotation":[-3.141590118408203,-1.5700000524520874,0.0,0.0],"Min_Start_Scale":[1.0,1.0,0.0,0.0],"Min_Y_Scale_Ratio":0.0010000000474974513,"Name":"RectEffect.png","Noise_Start_UV":[0.0,0.0,0.0,0.0],"Noise_UV_Max":[1.0,1.0,0.0,0.0],"ParticleOption1":128,"ParticleOption2":2,"ParticleOption3":18,"ParticleOption4":0,"ParticleOption5":0,"ParticleOption6":3,"ParticleType":0,"Render_Group":7,"ShaderPassIndex":1,"Start_Glow_Color":[1.0,1.0,1.0,1.0],"Sync_Animation":false,"Sync_AnimationKey":80,"UV_Diffuse_Index":0,"UV_Mask_Index":899,"UV_Noise_Index":0},"4":{"Diffuse_Start_UV":[0.0,0.0,0.0,0.0],"Diffuse_UV_Max":[1.0,1.0,0.0,0.0],"Diffuse_XInverse":false,"Diffuse_YInverse":false,"Discard_Ratio":0.8999999761581421,"Follow_Transform":0,"Init_Time":0.10000000149011612,"Is_Looping":false,"Mask_Start_UV":[0.0,0.0,0.0,0.0],"Mask_UV_Max":[1.0,1.0,0.0,0.0],"Max_Color":[1.0,1.0,1.0,1.0],"Max_Instance":50,"Max_Limit_Speed":[0.0,0.0,0.0,0.0],"Max_Scale":[5.0,1.0,0.0,0.0],"Max_Scale_Force":[-0.10000000149011612,0.0,0.0,0.0],"Max_Speed":[-5.0,0.0,0.0,0.0],"Max_Start_Color":[1.0,1.0,1.0,1.0],"Max_Start_Rotation":[3.141590118408203,-1.5700000524520874,0.785398006439209,0.0],"Max_Start_Scale":[5.0,1.0,0.0,0.0],"Max_Y_Scale_Ratio":0.009999999776482582,"Min_Life_Time":1.0,"Min_Limit_Speed":[-5.0,0.0,0.0,0.0],"Min_Scale":[0.0,0.0,0.0,0.0],"Min_Scale_Force":[-0.5,0.0,0.0,0.0],"Min_Spawn_Offset_Direction":[0.0,0.0,0.0,0.0],"Min_Spawn_Offset_Range":[0.0,0.0,0.0,0.0],"Min_Spawn_Position":[0.019999999552965164,0.8700000047683716,3.200000047683716,0.0],"Min_Spawn_Time":0.0,"Min_Speed":[-2.5,0.0,0.0,0.0],"Min_Start_Color":[1.0,1.0,1.0,1.0],"Min_Start_Rotation":[-3.141590118408203,-1.5700000524520874,0.0,0.0],"Min_Start_Scale":[1.0,1.0,0.0,0.0],"Min_Y_Scale_Ratio":0.0010000000474974513,"Name":"RectEffect.png","Noise_Start_UV":[0.0,0.0,0.0,0.0],"Noise_UV_Max":[1.0,1.0,0.0,0.0],"ParticleOption1":128,"ParticleOption2":2,"ParticleOption3":18,"ParticleOption4":0,"ParticleOption5":0,"ParticleOption6":3,"ParticleType":0,"Render_Group":7,"ShaderPassIndex":1,"Start_Glow_Color":[1.0,1.0,1.0,1.0],"Sync_Animation":false,"Sync_AnimationKey":80,"UV_Diffuse_Index":0,"UV_Mask_Index":899,"UV_Noise_Index":0},"5":{"Diffuse_Start_UV":[0.0,0.0,0.0,0.0],"Diffuse_UV_Max":[1.0,1.0,0.0,0.0],"Diffuse_XInverse":false,"Diffuse_YInverse":false,"Discard_Ratio":0.8999999761581421,"Follow_Transform":0,"Init_Time":0.11249999701976776,"Is_Looping":false,"Mask_Start_UV":[0.0,0.0,0.0,0.0],"Mask_UV_Max":[1.0,1.0,0.0,0.0],"Max_Color":[1.0,1.0,1.0,1.0],"Max_Instance":50,"Max_Limit_Speed":[0.0,0.0,0.0,0.0],"Max_Scale":[5.0,1.0,0.0,0.0],"Max_Scale_Force":[-0.10000000149011612,0.0,0.0,0.0],"Max_Speed":[-5.0,0.0,0.0,0.0],"Max_Start_Color":[1.0,1.0,1.0,1.0],"Max_Start_Rotation":[3.141590118408203,-1.5700000524520874,0.785398006439209,0.0],"Max_Start_Scale":[5.0,1.0,0.0,0.0],"Max_Y_Scale_Ratio":0.009999999776482582,"Min_Life_Time":1.0,"Min_Limit_Speed":[-5.0,0.0,0.0,0.0],"Min_Scale":[0.0,0.0,0.0,0.0],"Min_Scale_Force":[-0.5,0.0,0.0,0.0],"Min_Spawn_Offset_Direction":[0.0,0.0,0.0,0.0],"Min_Spawn_Offset_Range":[0.0,0.0,0.0,0.0],"Min_Spawn_Position":[0.019999999552965164,0.8700000047683716,3.700000047683716,0.0],"Min_Spawn_Time":0.0,"Min_Speed":[-2.5,0.0,0.0,0.0],"Min_Start_Color":[1.0,1.0,1.0,1.0],"Min_Start_Rotation":[-3.141590118408203,-1.5700000524520874,0.0,0.0],"Min_Start_Scale":[1.0,1.0,0.0,0.0],"Min_Y_Scale_Ratio":0.0010000000474974513,"Name":"RectEffect.png","Noise_Start_UV":[0.0,0.0,0.0,0.0],"Noise_UV_Max":[1.0,1.0,0.0,0.0],"ParticleOption1":128,"ParticleOption2":2,"ParticleOption3":18,"ParticleOption4":0,"ParticleOption5":0,"ParticleOption6":3,"ParticleType":0,"Render_Group":7,"ShaderPassIndex":1,"Start_Glow_Color":[1.0,1.0,1.0,1.0],"Sync_Animation":false,"Sync_AnimationKey":80,"UV_Diffuse_Index":0,"UV_Mask_Index":899,"UV_Noise_Index":0},"6":{"Diffuse_Start_UV":[0.0,0.0,0.0,0.0],"Diffuse_UV_Max":[1.0,1.0,0.0,0.0],"Diffuse_XInverse":false,"Diffuse_YInverse":false,"Discard_Ratio":0.8999999761581421,"Follow_Transform":0,"Init_Time":0.12449999898672104,"Is_Looping":false,"Mask_Start_UV":[0.0,0.0,0.0,0.0],"Mask_UV_Max":[1.0,1.0,0.0,0.0],"Max_Color":[1.0,1.0,1.0,1.0],"Max_Instance":100,"Max_Limit_Speed":[0.0,0.0,0.0,0.0],"Max_Scale":[5.0,1.0,0.0,0.0],"Max_Scale_Force":[-0.10000000149011612,0.0,0.0,0.0],"Max_Speed":[-5.0,0.0,0.0,0.0],"Max_Start_Color":[1.0,1.0,1.0,1.0],"Max_Start_Rotation":[3.141590118408203,-1.5700000524520874,0.785398006439209,0.0],"Max_Start_Scale":[5.0,1.0,0.0,0.0],"Max_Y_Scale_Ratio":0.009999999776482582,"Min_Life_Time":1.0,"Min_Limit_Speed":[-5.0,0.0,0.0,0.0],"Min_Scale":[0.0,0.0,0.0,0.0],"Min_Scale_Force":[-0.5,0.0,0.0,0.0],"Min_Spawn_Offset_Direction":[0.0,0.0,0.0,0.0],"Min_Spawn_Offset_Range":[0.0,0.0,0.0,0.0],"Min_Spawn_Position":[0.019999999552965164,0.8700000047683716,4.199999809265137,0.0],"Min_Spawn_Time":0.0,"Min_Speed":[-2.5,0.0,0.0,0.0],"Min_Start_Color":[1.0,1.0,1.0,1.0],"Min_Start_Rotation":[-3.141590118408203,-1.5700000524520874,0.0,0.0],"Min_Start_Scale":[1.0,1.0,0.0,0.0],"Min_Y_Scale_Ratio":0.0010000000474974513,"Name":"RectEffect.png","Noise_Start_UV":[0.0,0.0,0.0,0.0],"Noise_UV_Max":[1.0,1.0,0.0,0.0],"ParticleOption1":128,"ParticleOption2":2,"ParticleOption3":18,"ParticleOption4":0,"ParticleOption5":0,"ParticleOption6":3,"ParticleType":0,"Render_Group":7,"ShaderPassIndex":1,"Start_Glow_Color":[1.0,1.0,1.0,1.0],"Sync_Animation":false,"Sync_AnimationKey":80,"UV_Diffuse_Index":0,"UV_Mask_Index":899,"UV_Noise_Index":0},"7":{"Diffuse_Start_UV":[0.0,0.0,0.0,0.0],"Diffuse_UV_Max":[1.0,1.0,0.0,0.0],"Diffuse_XInverse":false,"Diffuse_YInverse":false,"Discard_Ratio":0.8999999761581421,"Follow_Transform":0,"Init_Time":0.13699999451637268,"Is_Looping":false,"Mask_Start_UV":[0.0,0.0,0.0,0.0],"Mask_UV_Max":[1.0,1.0,0.0,0.0],"Max_Color":[1.0,1.0,1.0,1.0],"Max_Instance":200,"Max_Limit_Speed":[0.0,0.0,0.0,0.0],"Max_Scale":[5.0,1.0,0.0,0.0],"Max_Scale_Force":[-0.10000000149011612,0.0,0.0,0.0],"Max_Speed":[-5.0,0.0,0.0,0.0],"Max_Start_Color":[1.0,1.0,1.0,1.0],"Max_Start_Rotation":[3.141590118408203,-1.5700000524520874,0.785398006439209,0.0],"Max_Start_Scale":[5.0,1.0,0.0,0.0],"Max_Y_Scale_Ratio":0.009999999776482582,"Min_Life_Time":1.0,"Min_Limit_Speed":[-5.0,0.0,0.0,0.0],"Min_Scale":[0.0,0.0,0.0,0.0],"Min_Scale_Force":[-0.5,0.0,0.0,0.0],"Min_Spawn_Offset_Direction":[0.0,0.0,0.0,0.0],"Min_Spawn_Offset_Range":[0.0,0.0,0.0,0.0],"Min_Spawn_Position":[0.019999999552965164,0.8700000047683716,4.699999809265137,0.0],"Min_Spawn_Time":0.0,"Min_Speed":[-2.5,0.0,0.0,0.0],"Min_Start_Color":[1.0,1.0,1.0,1.0],"Min_Start_Rotation":[-3.141590118408203,-1.5700000524520874,0.0,0.0],"Min_Start_Scale":[1.0,1.0,0.0,0.0],"Min_Y_Scale_Ratio":0.0010000000474974513,"Name":"RectEffect.png","Noise_Start_UV":[0.0,0.0,0.0,0.0],"Noise_UV_Max":[1.0,1.0,0.0,0.0],"ParticleOption1":128,"ParticleOption2":2,"ParticleOption3":18,"ParticleOption4":0,"ParticleOption5":0,"ParticleOption6":3,"ParticleType":0,"Render_Group":7,"ShaderPassIndex":1,"Start_Glow_Color":[1.0,1.0,1.0,1.0],"Sync_Animation":false,"Sync_AnimationKey":80,"UV_Diffuse_Index":0,"UV_Mask_Index":899,"UV_Noise_Index":0},"8":{"Diffuse_Start_UV":[0.0,0.0,0.0,0.0],"Diffuse_UV_Max":[1.0,1.0,0.0,0.0],"Diffuse_XInverse":false,"Diffuse_YInverse":false,"Discard_Ratio":0.8999999761581421,"Follow_Transform":0,"Init_Time":0.14949999749660492,"Is_Looping":false,"Mask_Start_UV":[0.0,0.0,0.0,0.0],"Mask_UV_Max":[1.0,1.0,0.0,0.0],"Max_Color":[1.0,1.0,1.0,1.0],"Max_Instance":300,"Max_Limit_Speed":[0.0,0.0,0.0,0.0],"Max_Scale":[5.0,1.0,0.0,0.0],"Max_Scale_Force":[-0.10000000149011612,0.0,0.0,0.0],"Max_Speed":[-5.0,0.0,0.0,0.0],"Max_Start_Color":[1.0,1.0,1.0,1.0],"Max_Start_Rotation":[3.141590118408203,-1.5700000524520874,0.785398006439209,0.0],"Max_Start_Scale":[5.0,1.0,0.0,0.0],"Max_Y_Scale_Ratio":0.009999999776482582,"Min_Life_Time":1.0,"Min_Limit_Speed":[-5.0,0.0,0.0,0.0],"Min_Scale":[0.0,0.0,0.0,0.0],"Min_Scale_Force":[-0.5,0.0,0.0,0.0],"Min_Spawn_Offset_Direction":[0.0,0.0,0.0,0.0],"Min_Spawn_Offset_Range":[0.0,0.0,0.0,0.0],"Min_Spawn_Position":[0.019999999552965164,0.8700000047683716,5.199999809265137,0.0],"Min_Spawn_Time":0.0,"Min_Speed":[-2.5,0.0,0.0,0.0],"Min_Start_Color":[1.0,1.0,1.0,1.0],"Min_Start_Rotation":[-3.141590118408203,-1.5700000524520874,0.0,0.0],"Min_Start_Scale":[1.0,1.0,0.0,0.0],"Min_Y_Scale_Ratio":0.0010000000474974513,"Name":"RectEffect.png","Noise_Start_UV":[0.0,0.0,0.0,0.0],"Noise_UV_Max":[1.0,1.0,0.0,0.0],"ParticleOption1":128,"ParticleOption2":2,"ParticleOption3":18,"ParticleOption4":0,"ParticleOption5":0,"ParticleOption6":3,"ParticleType":0,"Render_Group":7,"ShaderPassIndex":1,"Start_Glow_Color":[1.0,1.0,1.0,1.0],"Sync_Animation":false,"Sync_AnimationKey":80,"UV_Diffuse_Index":0,"UV_Mask_Index":899,"UV_Noise_Index":0},"9":{"Diffuse_Start_UV":[0.0,0.0,0.0,0.0],"Diffuse_UV_Max":[1.0,1.0,0.0,0.0],"Diffuse_XInverse":false,"Diffuse_YInverse":false,"Discard_Ratio":0.8999999761581421,"Follow_Transform":0,"Init_Time":0.16200000047683716,"Is_Looping":false,"Mask_Start_UV":[0.0,0.0,0.0,0.0],"Mask_UV_Max":[1.0,1.0,0.0,0.0],"Max_Color":[1.0,1.0,1.0,1.0],"Max_Instance":400,"Max_Limit_Speed":[0.0,0.0,0.0,0.0],"Max_Scale":[5.0,1.0,0.0,0.0],"Max_Scale_Force":[-0.10000000149011612,0.0,0.0,0.0],"Max_Speed":[-5.0,0.0,0.0,0.0],"Max_Start_Color":[1.0,1.0,1.0,1.0],"Max_Start_Rotation":[3.141590118408203,-1.5700000524520874,0.785398006439209,0.0],"Max_Start_Scale":[5.0,1.0,0.0,0.0],"Max_Y_Scale_Ratio":0.009999999776482582,"Min_Life_Time":1.0,"Min_Limit_Speed":[-5.0,0.0,0.0,0.0],"Min_Scale":[0.0,0.0,0.0,0.0],"Min_Scale_Force":[-0.5,0.0,0.0,0.0],"Min_Spawn_Offset_Direction":[0.0,0.0,0.0,0.0],"Min_Spawn_Offset_Range":[0.0,0.0,0.0,0.0],"Min_Spawn_Position":[0.019999999552965164,0.8700000047683716,5.699999809265137,0.0],"Min_Spawn_Time":0.0,"Min_Speed":[-2.5,0.0,0.0,0.0],"Min_Start_Color":[1.0,1.0,1.0,1.0],"Min_Start_Rotation":[-3.141590118408203,-1.5700000524520874,0.0,0.0],"Min_Start_Scale":[1.0,1.0,0.0,0.0],"Min_Y_Scale_Ratio":0.0010000000474974513,"Name":"RectEffect.png","Noise_Start_UV":[0.0,0.0,0.0,0.0],"Noise_UV_Max":[1.0,1.0,0.0,0.0],"ParticleOption1":128,"ParticleOption2":2,"ParticleOption3":18,"ParticleOption4":0,"ParticleOption5":0,"ParticleOption6":3,"ParticleType":0,"Render_Group":7,"ShaderPassIndex":1,"Start_Glow_Color":[1.0,1.0,1.0,1.0],"Sync_Animation":false,"Sync_AnimationKey":80,"UV_Diffuse_Index":0,"UV_Mask_Index":899,"UV_Noise_Index":0}},"EffectParticleCount":11}
