{"EffectGroupName":"Urd_SP_HandAwakening_Phase2","EffectMeshCount":0,"EffectParticle":{"0":{"Bone_Name":"hand_l","Diffuse_Start_UV":[0.0,0.0,0.0,0.0],"Diffuse_UV_Max":[1.0,1.0,0.0,0.0],"Diffuse_XInverse":false,"Diffuse_YInverse":false,"Discard_Ratio":0.8999999761581421,"Follow_Transform":1,"Init_Time":0.0,"Is_Looping":false,"Mask_Start_UV":[0.0,0.0,0.0,0.0],"Mask_UV_Max":[1.0,1.0,0.0,0.0],"Max_Color":[1.0,1.0,1.0,1.0],"Max_Instance":500,"Max_Limit_Speed":[0.0,0.0,0.30000001192092896,0.0],"Max_Scale":[1.0,1.0,0.0,0.0],"Max_Scale_Force":[-9.999999747378752e-05,-9.999999747378752e-05,0.0,0.0],"Max_Spawn_Offset_Direction":[1.0,1.0,1.0,0.0],"Max_Spawn_Offset_Range":[0.10000000149011612,0.10000000149011612,0.10000000149011612,0.0],"Max_Spawn_Time":2.0450000762939453,"Max_Speed":[0.0,0.0,0.30000001192092896,0.0],"Max_Start_Color":[1.0,1.0,1.0,1.0],"Max_Start_Rotation":[3.140000104904175,3.140000104904175,3.140000104904175,0.0],"Max_Start_Scale":[0.029999999329447746,0.029999999329447746,0.0,0.0],"Min_Life_Time":3.0,"Min_Limit_Speed":[0.0,0.0,0.0010000000474974513,0.0],"Min_Scale":[0.0,0.0,0.0,0.0],"Min_Scale_Force":[-9.999999747378752e-05,-9.999999747378752e-05,0.0,0.0],"Min_Spawn_Offset_Direction":[-1.0,-1.0,-1.0,0.0],"Min_Spawn_Offset_Range":[-0.10000000149011612,-0.10000000149011612,-0.10000000149011612,0.0],"Min_Spawn_Position":[0.10000000149011612,0.05000000074505806,0.0,0.0],"Min_Spawn_Time":0.0,"Min_Speed":[0.0,0.0,0.0,0.0],"Min_Start_Color":[1.0,1.0,1.0,1.0],"Min_Start_Rotation":[-3.140000104904175,-3.140000104904175,-3.140000104904175,0.0],"Min_Start_Scale":[0.009999999776482582,0.009999999776482582,0.0,0.0],"Name":"RectEffect.png","Noise_Start_UV":[0.0,0.0,0.0,0.0],"Noise_UV_Max":[1.0,1.0,0.0,0.0],"ParticleOption1":234,"ParticleOption2":2,"ParticleOption3":17,"ParticleOption4":0,"ParticleOption5":0,"ParticleOption6":3,"ParticleType":3,"Render_Group":7,"ShaderPassIndex":1,"Start_Glow_Color":[0.5,0.800000011920929,1.0,1.0],"Sync_Animation":false,"Sync_AnimationKey":62,"UV_Diffuse_Index":0,"UV_Mask_Index":1,"UV_Noise_Index":0}},"EffectParticleCount":1}
