{"EffectGroupName":"Urd_Atk02_DrawParticle","EffectMeshCount":0,"EffectParticle":{"0":{"Bone_Name":"weapon_r","Diffuse_Start_UV":[0.0,0.0,0.0,0.0],"Diffuse_UV_Max":[1.0,1.0,0.0,0.0],"Diffuse_XInverse":false,"Diffuse_YInverse":false,"Discard_Ratio":0.8999999761581421,"Follow_Transform":1,"Init_Time":0.0,"Is_Looping":false,"Mask_Start_UV":[0.0,0.0,0.0,0.0],"Mask_UV_Max":[1.0,1.0,0.0,0.0],"Max_Color":[1.0,1.0,1.0,1.0],"Max_Instance":250,"Max_Limit_Speed":[0.0,0.0,0.0,0.0],"Max_Scale":[3.0,1.0,0.0,0.0],"Max_Scale_Force":[0.0,-0.003000000026077032,0.0,0.0],"Max_Spawn_Time":0.3319999873638153,"Max_Start_Color":[1.0,1.0,1.0,1.0],"Max_Start_Rotation":[3.140000104904175,0.0,0.0,0.0],"Max_Start_Scale":[1.7000000476837158,0.009999999776482582,0.0,0.0],"Min_Life_Time":0.25,"Min_Limit_Speed":[0.0,0.0,0.0,0.0],"Min_Scale":[0.0,0.0,0.0,0.0],"Min_Scale_Force":[0.0,-0.003000000026077032,0.0,0.0],"Min_Spawn_Offset_Direction":[0.0,0.0,0.0,0.0],"Min_Spawn_Offset_Range":[0.0,0.0,0.0,0.0],"Min_Spawn_Position":[0.6600000262260437,0.0,0.0,0.0],"Min_Spawn_Time":0.0,"Min_Start_Color":[1.0,1.0,1.0,1.0],"Min_Start_Rotation":[-3.140000104904175,0.0,0.0,0.0],"Min_Start_Scale":[1.7000000476837158,0.009999999776482582,0.0,0.0],"Name":"RectEffect.png","Noise_Start_UV":[0.0,0.0,0.0,0.0],"Noise_UV_Max":[1.0,1.0,0.0,0.0],"ParticleOption1":138,"ParticleOption2":0,"ParticleOption3":16,"ParticleOption4":0,"ParticleOption5":0,"ParticleOption6":3,"ParticleType":0,"Render_Group":7,"ShaderPassIndex":1,"Start_Glow_Color":[1.0,1.0,1.0,1.0],"Sync_Animation":false,"Sync_AnimationKey":124,"UV_Diffuse_Index":0,"UV_Mask_Index":1,"UV_Noise_Index":0}},"EffectParticleCount":1}
