{"EffectGroupName":"Urd_Start_Impact","EffectMeshCount":0,"EffectParticle":{"0":{"Diffuse_Start_UV":[0.0,0.0,0.0,0.0],"Diffuse_UV_Max":[1.0,1.0,0.0,0.0],"Diffuse_XInverse":false,"Diffuse_YInverse":false,"Discard_Ratio":0.0,"Follow_Transform":0,"Init_Time":0.0,"Is_Looping":false,"Mask_Start_UV":[0.0,0.0,0.0,0.0],"Mask_UV_Max":[1.0,1.0,0.0,0.0],"Max_Color":[1.0,1.0,1.0,1.0],"Max_Color_Speed":[0.0,0.0,0.0,-1.0],"Max_Instance":1,"Max_Limit_Speed":[0.0,0.0,0.0,0.0],"Max_Scale":[6.0,6.0,0.0,0.0],"Max_Start_Color":[1.0,1.0,1.0,1.0],"Max_Start_Rotation":[1.5700000524520874,3.140000104904175,0.0,0.0],"Max_Start_Scale":[6.0,6.0,0.0,0.0],"Min_Color_Speed":[0.0,0.0,0.0,-1.0],"Min_Life_Time":1.0,"Min_Limit_Speed":[0.0,0.0,0.0,0.0],"Min_Scale":[0.0,0.0,0.0,0.0],"Min_Spawn_Offset_Direction":[0.0,0.0,0.0,0.0],"Min_Spawn_Offset_Range":[0.0,0.0,0.0,0.0],"Min_Spawn_Position":[0.0,0.009999999776482582,2.0,0.0],"Min_Spawn_Time":0.0,"Min_Start_Color":[1.0,1.0,1.0,1.0],"Min_Start_Rotation":[1.5700000524520874,-3.140000104904175,0.0,0.0],"Min_Start_Scale":[6.0,6.0,0.0,0.0],"Name":"RectEffect.png","Noise_Start_UV":[0.0,0.0,0.0,0.0],"Noise_UV_Max":[1.0,1.0,0.0,0.0],"ParticleOption1":0,"ParticleOption2":0,"ParticleOption3":1,"ParticleOption4":4,"ParticleOption5":0,"ParticleOption6":1,"ParticleType":0,"Render_Group":7,"ShaderPassIndex":1,"Sync_Animation":false,"Sync_AnimationKey":23,"UV_Diffuse_Index":0,"UV_Mask_Index":901,"UV_Noise_Index":0},"1":{"Diffuse_Start_UV":[0.0,0.0,0.0,0.0],"Diffuse_UV_Max":[1.0,1.0,0.0,0.0],"Diffuse_XInverse":false,"Diffuse_YInverse":false,"Discard_Ratio":0.8999999761581421,"Follow_Transform":0,"Init_Time":0.0,"Is_Looping":false,"Mask_Start_UV":[0.0,0.0,0.0,0.0],"Mask_UV_Max":[1.0,1.0,0.0,0.0],"Max_Color":[1.0,1.0,1.0,1.0],"Max_Instance":500,"Max_Limit_Speed":[20.0,0.0,0.0,0.0],"Max_Rotation":[0.0,0.0,0.0,0.0],"Max_Rotation_Speed":[0.0,0.0,0.0,0.0],"Max_Scale":[2.0,1.0,0.0,0.0],"Max_Scale_Force":[-0.009999999776482582,0.0,0.0,0.0],"Max_Speed":[20.0,0.0,0.0,0.0],"Max_Speed_Force":[-0.25,0.0,0.0,0.0],"Max_Start_Color":[1.0,1.0,1.0,1.0],"Max_Start_Rotation":[0.0,3.140000104904175,1.5700000524520874,0.0],"Max_Start_Scale":[1.0,1.0,0.0,0.0],"Max_Y_Scale_Ratio":0.05000000074505806,"Min_Life_Time":1.0,"Min_Limit_Speed":[0.003000000026077032,0.0,0.0,0.0],"Min_Rotation":[0.0,0.0,-1.0,0.0],"Min_Rotation_Speed":[0.0,0.0,-1.0,0.0],"Min_Scale":[0.0,0.0,0.0,0.0],"Min_Scale_Force":[-0.10000000149011612,0.0,0.0,0.0],"Min_Spawn_Offset_Direction":[0.0,0.0,0.0,0.0],"Min_Spawn_Offset_Range":[0.0,0.0,0.0,0.0],"Min_Spawn_Position":[0.0,0.009999999776482582,2.0,0.0],"Min_Spawn_Time":0.0,"Min_Speed":[15.0,0.0,0.0,0.0],"Min_Speed_Force":[-0.75,0.0,0.0,0.0],"Min_Start_Color":[1.0,1.0,1.0,1.0],"Min_Start_Rotation":[0.0,-3.140000104904175,0.0,0.0],"Min_Start_Scale":[0.10000000149011612,1.0,0.0,0.0],"Min_Y_Scale_Ratio":0.009999999776482582,"Name":"RectEffect.png","Noise_Start_UV":[0.0,0.0,0.0,0.0],"Noise_UV_Max":[1.0,1.0,0.0,0.0],"ParticleOption1":128,"ParticleOption2":86,"ParticleOption3":18,"ParticleOption4":0,"ParticleOption5":0,"ParticleOption6":3,"ParticleType":0,"Render_Group":7,"ShaderPassIndex":1,"Start_Glow_Color":[1.0,1.0,1.0,1.0],"Sync_Animation":false,"Sync_AnimationKey":23,"UV_Diffuse_Index":0,"UV_Mask_Index":1,"UV_Noise_Index":0},"2":{"Diffuse_Start_UV":[0.0,0.0,0.0,0.0],"Diffuse_UV_Max":[1.0,1.0,0.0,0.0],"Diffuse_XInverse":false,"Diffuse_YInverse":false,"Discard_Ratio":0.8999999761581421,"Follow_Transform":0,"Gravity_Force":[0.0,0.10000000149011612,0.0,0.0],"Init_Time":0.0,"Is_Looping":false,"Mask_Start_UV":[0.0,0.0,0.0,0.0],"Mask_UV_Max":[1.0,1.0,0.0,0.0],"Max_Color":[1.0,1.0,1.0,1.0],"Max_Instance":100,"Max_Limit_Speed":[20.0,0.0,0.0,0.0],"Max_Rotation":[0.0,0.0,0.0,0.0],"Max_Scale":[2.0,2.0,0.0,0.0],"Max_Scale_Force":[-9.999999747378752e-05,-9.999999747378752e-05,0.0,0.0],"Max_Speed":[20.0,0.0,0.0,0.0],"Max_Speed_Force":[-0.25,0.0,0.0,0.0],"Max_Start_Color":[1.0,1.0,1.0,1.0],"Max_Start_Rotation":[0.0,3.140000104904175,1.5700000524520874,0.0],"Max_Start_Scale":[0.05000000074505806,0.05000000074505806,0.0,0.0],"Min_Life_Time":3.0,"Min_Limit_Speed":[0.003000000026077032,0.0,0.0,0.0],"Min_Rotation":[0.0,0.0,-1.0,0.0],"Min_Scale":[0.0,0.0,0.0,0.0],"Min_Scale_Force":[-0.0003000000142492354,-0.0003000000142492354,0.0,0.0],"Min_Spawn_Offset_Direction":[0.0,0.0,0.0,0.0],"Min_Spawn_Offset_Range":[0.0,0.0,0.0,0.0],"Min_Spawn_Position":[0.0,0.009999999776482582,2.0,0.0],"Min_Spawn_Time":0.0,"Min_Speed":[15.0,0.0,0.0,0.0],"Min_Speed_Force":[-0.75,0.0,0.0,0.0],"Min_Start_Color":[1.0,1.0,1.0,1.0],"Min_Start_Rotation":[0.0,-3.140000104904175,0.0,0.0],"Min_Start_Scale":[0.029999999329447746,0.029999999329447746,0.0,0.0],"Name":"RectEffect.png","Noise_Start_UV":[0.0,0.0,0.0,0.0],"Noise_UV_Max":[1.0,1.0,0.0,0.0],"ParticleOption1":128,"ParticleOption2":71,"ParticleOption3":17,"ParticleOption4":0,"ParticleOption5":0,"ParticleOption6":3,"ParticleType":0,"Render_Group":7,"ShaderPassIndex":1,"Start_Glow_Color":[1.0,1.0,1.0,1.0],"Sync_Animation":false,"Sync_AnimationKey":23,"UV_Diffuse_Index":0,"UV_Mask_Index":1,"UV_Noise_Index":0},"3":{"Diffuse_Start_UV":[0.0,0.0,0.0,0.0],"Diffuse_UV_Max":[1.0,1.0,0.0,0.0],"Diffuse_XInverse":false,"Diffuse_YInverse":false,"Discard_Ratio":0.8999999761581421,"Follow_Transform":0,"Init_Time":0.0,"Is_Looping":false,"Mask_Start_UV":[0.0,0.0,0.0,0.0],"Mask_UV_Max":[1.0,1.0,0.0,0.0],"Max_Color":[1.0,1.0,1.0,1.0],"Max_Instance":500,"Max_Limit_Speed":[20.0,0.0,0.0,0.0],"Max_Rotation":[0.0,0.0,0.0,0.0],"Max_Scale":[2.0,2.0,0.0,0.0],"Max_Scale_Force":[-0.0010000000474974513,-0.0010000000474974513,0.0,0.0],"Max_Spawn_Position":[0.0,0.10000000149011612,2.0,0.0],"Max_Speed":[20.0,0.0,0.0,0.0],"Max_Speed_Force":[-0.25,0.0,0.0,0.0],"Max_Start_Color":[1.0,1.0,1.0,1.0],"Max_Start_Rotation":[0.0,3.140000104904175,0.0,0.0],"Max_Start_Scale":[0.07500000298023224,0.07500000298023224,0.0,0.0],"Min_Life_Time":0.75,"Min_Limit_Speed":[0.003000000026077032,0.0,0.0,0.0],"Min_Rotation":[0.0,0.0,-1.0,0.0],"Min_Scale":[0.0,0.0,0.0,0.0],"Min_Scale_Force":[-0.009999999776482582,-0.009999999776482582,0.0,0.0],"Min_Spawn_Offset_Direction":[0.0,0.0,0.0,0.0],"Min_Spawn_Offset_Range":[0.0,0.0,0.0,0.0],"Min_Spawn_Position":[0.0,0.009999999776482582,2.0,0.0],"Min_Spawn_Time":0.0,"Min_Speed":[15.0,0.0,0.0,0.0],"Min_Speed_Force":[-0.25,0.0,0.0,0.0],"Min_Start_Color":[1.0,1.0,1.0,1.0],"Min_Start_Rotation":[0.0,-3.140000104904175,0.0,0.0],"Min_Start_Scale":[0.05000000074505806,0.05000000074505806,0.0,0.0],"Name":"RectEffect.png","Noise_Start_UV":[0.0,0.0,0.0,0.0],"Noise_UV_Max":[1.0,1.0,0.0,0.0],"ParticleOption1":144,"ParticleOption2":70,"ParticleOption3":17,"ParticleOption4":0,"ParticleOption5":0,"ParticleOption6":3,"ParticleType":0,"Render_Group":7,"ShaderPassIndex":1,"Start_Glow_Color":[1.0,1.0,1.0,1.0],"Sync_Animation":false,"Sync_AnimationKey":23,"UV_Diffuse_Index":0,"UV_Mask_Index":1,"UV_Noise_Index":0},"4":{"Diffuse_Start_UV":[0.0,0.0,0.0,0.0],"Diffuse_UV_Max":[1.0,1.0,0.0,0.0],"Diffuse_XInverse":false,"Diffuse_YInverse":false,"Discard_Ratio":0.8999999761581421,"Follow_Transform":0,"Gravity_Force":[0.0,-1.0,0.0,0.0],"Init_Time":0.0,"Is_Looping":false,"Mask_Start_UV":[0.0,0.0,0.0,0.0],"Mask_UV_Max":[1.0,1.0,0.0,0.0],"Max_Color":[1.0,1.0,1.0,1.0],"Max_Instance":500,"Max_Limit_Speed":[0.0,3.0,0.0,0.0],"Max_Rotation":[0.0,0.0,0.0,0.0],"Max_Scale":[2.0,2.0,0.0,0.0],"Max_Scale_Force":[-0.0010000000474974513,-0.0010000000474974513,0.0,0.0],"Max_Spawn_Offset_Direction":[1.0,1.0,1.0,0.0],"Max_Spawn_Offset_Range":[2.0,0.0,0.0,0.0],"Max_Spawn_Position":[0.0,0.10000000149011612,2.0,0.0],"Max_Speed":[0.0,3.0,0.0,0.0],"Max_Start_Color":[1.0,1.0,1.0,1.0],"Max_Start_Rotation":[0.0,0.0,0.0,0.0],"Max_Start_Scale":[0.07500000298023224,0.07500000298023224,0.0,0.0],"Min_Life_Time":1.0,"Min_Limit_Speed":[0.0,0.0,0.0,0.0],"Min_Rotation":[0.0,0.0,-1.0,0.0],"Min_Scale":[0.0,0.0,0.0,0.0],"Min_Scale_Force":[-0.0010000000474974513,-0.0010000000474974513,0.0,0.0],"Min_Spawn_Offset_Direction":[-1.0,-1.0,-1.0,0.0],"Min_Spawn_Offset_Range":[0.0,0.0,0.0,0.0],"Min_Spawn_Position":[0.0,0.009999999776482582,2.0,0.0],"Min_Spawn_Time":0.0,"Min_Speed":[0.0,0.0,0.0,0.0],"Min_Start_Color":[1.0,1.0,1.0,1.0],"Min_Start_Rotation":[0.0,0.0,0.0,0.0],"Min_Start_Scale":[0.05000000074505806,0.05000000074505806,0.0,0.0],"Name":"RectEffect.png","Noise_Start_UV":[0.0,0.0,0.0,0.0],"Noise_UV_Max":[1.0,1.0,0.0,0.0],"ParticleOption1":112,"ParticleOption2":67,"ParticleOption3":17,"ParticleOption4":0,"ParticleOption5":0,"ParticleOption6":3,"ParticleType":0,"Render_Group":7,"ShaderPassIndex":1,"Start_Glow_Color":[1.0,1.0,1.0,1.0],"Sync_Animation":false,"Sync_AnimationKey":23,"UV_Diffuse_Index":0,"UV_Mask_Index":1,"UV_Noise_Index":0},"5":{"Diffuse_Start_UV":[0.0,0.0,0.0,0.0],"Diffuse_UV_Max":[1.0,1.0,0.0,0.0],"Diffuse_XInverse":false,"Diffuse_YInverse":false,"Discard_Ratio":0.8999999761581421,"Follow_Transform":0,"Init_Time":0.0,"Is_Looping":false,"Mask_Start_UV":[0.0,0.0,0.0,0.0],"Mask_UV_Max":[1.0,1.0,0.0,0.0],"Max_Color":[1.0,1.0,1.0,1.0],"Max_Instance":500,"Max_Limit_Speed":[20.0,0.0,0.0,0.0],"Max_Scale":[2.0,1.0,0.0,0.0],"Max_Scale_Force":[-0.05000000074505806,0.0,0.0,0.0],"Max_Spawn_Offset_Direction":[1.0,1.0,1.0,0.0],"Max_Spawn_Offset_Range":[0.15000000596046448,0.0,0.0,0.0],"Max_Spawn_Time":0.25,"Max_Speed":[20.0,0.0,0.0,0.0],"Max_Start_Color":[1.0,1.0,1.0,1.0],"Max_Start_Rotation":[0.0,3.140000104904175,1.831799030303955,0.0],"Max_Start_Scale":[2.0,1.0,0.0,0.0],"Max_Y_Scale_Ratio":0.029999999329447746,"Min_Life_Time":1.0,"Min_Limit_Speed":[0.0,0.0,0.0,0.0],"Min_Scale":[0.0,0.0,0.0,0.0],"Min_Scale_Force":[-0.10000000149011612,0.0,0.0,0.0],"Min_Spawn_Offset_Direction":[-1.0,-1.0,-1.0,0.0],"Min_Spawn_Offset_Range":[0.0,0.0,0.0,0.0],"Min_Spawn_Position":[0.0,0.009999999776482582,2.0,0.0],"Min_Spawn_Time":0.0,"Min_Speed":[5.0,0.0,0.0,0.0],"Min_Start_Color":[1.0,1.0,1.0,1.0],"Min_Start_Rotation":[0.0,-3.140000104904175,1.3082009553909302,0.0],"Min_Start_Scale":[1.0,1.0,0.0,0.0],"Min_Y_Scale_Ratio":0.009999999776482582,"Name":"RectEffect.png","Noise_Start_UV":[0.0,0.0,0.0,0.0],"Noise_UV_Max":[1.0,1.0,0.0,0.0],"ParticleOption1":226,"ParticleOption2":2,"ParticleOption3":18,"ParticleOption4":0,"ParticleOption5":0,"ParticleOption6":3,"ParticleType":0,"Render_Group":7,"ShaderPassIndex":1,"Start_Glow_Color":[1.0,1.0,1.0,0.5],"Sync_Animation":false,"Sync_AnimationKey":23,"UV_Diffuse_Index":0,"UV_Mask_Index":1,"UV_Noise_Index":0}},"EffectParticleCount":6}
