{"0":{"":null},"EffectGroupName":"Urd_Skill_Impact_Phase2","EffectMesh":{"0":{"Alpha_Discard_Ratio":1.0,"Bloom":false,"Collider":true,"Color_Force":[0.0,0.0,0.0,0.0],"Color_Speed":[0.0,0.0,0.0,0.0],"Damage":2.0,"Diffuse_Max_UV":[1.0,1.0,0.0,0.0],"Diffuse_Min_UV":[0.0,0.0,0.0,0.0],"Diffuse_Start_UV":[0.0,0.0,0.0,0.0],"Diffuse_UV_Force":[0.0,0.0,0.0,0.0],"Diffuse_UV_Speed":[0.0,0.0,0.0,0.0],"Distortion":false,"Dynamic_Noise_Option":false,"Follow_Transform":false,"Force":[0.0,0.0,0.0,0.0],"Glow":false,"Glow_Color_Force":[0.0,0.0,0.0,0.0],"Glow_Color_Speed":[0.0,0.0,0.0,0.0],"HitFreq":0.0,"Hit_Type":1,"Init_Time":0.0,"Is_Boner":false,"Is_Dissolve":false,"Life_Time":0.30000001192092896,"Mask_Max_UV":[1.0,1.0,0.0,0.0],"Mask_Min_UV":[0.0,0.0,0.0,0.0],"Mask_Start_UV":[0.0,0.0,0.0,0.0],"Mask_UV_Force":[0.0,0.0,0.0,0.0],"Mask_UV_Speed":[0.0,0.0,0.0,0.0],"Max_Color":[0.0,0.0,0.0,0.0],"Max_Rotation":[0.0,0.0,0.0,0.0],"Max_Scale":[1.1754943508222875e-38,1.1754943508222875e-38,1.1754943508222875e-38,0.0],"Max_Speed":[0.0,0.0,0.0,0.0],"Min_Color":[0.0,0.0,0.0,0.0],"Min_Scale":[0.0,0.0,0.0,0.0],"Min_Speed":[0.0,0.0,0.0,0.0],"Move_By_Mesh":false,"Name":"EffectMesh0455","Noise_Max_UV":[1.0,1.0,0.0,0.0],"Noise_Min_UV":[0.0,0.0,0.0,0.0],"Noise_Start_UV":[0.0,0.0,0.0,0.0],"Noise_UV_Force":[0.0,0.0,0.0,0.0],"Noise_UV_Speed":[0.0,0.0,0.0,0.0],"OnCollision_Disable_Effect_Group":false,"OnCollision_Use_Effect_Group":false,"OnCollision_Use_Effect_Group_Name":"","Option_Type":8,"Rotation_Force":[0.0,0.0,0.0,0.0],"Rotation_Speed":[0.0,0.0,0.0,0.0],"Scale_Force":[0.0,0.0,0.0,0.0],"Scale_Speed":[0.0,0.0,0.0,0.0],"Shader_Pass_Index":0,"Speed":[0.0,0.0,0.0,0.0],"Start_Color":[0.0,0.0,0.0,0.0],"Start_Glow_Color":[0.0,0.0,0.0,0.0],"Start_Position":[0.0,1.0,0.0,0.0],"Start_Rotation":[0.0,0.0,0.0,0.0],"Start_Scale":[1.1754943508222875e-38,1.1754943508222875e-38,1.1754943508222875e-38,0.0],"Sync_Animation":false,"Sync_AnimationKey":42,"Sync_Transform":true,"Sync_Transform_to_Effect":false,"UV_Diffuse_Index":0,"UV_Diffuse_Wrap_Option":true,"UV_Mask_Index":0,"UV_Mask_Wrap_Option":true,"UV_Noise_Index":0,"UV_Noise_Wrap_Option":true,"UV_Wrap_Weight":[1.0,1.0,1.0,1.0],"Weapon_LifeTime":0.30000001192092896,"Weapon_Offset":[0.0,0.0,0.800000011920929,0.0],"Weapon_Scale":4.0}},"EffectMeshCount":1,"EffectParticle":{"0":{"Diffuse_Start_UV":[0.0,0.0,0.0,0.0],"Diffuse_UV_Max":[1.0,1.0,0.0,0.0],"Diffuse_XInverse":false,"Diffuse_YInverse":false,"Discard_Ratio":0.0,"Follow_Transform":0,"Init_Time":0.0,"Is_Looping":false,"Mask_Start_UV":[0.0,0.0,0.0,0.0],"Mask_UV_Max":[1.0,1.0,0.0,0.0],"Max_Color":[1.0,1.0,1.0,1.0],"Max_Color_Speed":[0.0,0.0,0.0,-1.0],"Max_Instance":1,"Max_Limit_Speed":[0.0,0.0,0.0,0.0],"Max_Scale":[6.0,6.0,0.0,0.0],"Max_Start_Color":[1.0,1.0,1.0,1.0],"Max_Start_Rotation":[1.5700000524520874,3.140000104904175,0.0,0.0],"Max_Start_Scale":[6.0,6.0,0.0,0.0],"Min_Color_Speed":[0.0,0.0,0.0,-1.0],"Min_Life_Time":1.0,"Min_Limit_Speed":[0.0,0.0,0.0,0.0],"Min_Scale":[0.0,0.0,0.0,0.0],"Min_Spawn_Offset_Direction":[0.0,0.0,0.0,0.0],"Min_Spawn_Offset_Range":[0.0,0.0,0.0,0.0],"Min_Spawn_Position":[0.0,0.009999999776482582,0.0,0.0],"Min_Spawn_Time":0.0,"Min_Start_Color":[1.0,1.0,1.0,1.0],"Min_Start_Rotation":[1.5700000524520874,-3.140000104904175,0.0,0.0],"Min_Start_Scale":[6.0,6.0,0.0,0.0],"Name":"RectEffect.png","Noise_Start_UV":[0.0,0.0,0.0,0.0],"Noise_UV_Max":[1.0,1.0,0.0,0.0],"ParticleOption1":0,"ParticleOption2":0,"ParticleOption3":1,"ParticleOption4":4,"ParticleOption5":0,"ParticleOption6":1,"ParticleType":0,"Render_Group":7,"ShaderPassIndex":1,"Sync_Animation":false,"Sync_AnimationKey":42,"UV_Diffuse_Index":0,"UV_Mask_Index":901,"UV_Noise_Index":0},"1":{"Diffuse_Start_UV":[0.0,0.0,0.0,0.0],"Diffuse_UV_Max":[1.0,1.0,0.0,0.0],"Diffuse_XInverse":false,"Diffuse_YInverse":false,"Discard_Ratio":0.8999999761581421,"Follow_Transform":0,"Init_Time":0.0,"Is_Looping":false,"Mask_Start_UV":[0.0,0.0,0.0,0.0],"Mask_UV_Max":[1.0,1.0,0.0,0.0],"Max_Color":[1.0,1.0,1.0,1.0],"Max_Instance":500,"Max_Limit_Speed":[20.0,0.0,0.0,0.0],"Max_Rotation":[0.0,0.0,0.0,0.0],"Max_Rotation_Speed":[0.0,0.0,0.0,0.0],"Max_Scale":[2.0,1.0,0.0,0.0],"Max_Scale_Force":[-0.009999999776482582,0.0,0.0,0.0],"Max_Speed":[20.0,0.0,0.0,0.0],"Max_Speed_Force":[-0.25,0.0,0.0,0.0],"Max_Start_Color":[1.0,1.0,1.0,1.0],"Max_Start_Rotation":[0.0,3.140000104904175,1.5700000524520874,0.0],"Max_Start_Scale":[1.0,1.0,0.0,0.0],"Max_Y_Scale_Ratio":0.05000000074505806,"Min_Life_Time":1.0,"Min_Limit_Speed":[0.003000000026077032,0.0,0.0,0.0],"Min_Rotation":[0.0,0.0,-1.0,0.0],"Min_Rotation_Speed":[0.0,0.0,-1.0,0.0],"Min_Scale":[0.0,0.0,0.0,0.0],"Min_Scale_Force":[-0.10000000149011612,0.0,0.0,0.0],"Min_Spawn_Offset_Direction":[0.0,0.0,0.0,0.0],"Min_Spawn_Offset_Range":[0.0,0.0,0.0,0.0],"Min_Spawn_Position":[0.0,0.009999999776482582,0.0,0.0],"Min_Spawn_Time":0.0,"Min_Speed":[15.0,0.0,0.0,0.0],"Min_Speed_Force":[-0.75,0.0,0.0,0.0],"Min_Start_Color":[1.0,1.0,1.0,1.0],"Min_Start_Rotation":[0.0,-3.140000104904175,0.0,0.0],"Min_Start_Scale":[0.10000000149011612,1.0,0.0,0.0],"Min_Y_Scale_Ratio":0.009999999776482582,"Name":"RectEffect.png","Noise_Start_UV":[0.0,0.0,0.0,0.0],"Noise_UV_Max":[1.0,1.0,0.0,0.0],"ParticleOption1":128,"ParticleOption2":86,"ParticleOption3":18,"ParticleOption4":0,"ParticleOption5":0,"ParticleOption6":3,"ParticleType":0,"Render_Group":7,"ShaderPassIndex":1,"Start_Glow_Color":[0.5,0.800000011920929,1.0,1.0],"Sync_Animation":false,"Sync_AnimationKey":42,"UV_Diffuse_Index":0,"UV_Mask_Index":1,"UV_Noise_Index":0},"2":{"Diffuse_Start_UV":[0.0,0.0,0.0,0.0],"Diffuse_UV_Max":[1.0,1.0,0.0,0.0],"Diffuse_XInverse":false,"Diffuse_YInverse":false,"Discard_Ratio":0.8999999761581421,"Follow_Transform":0,"Gravity_Force":[0.0,0.10000000149011612,0.0,0.0],"Init_Time":0.0,"Is_Looping":false,"Mask_Start_UV":[0.0,0.0,0.0,0.0],"Mask_UV_Max":[1.0,1.0,0.0,0.0],"Max_Color":[1.0,1.0,1.0,1.0],"Max_Instance":100,"Max_Limit_Speed":[20.0,0.0,0.0,0.0],"Max_Rotation":[0.0,0.0,0.0,0.0],"Max_Scale":[2.0,2.0,0.0,0.0],"Max_Scale_Force":[-9.999999747378752e-05,-9.999999747378752e-05,0.0,0.0],"Max_Speed":[20.0,0.0,0.0,0.0],"Max_Speed_Force":[-0.25,0.0,0.0,0.0],"Max_Start_Color":[1.0,1.0,1.0,1.0],"Max_Start_Rotation":[0.0,3.140000104904175,1.5700000524520874,0.0],"Max_Start_Scale":[0.05000000074505806,0.05000000074505806,0.0,0.0],"Min_Life_Time":3.0,"Min_Limit_Speed":[0.003000000026077032,0.0,0.0,0.0],"Min_Rotation":[0.0,0.0,-1.0,0.0],"Min_Scale":[0.0,0.0,0.0,0.0],"Min_Scale_Force":[-0.0003000000142492354,-0.0003000000142492354,0.0,0.0],"Min_Spawn_Offset_Direction":[0.0,0.0,0.0,0.0],"Min_Spawn_Offset_Range":[0.0,0.0,0.0,0.0],"Min_Spawn_Position":[0.0,0.009999999776482582,0.0,0.0],"Min_Spawn_Time":0.0,"Min_Speed":[15.0,0.0,0.0,0.0],"Min_Speed_Force":[-0.75,0.0,0.0,0.0],"Min_Start_Color":[1.0,1.0,1.0,1.0],"Min_Start_Rotation":[0.0,-3.140000104904175,0.0,0.0],"Min_Start_Scale":[0.029999999329447746,0.029999999329447746,0.0,0.0],"Name":"RectEffect.png","Noise_Start_UV":[0.0,0.0,0.0,0.0],"Noise_UV_Max":[1.0,1.0,0.0,0.0],"ParticleOption1":128,"ParticleOption2":71,"ParticleOption3":17,"ParticleOption4":0,"ParticleOption5":0,"ParticleOption6":3,"ParticleType":0,"Render_Group":7,"ShaderPassIndex":1,"Start_Glow_Color":[0.5,0.800000011920929,1.0,1.0],"Sync_Animation":false,"Sync_AnimationKey":42,"UV_Diffuse_Index":0,"UV_Mask_Index":1,"UV_Noise_Index":0},"3":{"Diffuse_Start_UV":[0.0,0.0,0.0,0.0],"Diffuse_UV_Max":[1.0,1.0,0.0,0.0],"Diffuse_XInverse":false,"Diffuse_YInverse":false,"Discard_Ratio":0.8999999761581421,"Follow_Transform":0,"Init_Time":0.0,"Is_Looping":false,"Mask_Start_UV":[0.0,0.0,0.0,0.0],"Mask_UV_Max":[1.0,1.0,0.0,0.0],"Max_Color":[1.0,1.0,1.0,1.0],"Max_Instance":500,"Max_Limit_Speed":[20.0,0.0,0.0,0.0],"Max_Rotation":[0.0,0.0,0.0,0.0],"Max_Scale":[2.0,2.0,0.0,0.0],"Max_Scale_Force":[-0.0010000000474974513,-0.0010000000474974513,0.0,0.0],"Max_Spawn_Position":[0.0,0.10000000149011612,0.0,0.0],"Max_Speed":[20.0,0.0,0.0,0.0],"Max_Speed_Force":[-0.25,0.0,0.0,0.0],"Max_Start_Color":[1.0,1.0,1.0,1.0],"Max_Start_Rotation":[0.0,3.140000104904175,0.0,0.0],"Max_Start_Scale":[0.07500000298023224,0.07500000298023224,0.0,0.0],"Min_Life_Time":0.75,"Min_Limit_Speed":[0.003000000026077032,0.0,0.0,0.0],"Min_Rotation":[0.0,0.0,-1.0,0.0],"Min_Scale":[0.0,0.0,0.0,0.0],"Min_Scale_Force":[-0.009999999776482582,-0.009999999776482582,0.0,0.0],"Min_Spawn_Offset_Direction":[0.0,0.0,0.0,0.0],"Min_Spawn_Offset_Range":[0.0,0.0,0.0,0.0],"Min_Spawn_Position":[0.0,0.009999999776482582,0.0,0.0],"Min_Spawn_Time":0.0,"Min_Speed":[15.0,0.0,0.0,0.0],"Min_Speed_Force":[-0.25,0.0,0.0,0.0],"Min_Start_Color":[1.0,1.0,1.0,1.0],"Min_Start_Rotation":[0.0,-3.140000104904175,0.0,0.0],"Min_Start_Scale":[0.05000000074505806,0.05000000074505806,0.0,0.0],"Name":"RectEffect.png","Noise_Start_UV":[0.0,0.0,0.0,0.0],"Noise_UV_Max":[1.0,1.0,0.0,0.0],"ParticleOption1":144,"ParticleOption2":70,"ParticleOption3":17,"ParticleOption4":0,"ParticleOption5":0,"ParticleOption6":3,"ParticleType":0,"Render_Group":7,"ShaderPassIndex":1,"Start_Glow_Color":[0.5,0.800000011920929,1.0,1.0],"Sync_Animation":false,"Sync_AnimationKey":42,"UV_Diffuse_Index":0,"UV_Mask_Index":1,"UV_Noise_Index":0},"4":{"Diffuse_Start_UV":[0.0,0.0,0.0,0.0],"Diffuse_UV_Max":[1.0,1.0,0.0,0.0],"Diffuse_XInverse":false,"Diffuse_YInverse":false,"Discard_Ratio":0.8999999761581421,"Follow_Transform":0,"Gravity_Force":[0.0,-1.0,0.0,0.0],"Init_Time":0.0,"Is_Looping":false,"Mask_Start_UV":[0.0,0.0,0.0,0.0],"Mask_UV_Max":[1.0,1.0,0.0,0.0],"Max_Color":[1.0,1.0,1.0,1.0],"Max_Instance":500,"Max_Limit_Speed":[0.0,3.0,0.0,0.0],"Max_Rotation":[0.0,0.0,0.0,0.0],"Max_Scale":[2.0,2.0,0.0,0.0],"Max_Scale_Force":[-0.0010000000474974513,-0.0010000000474974513,0.0,0.0],"Max_Spawn_Offset_Direction":[1.0,1.0,1.0,0.0],"Max_Spawn_Offset_Range":[2.0,0.0,0.0,0.0],"Max_Spawn_Position":[0.0,0.10000000149011612,0.0,0.0],"Max_Speed":[0.0,3.0,0.0,0.0],"Max_Start_Color":[1.0,1.0,1.0,1.0],"Max_Start_Rotation":[0.0,0.0,0.0,0.0],"Max_Start_Scale":[0.07500000298023224,0.07500000298023224,0.0,0.0],"Min_Life_Time":1.0,"Min_Limit_Speed":[0.0,0.0,0.0,0.0],"Min_Rotation":[0.0,0.0,-1.0,0.0],"Min_Scale":[0.0,0.0,0.0,0.0],"Min_Scale_Force":[-0.0010000000474974513,-0.0010000000474974513,0.0,0.0],"Min_Spawn_Offset_Direction":[-1.0,-1.0,-1.0,0.0],"Min_Spawn_Offset_Range":[0.0,0.0,0.0,0.0],"Min_Spawn_Position":[0.0,0.009999999776482582,0.0,0.0],"Min_Spawn_Time":0.0,"Min_Speed":[0.0,0.0,0.0,0.0],"Min_Start_Color":[1.0,1.0,1.0,1.0],"Min_Start_Rotation":[0.0,0.0,0.0,0.0],"Min_Start_Scale":[0.05000000074505806,0.05000000074505806,0.0,0.0],"Name":"RectEffect.png","Noise_Start_UV":[0.0,0.0,0.0,0.0],"Noise_UV_Max":[1.0,1.0,0.0,0.0],"ParticleOption1":112,"ParticleOption2":67,"ParticleOption3":17,"ParticleOption4":0,"ParticleOption5":0,"ParticleOption6":3,"ParticleType":0,"Render_Group":7,"ShaderPassIndex":1,"Start_Glow_Color":[0.5,0.800000011920929,1.0,1.0],"Sync_Animation":false,"Sync_AnimationKey":42,"UV_Diffuse_Index":0,"UV_Mask_Index":1,"UV_Noise_Index":0},"5":{"Diffuse_Start_UV":[0.0,0.0,0.0,0.0],"Diffuse_UV_Max":[1.0,1.0,0.0,0.0],"Diffuse_XInverse":false,"Diffuse_YInverse":false,"Discard_Ratio":0.8999999761581421,"Follow_Transform":0,"Init_Time":0.0,"Is_Looping":false,"Mask_Start_UV":[0.0,0.0,0.0,0.0],"Mask_UV_Max":[1.0,1.0,0.0,0.0],"Max_Color":[1.0,1.0,1.0,1.0],"Max_Instance":500,"Max_Limit_Speed":[20.0,0.0,0.0,0.0],"Max_Scale":[2.0,1.0,0.0,0.0],"Max_Scale_Force":[-0.05000000074505806,0.0,0.0,0.0],"Max_Spawn_Offset_Direction":[1.0,1.0,1.0,0.0],"Max_Spawn_Offset_Range":[0.15000000596046448,0.0,0.0,0.0],"Max_Spawn_Time":0.25,"Max_Speed":[20.0,0.0,0.0,0.0],"Max_Start_Color":[1.0,1.0,1.0,1.0],"Max_Start_Rotation":[0.0,3.140000104904175,1.831799030303955,0.0],"Max_Start_Scale":[2.0,1.0,0.0,0.0],"Max_Y_Scale_Ratio":0.029999999329447746,"Min_Life_Time":1.0,"Min_Limit_Speed":[0.0,0.0,0.0,0.0],"Min_Scale":[0.0,0.0,0.0,0.0],"Min_Scale_Force":[-0.10000000149011612,0.0,0.0,0.0],"Min_Spawn_Offset_Direction":[-1.0,-1.0,-1.0,0.0],"Min_Spawn_Offset_Range":[0.0,0.0,0.0,0.0],"Min_Spawn_Position":[0.0,0.009999999776482582,0.0,0.0],"Min_Spawn_Time":0.0,"Min_Speed":[5.0,0.0,0.0,0.0],"Min_Start_Color":[1.0,1.0,1.0,1.0],"Min_Start_Rotation":[0.0,-3.140000104904175,1.3082009553909302,0.0],"Min_Start_Scale":[1.0,1.0,0.0,0.0],"Min_Y_Scale_Ratio":0.009999999776482582,"Name":"RectEffect.png","Noise_Start_UV":[0.0,0.0,0.0,0.0],"Noise_UV_Max":[1.0,1.0,0.0,0.0],"ParticleOption1":226,"ParticleOption2":2,"ParticleOption3":18,"ParticleOption4":0,"ParticleOption5":0,"ParticleOption6":3,"ParticleType":0,"Render_Group":7,"ShaderPassIndex":1,"Start_Glow_Color":[0.5,0.800000011920929,1.0,0.5],"Sync_Animation":false,"Sync_AnimationKey":42,"UV_Diffuse_Index":0,"UV_Mask_Index":1,"UV_Noise_Index":0}},"EffectParticleCount":6}
