{"0":{"":null},"1":{"":null},"EffectGroupName":"Urd_SP_ColorFlip_Phase2","EffectMesh":{"0":{"Alpha_Discard_Ratio":0.0,"Bloom":false,"Collider":false,"Color_Force":[0.0,0.0,0.0,0.0],"Color_Speed":[0.0,0.0,0.0,0.0],"Damage":0.0,"Diffuse_Max_UV":[1.0,1.0,0.0,0.0],"Diffuse_Min_UV":[0.0,0.0,0.0,0.0],"Diffuse_Start_UV":[0.0,0.0,0.0,0.0],"Diffuse_UV_Force":[0.0,0.0,0.0,0.0],"Diffuse_UV_Speed":[0.0,0.0,0.0,0.0],"Distortion":false,"Dynamic_Noise_Option":false,"Follow_Transform":false,"Force":[0.0,0.0,0.0,0.0],"Glow":false,"Glow_Color_Force":[0.0,0.0,0.0,0.0],"Glow_Color_Speed":[0.0,0.0,0.0,0.0],"HitFreq":0.0,"Hit_Type":0,"Init_Time":0.0,"Is_Boner":false,"Is_Dissolve":false,"Life_Time":0.2759999930858612,"Mask_Max_UV":[1.0,1.0,0.0,0.0],"Mask_Min_UV":[0.0,0.0,0.0,0.0],"Mask_Start_UV":[0.0,0.0,0.0,0.0],"Mask_UV_Force":[0.0,0.0,0.0,0.0],"Mask_UV_Speed":[0.0,0.0,0.0,0.0],"Max_Color":[1.0,1.0,1.0,1.0],"Max_Rotation":[0.0,0.0,0.0,0.0],"Max_Scale":[6.0,6.0,6.0,0.0],"Max_Speed":[0.0,0.0,0.0,0.0],"Min_Color":[0.0,0.0,0.0,0.0],"Min_Scale":[0.0,0.0,0.0,0.0],"Min_Speed":[0.0,0.0,0.0,0.0],"Move_By_Mesh":false,"Name":"SMFX_Sphere_01","Noise_Max_UV":[1.0,1.0,0.0,0.0],"Noise_Min_UV":[0.0,0.0,0.0,0.0],"Noise_Start_UV":[0.0,0.0,0.0,0.0],"Noise_UV_Force":[0.0,0.0,0.0,0.0],"Noise_UV_Speed":[0.0,0.0,0.0,0.0],"OnCollision_Disable_Effect_Group":false,"OnCollision_Use_Effect_Group":false,"OnCollision_Use_Effect_Group_Name":"","Option_Type":0,"Rotation_Force":[0.0,0.0,0.0,0.0],"Rotation_Speed":[0.0,0.0,0.0,0.0],"Scale_Force":[1.0,1.0,1.0,0.0],"Scale_Speed":[0.0,0.0,0.0,0.0],"Shader_Pass_Index":8,"Speed":[0.0,0.0,0.0,0.0],"Start_Color":[1.0,1.0,1.0,1.0],"Start_Glow_Color":[0.0,0.0,0.0,0.0],"Start_Position":[0.023006288334727287,0.0,0.6904676556587219,0.0],"Start_Rotation":[0.0,0.0,0.0,0.0],"Start_Scale":[1.0,1.0,1.0,0.0],"Sync_Animation":false,"Sync_AnimationKey":185,"Sync_Transform":false,"Sync_Transform_to_Effect":false,"UV_Diffuse_Index":0,"UV_Diffuse_Wrap_Option":true,"UV_Mask_Index":0,"UV_Mask_Wrap_Option":true,"UV_Noise_Index":0,"UV_Noise_Wrap_Option":true,"UV_Wrap_Weight":[1.0,1.0,1.0,1.0],"Weapon_LifeTime":0.0,"Weapon_Offset":[0.0,0.0,0.0,0.0],"Weapon_Scale":0.0},"1":{"Alpha_Discard_Ratio":0.0,"Bloom":false,"Collider":false,"Color_Force":[0.0,0.0,0.0,0.0],"Color_Speed":[0.0,0.0,0.0,0.0],"Damage":0.0,"Diffuse_Max_UV":[1.0,1.0,0.0,0.0],"Diffuse_Min_UV":[0.0,0.0,0.0,0.0],"Diffuse_Start_UV":[0.0,0.0,0.0,0.0],"Diffuse_UV_Force":[0.0,0.0,0.0,0.0],"Diffuse_UV_Speed":[0.0,0.0,0.0,0.0],"Distortion":false,"Dynamic_Noise_Option":false,"Follow_Transform":false,"Force":[0.0,0.0,0.0,0.0],"Glow":false,"Glow_Color_Force":[0.0,0.0,0.0,0.0],"Glow_Color_Speed":[0.0,0.0,0.0,0.0],"HitFreq":0.0,"Hit_Type":0,"Init_Time":0.2750000059604645,"Is_Boner":false,"Is_Dissolve":false,"Life_Time":3.299999952316284,"Mask_Max_UV":[1.0,1.0,0.0,0.0],"Mask_Min_UV":[0.0,0.0,0.0,0.0],"Mask_Start_UV":[0.0,0.0,0.0,0.0],"Mask_UV_Force":[0.0,0.0,0.0,0.0],"Mask_UV_Speed":[0.0,0.0,0.0,0.0],"Max_Color":[1.0,1.0,1.0,1.0],"Max_Rotation":[0.0,0.0,0.0,0.0],"Max_Scale":[100.0,100.0,100.0,0.0],"Max_Speed":[0.0,0.0,0.0,0.0],"Min_Color":[0.0,0.0,0.0,0.0],"Min_Scale":[0.0,0.0,0.0,0.0],"Min_Speed":[0.0,0.0,0.0,0.0],"Move_By_Mesh":false,"Name":"SMFX_Sphere_01","Noise_Max_UV":[1.0,1.0,0.0,0.0],"Noise_Min_UV":[0.0,0.0,0.0,0.0],"Noise_Start_UV":[0.0,0.0,0.0,0.0],"Noise_UV_Force":[0.0,0.0,0.0,0.0],"Noise_UV_Speed":[0.0,0.0,0.0,0.0],"OnCollision_Disable_Effect_Group":false,"OnCollision_Use_Effect_Group":false,"OnCollision_Use_Effect_Group_Name":"","Option_Type":0,"Rotation_Force":[0.0,0.0,0.0,0.0],"Rotation_Speed":[0.0,0.0,0.0,0.0],"Scale_Force":[20.0,20.0,20.0,0.0],"Scale_Speed":[0.0,0.0,0.0,0.0],"Shader_Pass_Index":8,"Speed":[0.0,0.0,0.0,0.0],"Start_Color":[1.0,1.0,1.0,1.0],"Start_Glow_Color":[0.0,0.0,0.0,0.0],"Start_Position":[0.023006288334727287,0.0,0.6904676556587219,0.0],"Start_Rotation":[0.0,0.0,0.0,0.0],"Start_Scale":[6.0,6.0,6.0,0.0],"Sync_Animation":false,"Sync_AnimationKey":185,"Sync_Transform":false,"Sync_Transform_to_Effect":false,"UV_Diffuse_Index":0,"UV_Diffuse_Wrap_Option":true,"UV_Mask_Index":0,"UV_Mask_Wrap_Option":true,"UV_Noise_Index":0,"UV_Noise_Wrap_Option":true,"UV_Wrap_Weight":[1.0,1.0,1.0,1.0],"Weapon_LifeTime":0.0,"Weapon_Offset":[0.0,0.0,0.0,0.0],"Weapon_Scale":0.0}},"EffectMeshCount":2,"EffectParticleCount":0}
