{"AnimationIndex":[null,[null,null,null,null,{"Sound":[{"SoundName":"CV_Varg_CutScene01.ogg","Volume":1.0}]},null,null,null,null,null,null,null,null,null,null,null,null,null,null,null,null,null,null,null,null,null,null,null,null,null,null],[null,null],[null,null,null,null,null,null,null,null,null,null,null,null,null,null,null,null,null,null,null,{"Sound":[{"SoundName":"CV_Varg_CutScene01.ogg","Volume":1.0}]},{"Sound":[{"SoundName":"FootStep_Heavy_04.ogg","Volume":1.0}]},null,null,null,null,null,null,null,null,null,null,null,null,null,null,null,null,null,null,null,null,null,null,null,null,null,null,null,null,null,null,null,null,null,null,null,null,null,null,null,null,{"Sound":[{"SoundName":"WhooshAxe_01.ogg","Volume":1.0}]},{"Sound":[{"SoundName":"FootStep_Heavy_04.ogg","Volume":1.0}]},{"Sound":[{"SoundName":"WhooshAxe_02.ogg","Volume":1.0}]},{"Enable_Weapon":true},{"Sound":[{"SoundName":"HeavySwordHitFloor_01.ogg","Volume":1.0}]},{"EffectName":["Varg_AvoidAtk_GroundHit"]},null,{"EffectName":["Varg_AvoidAtk_GroundHit_AfterParticle"]},null,null,null,null,null,null,null,null,null,null,null,null,null,null,null,null,{"Enable_Weapon":false},null,null,null,null,null,null,null,null,null,null,null,null,null,null,null,null,null,null,null,null,null,null,null,null,null,null,null,null,null,null,null,null,null,null,null,null,null,null,null,null,null,null,null,null,null,null,null,null,null,null,null,{"Sound":[{"SoundName":"FootStep_Heavy_04.ogg","Volume":1.0}]},null,null,null,null,null,null,null,null,null,null,null,null,null,null,null,null,null,null,null,null,null,null,null,null,null,null,null,null,null,null,null,null,null],[null,null,null,{"Sound":[{"SoundName":"CV_Varg_CutScene01.ogg","Volume":1.0}]},{"Sound":[{"SoundName":"FootStep_Heavy_04.ogg","Volume":1.0}]},null,null,null,null,null,null,null,null,null,null,{"EffectName":["Varg_AvoidFootSparkle_L"],"Sound":[{"SoundName":"FootStep_Heavy_04.ogg","Volume":1.0}]},{"EffectName":["Varg_AvoidFootSparkle_R"]},null,{},null,null,null,null,null,null,null,null,null,null,null,null,null,null,null,null,null,null,null,null,null,null,null,null,null,null,null,null,null,null,null,null,null,null,null,null,null,null,null,null,null,null],[null,null,null,null,null,null,null,{"Sound":[{"SoundName":"CV_Varg_CutScene01.ogg","Volume":1.0}]},null,null,{"EffectName":["Varg_AvoidLFootSparkle_R"],"Sound":[{"SoundName":"FootStep_Heavy_04.ogg","Volume":1.0}]},{"EffectName":["Varg_AvoidLFootSparkle_L"]},null,null,null,null,null,null,null,null,null,null,null,{"Sound":[{"SoundName":"FootStep_Heavy_04.ogg","Volume":1.0}]},null,null,null,null,null,null,null,null,null,null,null,null,null,null,null,null,null,null,null,null,null,null,null,null,null,null,null],[null,null,null,null,null,null,null,{"Sound":[{"SoundName":"CV_Varg_CutScene01.ogg","Volume":1.0}]},null,{"Sound":[{"SoundName":"FootStep_Heavy_04.ogg","Volume":1.0}]},{"EffectName":["Varg_AvoidRFootSparkle_R","Varg_AvoidRFootSparkle_L"]},null,null,null,null,null,null,null,null,{"Sound":[{"SoundName":"FootStep_Heavy_04.ogg","Volume":1.0}]},null,null,null,null,null,null,null,null,null,null,null,null,null,null,null,null,null,null,null,null,null,null,null,null,null,null,null,null],[null,null,null,null,null,null,null,null,null,null,null,null,null,null,null,null,null,null,null,null,{"Sound":[{"SoundName":"FootStep_Heavy_04.ogg","Volume":1.0}]},null,null,null,null,null,null,null,null,null,null,null,{"Sound":[{"SoundName":"FootStep_Heavy_04.ogg","Volume":1.0}]},null,null,null,null,null,null,null,null,null,null,{"Enable_Weapon":true,"Sound":[{"SoundName":"WhooshAxe_02.ogg","Volume":1.0}]},null,{"EffectName":["Varg_ComboAtk1_1_GroundHit"],"Sound":[{"SoundName":"HeavySwordHitFloor_01.ogg","Volume":1.0}]},{"EffectName":["Varg_ComboAtk1_1_GroundHit_AfterParticle"]},null,null,null,null,null,null,null,{"Sound":[{"SoundName":"FootStep_Heavy_04.ogg","Volume":1.0}]},null,null,null,null,{"Enable_Weapon":false},null,null,null,null,null,null,null,null,null,null,null,null,null,null,null,null,null,null,{"Sound":[{"SoundName":"FootStep_Heavy_04.ogg","Volume":1.0}]},null,null,null,null,null,null,null,null,null,null,null,null,null,null,null,null,null,null,null,null,null,null],[null,null,null,null,null,null,null,null,null,null,null,null,{"Sound":[{"SoundName":"FootStep_Heavy_04.ogg","Volume":1.0}]},{"Sound":[{"SoundName":"CV_Varg_CutScene01.ogg","Volume":1.0}]},null,null,null,null,null,null,null,null,null,null,null,null,null,null,null,{"Sound":[{"SoundName":"WhooshAxe_02.ogg","Volume":1.0}]},{"Enable_Weapon":true},null,{"EffectName":["Varg_ComboAtk1_2_GroundHit"],"Sound":[{"SoundName":"HeavySwordHitFloor_01.ogg","Volume":1.0}]},{"EffectName":["Varg_ComboAtk1_2_GroundHit_AfterParticle"]},null,null,null,null,null,{"Sound":[{"SoundName":"FootStep_Heavy_04.ogg","Volume":1.0}]},{"Enable_Weapon":false},null,null,null,null,null,null,null,null,null,null,null,null,null,null,null,null,null,null,null,null,null,null,null,null,null,null,null,null,null,null,null,null,null,{"Sound":[{"SoundName":"FootStep_Heavy_04.ogg","Volume":1.0}]},null,null,null,null,null,null,null,null,null,null,null,null,null,null,null,null],[null,null,null,null,null,null,null,{"Sound":[{"SoundName":"FootStep_Heavy_04.ogg","Volume":1.0}]},null,null,null,null,null,null,null,{},null,null,null,null,null,null,null,null,null,null,null,null,null,{"Enable_Weapon":true},null,{"Sound":[{"SoundName":"WhooshAxe_01.ogg","Volume":1.0}]},{"EffectName":["Varg_ComboAtk1_3_Impact"]},{"Sound":[{"SoundName":"FootStep_Heavy_04.ogg","Volume":1.0}]},null,null,null,null,null,{"Sound":[{"SoundName":"HeavySwordHitFloor_01.ogg","Volume":1.0}]},{"Enable_Weapon":false},null,null,null,null,null,null,null,null,null,null,null,null,null,null,null,null,null,null,null,null,null,null,null,null,null,null,null,null,null,null,null,null,{"Sound":[{"SoundName":"FootStep_Heavy_04.ogg","Volume":1.0}]},null,null,null,null,null,null,null],[{"Sound":[{"SoundName":"WhooshAxe_01.ogg","Volume":1.0}]},null,null,null,null,null,null,null,null,null,null,null,null,null,null,null,null,null,null,null,null,null,null,null,null,null,null,null,null,null,null,null,{"EffectName":["Varg_ComboAtk2_1_GroundSweep_Pre"]},null,null,null,null,null,null,null,null,null,null,null,null,{"Sound":[{"SoundName":"FootStep_Heavy_04.ogg","Volume":1.0}]},null,null,null,null,null,null,null,null,null,null,null,null,null,{"Sound":[{"SoundName":"WhooshAxe_01.ogg","Volume":1.0}]},null,null,null,{"EffectName":["Varg_ComboAtk2_1_GroundSweep"],"Enable_Weapon":true},null,null,null,null,{"Sound":[{"SoundName":"HeavySwordHitFloor_01.ogg","Volume":1.0}]},null,null,null,null,null,null,null,null,null,null,null,null,null,null,{},null,null,null,null,{"Enable_Weapon":false},null,null,null,null,null,null,null,null,null,null,null,null,null,null,null,{"Sound":[{"SoundName":"FootStep_Heavy_04.ogg","Volume":1.0}]},null,null,null,null,null,null,null,null,null,null,null,null,null,null,null,null,null,null,null,null,{"Sound":[{"SoundName":"FootStep_Heavy_04.ogg","Volume":1.0}]},null,null,null,null,null,null,null,null,null,null,null,null,null,null,null,null,{"Sound":[{"SoundName":"FootStep_Heavy_04.ogg","Volume":1.0}]},null,null,null,null,null,null,null,null,null,null,null,null,null,null,null,null,null,null,null,null,null,null,null,null,null,null,null,null,null,null,null,null,null,null,null,null,null,null,null,null,null,null,null,null,null,null,null,null,null,null,null,null,null,null,null,null,null,null],[{"Sound":[{"SoundName":"FootStep_Heavy_04.ogg","Volume":1.0}]},null,null,null,null,null,null,null,null,null,null,null,null,null,null,null,null,null,null,null,null,null,{"Sound":[{"SoundName":"FootStep_Heavy_04.ogg","Volume":1.0}]},null,null,null,null,null,null,null,null,null,null,{"Sound":[{"SoundName":"FootStep_Heavy_04.ogg","Volume":1.0}]},null,null,null,null,null,null,null,{},null,{"Enable_Weapon":true},null,{"Sound":[{"SoundName":"HeavySwordHitFloor_01.ogg","Volume":1.0}]},{"EffectName":["Varg_ComboAtk2_2_GroundHit"]},null,null,null,null,null,null,null,null,null,null,null,null,null,null,null,null,null,null,{"Enable_Weapon":false,"Sound":[{"SoundName":"FootStep_Heavy_04.ogg","Volume":1.0}]},null,null,null,null,null,null,null,null,null,null,null,null,null,null,null,null,null,null,null,null,null,null,null,null,null,null,null,null,null,null,null,null,null,null,null,null,null,null,null,null,null,null,null,null,null,null,null,null,null,null,null,null,null,null,null,null,null,null,null,null,null,null,null,null,null,null,null,null,null,null,null,null,null,null,null,null,null,null,null,null,null,null,null,null,null,null,null,null,null,null,null,null,null,null,null,null,null,null,null,null,{"Sound":[{"SoundName":"FootStep_Heavy_04.ogg","Volume":1.0}]},null,null,null,null,null,null,null,null,null,null,null,null,null,null,null,null,null,null,null,null,null,null,null,null,null,null,null,null,null,null,null,null,null,null,null,null,null,null,null,null,null,null,null,null,null,null,null,null,null,null,null,null,null,null,null,null,null,null,null,null,null,null,null,null,null,null,null,null,null,null,null,null,null,null],[null,null,null,null,null,null,null,null,null,{"Sound":[{"SoundName":"FootStep_Heavy_04.ogg","Volume":1.0}]},null,null,null,{"EffectName":["Varg_ComboAtk2_2b_GroundSweep"]},null,null,null,null,null,null,null,null,null,null,null,null,null,null,null,null,null,null,null,null,null,null,null,null,null,null,null,null,null,null,null,null,null,null,{"Sound":[{"SoundName":"CV_Varg_AtkAction06.ogg","Volume":1.0}]},{"Sound":[{"SoundName":"FootStep_Heavy_04.ogg","Volume":1.0}]},null,null,null,null,null,{"Enable_Weapon":true},{"EffectName":["Varg_ComboAtk2_2b_Attack"]},{"Sound":[{"SoundName":"WhooshAxe_02.ogg","Volume":1.0}]},null,null,null,null,{"Sound":[{"SoundName":"HeavySwordHitFloor_01.ogg","Volume":1.0}]},null,null,null,null,null,{"Enable_Weapon":false},null,null,null,null,null,null,null,null,null,null,null,null,null,null,null,null,null,null,null,null,null,{"Sound":[{"SoundName":"FootStep_Heavy_04.ogg","Volume":1.0}]},null,null,null,null,null,null,null,null,null,null,null,null,null,null,null,null,null,null,null,null,null,null,null,null,null,null,null,null,null,null,null,null,null,null,null,null,null,null,null,null,null,null,null,null,null,null,null,null,null,null,null,null,null,null,null,null,null,null,null,null,null,null,null,null,null,null,null,null,null,null,null,null,null,null,null,null],[null,null,null,{"EffectName":["Varg_ComboAtk2_2b1_GroundSweep"]},null,null,null,null,null,null,null,null,null,{"Sound":[{"SoundName":"CV_Varg_CutScene01.ogg","Volume":1.0}]},null,null,{"Sound":[{"SoundName":"FootStep_Heavy_04.ogg","Volume":1.0}]},null,null,null,null,null,null,null,null,null,null,null,null,null,{"Enable_Weapon":true},null,{"Sound":[{"SoundName":"CV_Varg_AtkAction06.ogg","Volume":1.0}]},null,null,null,null,{"EffectName":["Varg_ComboAtk2_2b1_Attack"],"Sound":[{"SoundName":"WhooshAxe_02.ogg","Volume":1.0}]},null,null,null,null,null,{"Sound":[{"SoundName":"HeavySwordHitFloor_01.ogg","Volume":1.0}]},null,null,null,null,null,{"Enable_Weapon":false},null,null,null,null,null,null,null,null,null,null,null,null,null,null,null,null,null,null,null,null,null,null,{"Sound":[{"SoundName":"FootStep_Heavy_04.ogg","Volume":1.0}]},null,null,null,null,null,null,null,null,null,null,null,null,null,null,null,null,null,null,null,null,null,null,null,null,null,null,null,null,null,null,null,null,null,null,null,null,null,null,null,null,null,null,null,null,null,null,null,null,null,null,null,null,null,null,null,null,null,null,null,null,null,null,null,null,null,null,null,null,null,null,null,null,null,null,null],[null,null,null,null,null,null,null,null,null,null,null,null,null,null,null,null,null,{"Sound":[{"SoundName":"FootStep_Heavy_04.ogg","Volume":1.0}]},null,null,null,null,null,null,null,null,null,null,null,null,null,null,null,null,null,null,null,null,null,null,null,null,null,null,null,null,null,null,null,null,null,null,null,null,null,null,null,null,{"EffectName":["Varg_ComboAtk3_1_Attack"],"Enable_Weapon":true},null,{"Sound":[{"SoundName":"HeavySwordHitFloor_01.ogg","Volume":1.0}]},null,null,null,{"EffectName":["Varg_ComboAtk3_1_GroundSweep_2"]},null,null,{"Sound":[{"SoundName":"FootStep_Heavy_04.ogg","Volume":1.0}]},null,null,null,null,null,null,{"Enable_Weapon":false},null,null,null,null,null,null,null,null,null,null,null,null,null,null,null,null,null,null,null,null,null,null,null,null,null,null,null,null,null,null,null,null,null,null,null,null,null,null,null,null,null,null,null,null,null,null,null,null,null,null,null,null,null,null,null,null,null,null,null,null,null,null,null,null,null,null,null,null,null,null,null,null,null,null,null,null,null,null,null,null,null,null,null,null,null,null,null,null,null,null,null,null,null,null,null,null,null,null,null,null,null,null,null,null,null,null,null,null,null,null,null,null,null,null,null,null,null,null,null,null,null,null,null,null,null,null,null,null,null,null,null,null,null,null,null,null,null,null,null,null,null,null,null,null,null,null],[null,null,null,null,null,null,null,null,null,null,null,null,null,null,null,null,null,null,{"Sound":[{"SoundName":"FootStep_Heavy_04.ogg","Volume":1.0}]},null,null,null,null,{"RandomSound":[{"SoundName":"CV_Varg_Dead_01.ogg","Volume":1.0},{"SoundName":"CV_Varg_Dead_03.ogg","Volume":1.0},{"SoundName":"CV_Varg_Dead_04.ogg","Volume":1.0}]},null,null,null,null,null,null,null,null,null,null,null,null,null,null,null,null,null,null,null,{},null,null,null,null,null,null,null,null,null,null,null,null,null,null,null,null,null,null,null,null,null,null,null,null,null,null,null,null,null,null,null,null,null,null,null,null,null,null,null,null,null,null,null,null,null,null,{"Sound":[{"SoundName":"FootStep_Heavy_04.ogg","Volume":1.0}]},null,null,null,null,null,null,{"Sound":[{"SoundName":"FootStep_Heavy_04.ogg","Volume":1.0}]},null,null,null],null,[null,null,null,null,null,null,null,null,null,null,null,null,null,null,null,null,null,null,null,null,null,null,null,null,null,null,null,null,null,null,null,null,null,null,null,null,null,null,null,null,null,null,null,null,null,null,null,null,null,null,null,null,null,null,null,null,null,null,null,null,null,null,null,null,null,null,null,null,null,null,null,null,null,null,null,null,null,null,null,null,null,null,null,null,null,null,null,null,null,null,null,null,null,null,null,null,null,null,null,null,null,null,null,null,null,null,null,null,null,null,null,null,null,null,null,null,null,null,null,null,null,null,null,null,null,null,null,null,null,null,null,null,null,null,null,null,null,null,null,null,null,null,null,null,null,null,null,null,null,null,null,null,null,null,null,null,null,null,null,null,null,null,null,null,null,null,null,null,null,null,null,null,null,null,null,null,null,null,null,null,null,null,null,null,null,null,null,null,null,null,null,null,null,null,null,null,null,null,null,null,null,null,null,null,null,null,null,null,null,null,null,null,null,null,null,null,null,null,null,null,null,null,null,null,null,null,null,null,null,null,null,null,null,null,null,null,null,null,null,null,null,null,null,null,null,null,null,null,null,null,null,null,null,null,null,null,null,null,null,null,null,null,null,null,null,null,null,null,null,null,null,null,null,null,null,null,null,null,{"Sound":[{"SoundName":"CV_Varg_CutScene01.ogg","Volume":1.0}]},null,null,null,null,null,null,null,null,null,null,null,null,null,null,null,null,null,null,null,null,null,null,null,null,null,null,null,null,null,null,null,null,null,null,null,null,null,null,null,null,null,null,null,null,null,null],[null,null,{"RandomSound":[{"SoundName":"CV_Varg_Hurt02.ogg","Volume":1.0},{"SoundName":"CV_Varg_Hurt01.ogg","Volume":1.0},{"SoundName":"CV_Varg_Hurt03.ogg","Volume":1.0}],"Sound":[{"SoundName":"FootStep_Heavy_04.ogg","Volume":1.0}]},null,null,null,null,null,null,null,null,null,null,null,null,null,null,null,null,null,null,null,null,null,null,null,null,null,null,null,null],null,null,[null,null,null,null,null,null,null,{"Sound":[{"SoundName":"CV_Varg_AtkAction11_03.ogg","Volume":0.5}]},null,null,{"Sound":[{"SoundName":"FootStep_Heavy_04.ogg","Volume":1.0}]},null,null,null,null,null,null,null,null,null,null,null,{"EffectName":["Varg_RaidAttack1_GroundSweep"]},{"Sound":[{"SoundName":"FootStep_Heavy_04.ogg","Volume":1.0}]},null,null,null,null,null,null,null,{"Sound":[{"SoundName":"FootStep_Heavy_04.ogg","Volume":1.0}]},null,null,null,null,{"Sound":[{"SoundName":"FootStep_Heavy_04.ogg","Volume":1.0}]},null,{},null,null,null,{"Sound":[{"SoundName":"FootStep_Heavy_04.ogg","Volume":1.0}]},null,null,null,null,null,null,null,{"Enable_Weapon":true,"Sound":[{"SoundName":"WhooshAxe_02.ogg","Volume":1.0}]},null,{"EffectName":["Varg_RaidAttack1_AttackBodyParticle","Varg_RaidAttack1_Attack"]},{"Sound":[{"SoundName":"HeavySwordHitFloor_01.ogg","Volume":1.0}]},null,null,null,null,null,{"Enable_Weapon":false,"Sound":[{"SoundName":"FootStep_Heavy_04.ogg","Volume":1.0}]},null,null,null,null,null,null,null,null,null,null,null,null,null,null,null,null,null,null,null,null,null,null,null,null,null,null,null,null,null,null,null,null,null,null,null,null,null,null,null,{"Sound":[{"SoundName":"FootStep_Heavy_04.ogg","Volume":1.0}]},null,null],[null,null,null,null,null,null,null,null,null,null,null,null,null,null,null,null,null,null,null,null,null,null,null,null,null,null,null,null,null,null,null,null,null,null,null,null,null,null,null,null,null,null,{"Sound":[{"SoundName":"CV_Varg_AtkAction11_01.ogg","Volume":0.5},{"SoundName":"FootStep_Heavy_04.ogg","Volume":1.0}]},null,null,null,null,null,null,null,null,null,null,null,null,null,null,null,null,null,null,null,{"Sound":[{"SoundName":"FootStep_Heavy_04.ogg","Volume":1.0}]},null,null,null,null,{"EffectName":["Varg_RaidAtk2_JumpParticle"]},null,null,null,null,null,null,null,null,null,null,null,null,null,null,null,null,null,null,null,null,null,{"Enable_Weapon":true},{"Sound":[{"SoundName":"WhooshAxe_02.ogg","Volume":1.0}]},{"Sound":[{"SoundName":"FootStep_Heavy_04.ogg","Volume":1.0}]},null,null,{"EffectName":["Varg_RaidAtk2_GroundHit"],"Sound":[{"SoundName":"HeavySwordHitFloor_01.ogg","Volume":1.0}]},{"EffectName":["Varg_RaidAtk2_GroundHit_AfterParticle"]},null,null,null,null,null,null,null,null,null,null,null,null,{"Enable_Weapon":false},null,null,null,null,null,null,null,null,null,null,null,null,null,null,null,null,null,null,null,null,null,null,null,null,null,null,null,null,null,null,null,null,null,null,null,null,null,null,null,null,null,null,null,null,null,null,null,null,null,null,null,null,null,null,null,null,null,null,null,null,null,null,null,null,null,null,null,null,null,null,null,null,null,null,null,null,null,null,null,null,null,null,null,null,null,null,null,null,null,null,null,null],[null,null,null,null,null,null,null,null,null,null,{"Sound":[{"SoundName":"FootStep_Heavy_04.ogg","Volume":1.0}]},null,null,null,null,null,null,null,{"Sound":[{"SoundName":"FootStep_Heavy_04.ogg","Volume":1.0}]}],[null,null,null,null,null,null,null,null,null,null,null,null,null,{"Sound":[{"SoundName":"FootStep_Heavy_04.ogg","Volume":1.0}]},null,null,null,null,null,null,null,null,null,null,{"Sound":[{"SoundName":"FootStep_Heavy_04.ogg","Volume":1.0}]}],[null,null,null,null,null,null,null,null,null,null,null,null,{"Sound":[{"SoundName":"CV_Varg_AtkAction11_02.ogg","Volume":1.0}]},null,null,null,null,null,null,null,null,null,null,null,null,null,null,null,null,null,null,null,null,{"Sound":[{"SoundName":"FootStep_Heavy_04.ogg","Volume":1.0}]},null,null,null,null,null,null,null,null,null,null,null,null,{"Sound":[{"SoundName":"FootStep_Heavy_04.ogg","Volume":1.0}]},null,null,null,null,null,null,null,null,null,null,{"Sound":[{"SoundName":"FootStep_Heavy_04.ogg","Volume":1.0}]}],[null,null,null,null,null,null,null,null,null,null,null,null,null,null,null,null,null,null,null,null,null,null,null,null,null,null,null,null,null,null,null,null,null,null,null,null,null,null,null,null,null,null,null,null,null,null,null,null,null,null,null,null,null,null,null,null,null,null,null,null,null,null,null,null,null,null,null,null,null,null,null,null,null,null,null,null,null,null,null,null,null,null,null,null,null,null,null,null,null,null,null,null,null,null,null,null,null,null,null,null,null,null,null,null,null,null,null,null,null,null,null,null,null,null,null,null,null,null,null,null,null,null,null,null,null,null,null,null,null,null,null,null,null,null,null,null,null,null,null,null,null,null,null,null,null,null,null,null,null,null,null,null,null,null,null,null,null,null,null,null,null,null,null,null,null,null,null,null,null,null,null,null,null,null,null,null,null,null,null,null,null,null,null,null,null,null,null,null,null,null,null,null,null,null,null,null,null,null,null,null,null,null,null,null,null,null,null,null,null,null,null,null,null,null,null,null,null,null,null,null,null,null,null,null,null,null,null,null,null,null,null,null,null,null,null,null,null,null,null,null,null,null,null,null,null,null,null,null,null,null,null,null,null,null,null,null,null,null,null,null,null,null,null,null,null,null,null,null,null,null,null,null,null,null,null,null,null,null,null,null,null,null,null,null,null,null,null,null,null,null,null,null,null,null,null,null,null,null,null,null,null,null,null,null,null,null,null,null,null,null,null,null,null,null,null,null,null,null,null,null,null,null,null,null,null,null,null,null,null,null,null,null,null,null,null,null,null,null,null,null,null,null,null,null,null,null,null,null,null,null,null,null,null,null,null,null,null,null,null,null,null,null,null,null,null,null,null,null,null,null,null,null,null,null,null,null,null,null,null,null,null,null,null,null,null,null,null,null,null,null,null,null,null,null,null,null,null,null,null,null,null,null,null,null,null,null,null,null,null,null,null,null,null,null,null,null,null,null,null,null,null,null,null,null,null,null,null,null,null,null,null,null,null,null,null,null,null,null,null,null,null,null,null,null,null,null,null,null,null,null,null,null,null,null,null,null,null,null,null,null,null,null,null,null,null,null,null,null,{"EffectName":["Varg_BossFightStart"]},null,null,null,null,null,null,null,null,null,null,null,null,null,null,null,null,null,null,null,null,null,null,null,null,null,null,null,null,null,null,null,null,null,null,null,null,null,null,null,null,null,null,null,null,null,null,null,null,null,null,null,null,null,null,null,null,null,null,null,null,null,null,null,null,null,null,null,null,null,null,null,null,null,null,null,null,null,null,null,null,null,null,null,null,null,null,null,null,null,null,null,null,null,null,null,null,null,null,null,null,null,null,null,null,null,null,null,null,null,null,null,null,null,null,null,null,null,null,null,null,null,null,null,null,null,null,null,null,null,null,null,null,null,null,null,null,null,null,null,null,null,null,null,null,null,null,null,null,null,null,null,null,null,null,null,null,null,null,null,null,null,null,null,null,null,null,null,null,null,null,null,null,null,null,null,null,null,null,null,null,null,null,null,null,null,null,null,null,null,null,null,null,null,null,null,null,null,null,null,null,null,null,null,null,null,null,null,null,null,null,null,null,null,null,null,null,null,null,null,null,null,null,null,null,null,null,null,null,null,null,null,null,null,null,null,null,null,null,null,null,null,null,null,null,null,null,null,null,null,null,null,null,null,null,null,null,null,null,null,null,null,null,null,null,null,null,null,null,null,null,null,null,null,null,null,null,null,null,null,null,null,null,null,null,null,null,null,null,null,null,null,null,null,null,null,null,null,null,null,null,null,null,null,null,null,null,null,null,null,null,null,null,null,null,null,null,null,null,null,null,null,null,null,null,null,null,null,null,null,null,null,null,null,null,null,null,null,null,null,null,null,null,null,null,null,null,null,null,null,null,null,null,null,null,null,null,null,null,null,null,null,null,null,null,null,null,null,null,null,null,null,null,null,null,null,null,null,null,null,null,null,null,null,null,null,null,null,null,null,null,null,null,null,null,null,null,null,null,null,null,null,null,null,null,null,null,null,null,null,null,null,null,null,null,null,null,null,null,null,null,null,null,null,null,null,null,null,null,null,null,null,null,null,null,null,null,null,null,null,null,null,null,null,null,null,null,null,null,null,null,null,null,null,null,null,null,null,null,null,null,null,null,null,null,null,null,null,null,null,null,null,null,null,null,null,null,null,null,null,null,null,null,null,null,null,null,null,null,null,null,null,null,null,null,null,null,null,null,null,{"Sound":[{"SoundName":"CV_Varg_CutScene01.ogg","Volume":1.0}]},null,null,null,null,null,null,null,null,null,null,null,null,null,null,null,null,null,null,null,null,null,null,null,null,null,null,null,null,null,null,null,null,null,null,null,null,null,null,null,null,null,null,null,null,null,null,null,null,null,null,null,null,null,null,null,null,null,null,null,null,null,null,null,null,null,null,null,null,null,null,null,null,null,null,null,null,null,null,null,null,null,null,null,null,null,null,null,null,null,null,null,null,null,null,null,null,null,null,null,null,null,null,null,null,null,null,null,null,null,null,null,null,null,null,null,null,null,null,null,null,null,null,null,null,null,null,null,null,null,null,null,null,null,null,null,null,null,null,null,null,null,null,null,null,null,null,null,null,null,null,null,null,null,null,null,null,null,null,null,null,null,null,null,null,null,null,null,null,null,null,null,null,null,null,null,null,null,null,null,null,null,null,null,null,null,null,null,null,null,null,null,null,null,null,null,null,null,null,null,null,null,null,null,null,null,null,null,null,null,null,null,null,null,null,null,null,null,null,null,null,null,null,null,null,null,null,null,null,null,null,null,null,null,null,null,null,null,null,null,null,null,null,null,null,null,null,null,null,null,null,null,null,null,null,null,null,null,null,null,null,null,null,null,null,null,null,null,null,null,null,null,null,null,null,null,null,null,null,null,null,null,null,null,null,null,null,null,null,null,null,null,null,null,null,null,null,null,null,null,null,null,null,null,null,null,null,null,null,null,null,null,null,null,null,null,null,null,null,null,null,null,null,null,null,null,null,null,null,null,null,null,null,null,null,null,null,null,null,null,null,null,null,null,null,null,null,null,null,null,null,null,null,null,null,null,null,null,null,null,null,null,null,null,null,null,null,null,null,null,null,null,null,null,null,null,null,null,null,null,null,null,null,null,null,null,null,null,null,null,null,null,null,null,null,null,null,null,null,null,null,null,null,null,null,null,null,null,null,null,null,null,null,null,null,null,null,null,null,null,null,null,null,null,null,null,null,null,null,null,null,null,null,null,null,null,null,null,null,null,null,null,null,null,null,null,null,null,null,null,null,null,null,null,null,null,null,null,null,null,null,null,null,null,null,null,null,null,null,null,null,null,null,null,null,null,null,null,null,null,null,null,null,null,null,null,null,null,null,null,null,null,null,null,null,null,null,null,null,null,null,null,null,null,null,null,null,null,null,null,null,null,null,null,null,null,null,null,null,null,null,null,null,null,null,null,null,null,null,null,null,null,null,null,null,null,null,null,null,null,null,null,null,null,null,null,null,null,null,null,null,null,null,null,null,null,null,null,null,null,null,null,null,null,null,null,null,null,null,null,null,null,null,null,null,null,null,null,null,null,null,null,null,null,null,null,null,null,null,null,null,null,null,null,null,null,null,null,null,null,null,null,null,null,null,null,null,null,null,null,null,null,null,null,null,null,null,null,null,null,null,null,null,null,null,null,null,null,null,null,null,null,null,null,null,null,null,null,null],[{"Enable_Weapon":false}],[null,{"EffectName":["Varg_SPAtk1_Run_BodyParticle"]},null,null,null,null,null,null,null,null,null,null,null,null,null,null,null,null,null,null,null,{"Sound":[{"SoundName":"CV_Varg_AtkAction11_02.ogg","Volume":1.0}]},null,null,null,null,null,null,null,null,null,null,null,null,null,null,null,null,null,null,null,null,null,null,null,null,null,null,null,null,null,null,null,null,null,null,null,null,null,null,null,null,null,null,null,null,null,null,null,null,null,null,null,null,null,null,null,null,null,null,null,null,null,null,null,null,null,null,null,null,null,null,null,null,null,null,null,{"EffectName":["Varg_SPAtk1_Run_BodyParticle"]},null,{"Sound":[{"SoundName":"FootStep_Heavy_04.ogg","Volume":1.0}]},null,null,{"Sound":[{"SoundName":"WhooshAxe_02.ogg","Volume":1.0}]},null,null,null,null,null,null,null,null,null,null,null,null,null,null,null,null,null,null,null,null,null,null,{"Sound":[{"SoundName":"FootStep_Heavy_04.ogg","Volume":1.0}]},null,null,null,null,null,null,null,null,null,null,null,null,null,null,null,null,null,null,null,null,null,null,null,null,null,null,null,null,null,null,null,null,null,null,null,null,null,null,null,null,null,null,{"EffectName":["Varg_SPAtk1_Catch_PreBodyParticle"]},{"Sound":[{"SoundName":"FootStep_Heavy_04.ogg","Volume":1.0}]},null,null,null,null,null,null,null,null,null,null,null,null,null,null,null,null,null,null,null,null,null,null,null,null,null,null,null,null,null,null,null,null,null,null,null,null,null,null,null,null,null,{"Sound":[{"SoundName":"FootStep_Heavy_04.ogg","Volume":1.0}]},null,null,null,null,null,null,null,null,null,null,{"Sound":[{"SoundName":"WhooshAxe_02.ogg","Volume":1.0}]},null,{"Enable_Weapon":false},{"EffectName":["BossCatchAttack"]},null,{"EffectName":["Varg_SPAtk1_Catch_GroundHit","Varg_SPAtk1_Catch_AfterParticle"]},null,null,{"Sound":[{"SoundName":"HeavySwordHitFloor_01.ogg","Volume":1.0}]},null,null,null,null,null,null,null,null,null,null,null,null,null,null,null,null,null,null,null,null,null,null,{"Sound":[{"SoundName":"FootStep_Heavy_04.ogg","Volume":1.0}]},null,null,null,null,null,null,null,null,null,null,null,null,null,null,null,null,null,null,null,null,null,null,null,null,null,null,null,null,null,null,null,null,null,null,null,null,null,null,null,null,null,null,null,null,null,null,null,null,null,null,null,null,null,null,null,null,null,null,null,null,null,null,null,null,null,null,null,null,null,null,null,null,null,null,null,null,null,null,null,null,null,{"Sound":[{"SoundName":"FootStep_Heavy_04.ogg","Volume":1.0}]},null,null,null,null,null,null,null,null,null,null,null,null,null,null,null,null,null,null,null,null,null,null,null,null,null,null,null,null,null,null,null,null,null,null,null,null,null,null,null],[null,null,null,null,null,null,null,null,null,null,null,null,null,null,null,null,null,null,null,null,null,null,null,null,null,null,null,null,null,null,null,null,null,null,null,null,null,null,null,null,null,null,null,null,null,null,null,null,null,null,null,null,null,null,null,null,null,null,null,null,null,{"Sound":[{"SoundName":"CV_Varg_AtkAction11_01.ogg","Volume":1.0}]},null,null,null,null,null,null,null,null,null,null,null,null,null,null,null,null,null,null,null,null,null,null,null,null,null,null,null,null,null,null,null,null,null,null,null,null,null,null,null,null,null,null,null,null,null,null,null,null,null,null,null,null,null,null,null,null,null,null,null,null,null,null,null,null,null,null,null,null,null,null,null,null,null,null,null,null,null,null,null,null,null,null,null,null,null,null,null,null,null,null,null,null,null,null,null,null,null,null,null,{"Sound":[{"SoundName":"FootStep_Heavy_04.ogg","Volume":1.0}]},null,null,null,null,null,null,null,null,null,null,null,null,null,null,null,null,null,null,null,null,null,null,{"Sound":[{"SoundName":"CV_Varg_AtkAction11_02.ogg","Volume":1.0}]},null,null,null,null,null,null,null,null,null,null,null,null,null,null,null,null,null,null,null,null,{"Sound":[{"SoundName":"FootStep_Heavy_04.ogg","Volume":1.0}]},null,null,null,null,null,null,null,null,null,null,null,null,null,null,null,null,null,null,null,null,null,null,null,null,null,null,null,null,null,null,null,null,null,null,null,null,null,null,null,null,null,null,null,null,null,null,null,null,null,null,null,{"Sound":[{"SoundName":"FootStep_Heavy_04.ogg","Volume":1.0}]},null,null,null,null,null,null,null,null,{"Sound":[{"SoundName":"WhooshAxe_02.ogg","Volume":1.0}]},null,null,null,null,null,null,null,null,null,null,null,null,null,null,null,null,null,null,null,null,null,null,null,null,null,null,null,null,null,null,null,null,null,null,null,null,null,null,{"Sound":[{"SoundName":"FootStep_Heavy_04.ogg","Volume":1.0}]},null,null,null,null,null,null,null,null,null,null,null,null,null,null,null,null,null,null,null,null,null,null,null,null,null,null,null,null,null,null,null,null,null,null,null,null,null,null,null,null,null,null,null,null,null,null,null,null,null,null,null,null,null,null,null,null,null,null,null,null,null,null,{"Sound":[{"SoundName":"FootStep_Heavy_04.ogg","Volume":1.0}]},null,null,null,null,null,null,null,null,null,null,{"Sound":[{"SoundName":"CV_Varg_AtkAction06.ogg","Volume":1.0}]},{"Sound":[{"SoundName":"WhooshAxe_02.ogg","Volume":1.0}]},null,null,null,null,null,null,null,null,null,null,null,null,null,null,null,{"Sound":[{"SoundName":"HeavySwordHitFloor_01.ogg","Volume":1.0}]},null,null,null,null,null,null,null,null,null,null,null,{"Sound":[{"SoundName":"FootStep_Heavy_04.ogg","Volume":1.0}]},null,null,null,null,null,null,null,null,null,null,null,null,null,null,null,null,null,null,null,null,null,null,null,null,null,null,null,null,null,null,null,null,null,null,null,null,null,null,null,null,null,null,null,null,null,null,null,null,null,null,null,null,null,null,null,null,null,null,null,null,null,null,null,null,null,null,null,null,null,null,null,null,null,null,null,null,null,null,null,null,null,null,null,null,null,null,null,null,{"Sound":[{"SoundName":"FootStep_Heavy_04.ogg","Volume":1.0}]},null,null,null,null,null,null,null,null,null,null,null,null,null,null,null,null,null,null,null,null,null,null,null,null,null,null,null,null,null,null,null,null,null,null,null,null,null,null,null,null,null,null,null,null,null,null,null,null,null,null,null,null,null],[null,null,null,null,null,null,null,null,null,{"Sound":[{"SoundName":"CV_Varg_AtkAction07.ogg","Volume":1.0}]},null,null,null,null,null,null,null,null,null,null,null,null,null,null,null,{"Sound":[{"SoundName":"FootStep_Heavy_04.ogg","Volume":1.0}]},null,null,{"Sound":[{"SoundName":"WhooshAxe_01.ogg","Volume":1.0}]},null,null,{"Sound":[{"SoundName":"FootStep_Heavy_04.ogg","Volume":1.0}]},null,null,null,{"Sound":[{"SoundName":"FootStep_Heavy_04.ogg","Volume":1.0}]},null,null,null,null,null,null,null,null,null,null,null,null,null,null,null,null,null,null,null,null,null,{"Sound":[{"SoundName":"CV_Varg_AtkAction11_02.ogg","Volume":1.0}]},null,null,null,null,null,null,null,null,null,null,null,null,null,null,null,null,null,null,null,null,null,null,null,null,null,null,null,null,null,null,null,null,null,null,null,null,null,null],[{"Enable_Weapon":false},null,null,null,null,null,null,null,null,null,null,null,null,null,null,null,null,null,null,null,null,null,null,null,null,null,null,null,null,null,null,null,null,null,null,{"Sound":[{"SoundName":"CV_Varg_AtkAction11_01.ogg","Volume":1.0}]},null,null,{"EffectName":["vargRoar"]},null,null,null,null,null,null,null,null,null,null,null,null,null,null,null,null,null,null,null,null,null,null,null,null,null,null,null,null,null,null,null,null,null,null,null,null,null,null,null,null,null,null,null,null,null,null,null,null,null,null,null,null,null,null,null,null,null,null,null,null,null,null,null,null,null,null,null,null,null,null,null,null,null,null,null,null,null],[null,{"Sound":[{"SoundName":"CV_Varg_CutScene01.ogg","Volume":1.0}]},null,null,null,null,null,null,null,null,null,null,null,null,null,null,null,null,null,null,{"EffectName":["Varg_Phase2_Eye"]},null,null,null,null,null,null,null,null,null,null,null,null,null,null,{"Sound":[{"SoundName":"FootStep_Heavy_04.ogg","Volume":1.0}]},null,null,null,null,null,null,null,null,null,null,null,null,null,null,null,null,null,null,null,{"Sound":[{"SoundName":"CV_Varg_AtkAction11_01.ogg","Volume":1.0}]},null,null,null,null,{"EffectName":["Varg_RoarDistortion"]},null,null,null,{"EffectName":["vargRoar"]},null,null,null,null,null,{"EffectName":["Varg_RoarDistortion"]},null,null,null,null,null,null,null,null,null,{"EffectName":["Varg_RoarDistortion"]},null,null,null,null,null,null,null,null,null,null,null,null,null,null,null,null,null,null,null,null,null,null,null,null,null,null,null,null,null,null,null,null,null,null,null,null,null,null,null,null,null,null,null,null,null,null],[null,{"EffectName":["Varg_SPAtk1_Run_BodyParticle"]},null,null,{"EffectName":["VargSpecialAttack"]},null,null,null,null,null,null,{"Sound":[{"SoundName":"FootStep_Heavy_04.ogg","Volume":1.0}]},null,null,null,null,null],[null,{"Sound":[{"SoundName":"CV_Varg_CutScene01.ogg","Volume":1.0}]},null,null,null,null,null,null,null,null,null,null,null,null,null,null,null,null,null,null,null,null,null,null,null,null,null,null,null,null,null,null,null,null,null,null,null,null,null,null,null,null,null,null,null,null,null,null,null,null,null,null,null,null,null,null,null,null,null,null,null,null,null,null,null,null,null,null,{"Sound":[{"SoundName":"FootStep_Heavy_04.ogg","Volume":1.0}]},null,null,null,null,null,null,null,null,null,null,null,null,null,null,null,null,null],null,[null,null,null,{"Sound":[{"SoundName":"CV_Varg_Hurt01.ogg","Volume":1.0},{"SoundName":"CV_Varg_Hurt02.ogg","Volume":1.0}]},null,null,null,null,null,null,null,{"Sound":[{"SoundName":"FootStep_Heavy_04.ogg","Volume":1.0}]},null,null,null,null,null,null,null,null,null,null,null,null,null,null,null,null,{"Sound":[{"SoundName":"CV_Varg_Hurt01.ogg","Volume":1.0},{"SoundName":"FootStep_Heavy_04.ogg","Volume":1.0}]},null,null,null,null,null,null,null,null,null,null,null,null],[null,null,null,null,null,null,null,null,null,null,null,null,null,null,null,null,null,null,null,null,null,null,null,null,null,null,null,null,null,null,null,null,null,null,null,null,null,null,null,null,null,null,null,null,null,null,null,null,null,null,null,null,null,null,null,null,null,null,null,null,null,null,null,null,null,null,null,{"Sound":[{"SoundName":"CV_Varg_Hurt03.ogg","Volume":1.0}]},null,null,null,null,null,null,null,null,null,null,null,null,null,null,null,null,null,null,null,null,null,null,null,null,null,null,null,null,null,null,null,null,null,null,null,null,null,null,null,null,null,null,null,null,null,null,null,null,null,null,null,null,null,null,{"Sound":[{"SoundName":"CV_Varg_Hurt02.ogg","Volume":1.0}]},null,null,null,{"Sound":[{"SoundName":"FootStep_Heavy_04.ogg","Volume":1.0}]},null,null,null,null,null,null,null,null,null,null,null,null,null,null],[null,null,null,null,null,null,null,null,null,null,null,null,null,null,null,null,null,null,null,{"Sound":[{"SoundName":"CV_Varg_CutScene01.ogg","Volume":1.0}]},null,null,null,null,null,null,null,null,null,null,null,null,null,null,null,null,null,null,null,null,null,null,null,null,null,null,null,null,null,null,null,null,null,null,null,null,null,null,null,null,null,null,null,null,null,null,null,null,null,null,null,null,null,null,null,null,null,null,null],null,[null,null,null,null,null,{"Sound":[{"SoundName":"CV_Varg_Hurt01.ogg","Volume":1.0}]},null,null,null,null,null,null,{"Sound":[{"SoundName":"FootStep_Heavy_04.ogg","Volume":1.0}]},null,null,null,null,null,null,null,null,null,null,null,null,null,null,{"Sound":[{"SoundName":"CV_Varg_Hurt02.ogg","Volume":1.0},{"SoundName":"FootStep_Heavy_04.ogg","Volume":1.0}]},null,null,null,null,null,null],[null,null,null,null,null,{"Sound":[{"SoundName":"Impact_Blade_Metal_Medium_Armor_Flesh_05.wav","Volume":1.0},{"SoundName":"MagicianLV2_SwordIntoGround.ogg","Volume":1.0}]},null,null,null,null,null,null,null,null,null,null,null,null,null,null,null,null,null,null,null,null,null,null,null,null,null,null,null,null,null,null,null,null,null,null,null,null,null,null,null,null,null,null,null,null,null,null,null,null,null,null,null,null,null,null,null,null,null,null,null,null,null,null,null,null,null,null,null,null,null,null,null,{"Sound":[{"SoundName":"CV_Varg_Hurt03.ogg","Volume":1.0}]},null,null,null,null,null,null,null,null,null,null,{"Sound":[{"SoundName":"Impact_Blade_Metal_Medium_Armor_Flesh_04.wav","Volume":1.0},{"SoundName":"SwordSound6.wav","Volume":1.0}]},null,null,null,null,null,null,null,null,null,null,null,null,null,null,null,null,null,null,null,null,null,null,null,null,null,null,null,null,null,null,null,null,null,null,null,null,null,null,null,null,null,null,null,null,null,null,null,null,null,null,null,null,null,null,null,null,null,null,null,null,null,null,null,null,null,null,null,{"Sound":[{"SoundName":"CV_Varg_Hurt02.ogg","Volume":1.0}]},null,null,{"Sound":[{"SoundName":"Impact_Blade_Metal_Medium_Armor_Flesh_04.wav","Volume":1.0},{"SoundName":"SwordSound3.wav","Volume":1.0}]},null,null,null,null,null,null,null,null,null,null,null,null,null,null,null,null,null,{"Sound":[{"SoundName":"FootStep_Heavy_04.ogg","Volume":1.0}]},null,null,null,null,null,null,null,null,null,null,null,null,null,null,null,null,null,null,null,null,null,null,null,null,null,null,null,null,null,null,null,null,null,null,{"Sound":[{"SoundName":"FootStep_Heavy_04.ogg","Volume":1.0}]},null,null,null,null,null,null,null,null,null,null,null,null,null,null,null,null,null,null,null,null,null,null,null,null,null],[null,null,null,null,null,null,null,null,null,null,null,null,null,null,null,null,null,null,null,null,null,null,null,null,null,null,null,null,null,null,null,null,null,null,null,null,null,null,null,null,null,null,null,null,null,{"Sound":[{"SoundName":"Impact_Blade_Metal_Medium_Crystal_03.wav","Volume":1.0}]},null,null,null,null,{"Sound":[{"SoundName":"CV_Varg_Hurt01.ogg","Volume":1.0}]},null,null,null,null,null,null,null,null,null,null,null,null,null,null,null,null,null,null,null,null,null,null,null,null,null,null,null,null,null,null,null,null,null,null,null,null,null,null,null,null,null,null,null,null,null,null,null,null,null,null,null,null,null,null,null,null,null,null,null,null,null,null,null,null,null,null,null,null,null,null,null,null,null],[null,null,null,null,null,null,null,null,null,null,null,null,null,null,null,null,null,null,null,null,null,null,null,null,null,null,null,{"Sound":[{"SoundName":"FootStep_Heavy_04.ogg","Volume":1.0}]},null,null,null,null,null,null,null,null,null,null,null,null,null,null,null,null,null,null,null,null,null,{"Sound":[{"SoundName":"FootStep_Heavy_04.ogg","Volume":1.0}]},null,null,{"Enable_Weapon":true},{"Sound":[{"SoundName":"WhooshAxe_01.ogg","Volume":1.0}]},null,null,null,null,null,null,null,null,null,{"Sound":[{"SoundName":"HeavySwordHitFloor_01.ogg","Volume":1.0}]},null,null,null,null,{"Enable_Weapon":false},null,null,null,null,null,null,null,{"Sound":[{"SoundName":"FootStep_Heavy_04.ogg","Volume":1.0}]},null,null,null,null,null,null,null,null,null,null,null,null,null,null,null,null,null,null,null,null,null,null,null,null,null,null,null,null,null,null,null,null,null,null,null,null,null,null,null,null,null,null,null,null,null,null,null,null,null,null,null,null,null,null,null,null,null,null,null,null,null,null,null,null,null,null,null,null,null,null,null,null,null,null,null,null,null,null,null,null,null,null,null,null,null,null,null,null,null,null,null,null,null,null,null,null,null,null,null,null,null,null,null,null,null,null,null,null,null,null,null,null,null,null,null,null,null,null,null,null,null,null,null,null,null,null,null,null,null,null,null,null,null,null,null,null,null,null,null,null,null,null,null,null],[null,null,null,null,null,null,null,null,null,null,null,null,null,null,null,null,null,null,null,null,null,null,null,null,null,{"Sound":[{"SoundName":"FootStep_Heavy_04.ogg","Volume":1.0}]},null,null,null,null,null,null,null,null,null,null,null,null,null,null,null,null,null,null,null,null,{"Sound":[{"SoundName":"FootStep_Heavy_04.ogg","Volume":1.0}]},null,null,null,null],[null,null,null,null,null,null,null,null,null,null,null,null,null,null,null,null,null,null,null,null,null,null,{"Sound":[{"SoundName":"FootStep_Heavy_04.ogg","Volume":1.0}]},null,null,null,null,null,null,null,null,null,null,null,null,null,null,null,null,null,{"Sound":[{"SoundName":"FootStep_Heavy_04.ogg","Volume":1.0}]},null,null,null,null,null,null,null,null,null,null],[null,null,null,null,null,null,null,null,null,null,null,null,{"Sound":[{"SoundName":"FootStep_Heavy_04.ogg","Volume":1.0}]},null,null,null,null,null,null,null,null,null,null,null,null,null,null,null,null,null,null,null,null,null,null,null,{"Sound":[{"SoundName":"FootStep_Heavy_04.ogg","Volume":1.0}]},null],[null,null,null,null,null,null,null,null,null,null,null,null,null,null,null,{"Sound":[{"SoundName":"FootStep_Heavy_04.ogg","Volume":1.0}]},null,null,null,null,null,null,null,null,null,null,null,null,null,null,null,null,null,null,null,{"Sound":[{"SoundName":"FootStep_Heavy_04.ogg","Volume":1.0}]},null,null,null,null,null],[null,null,null,null,null,null,null,null,null,null,null,{"Sound":[{"SoundName":"FootStep_Heavy_04.ogg","Volume":1.0}]},null,null,null,null,null,null,null,null,null,null,null,null,null,null,null,null,null,null,null,null,null,null,null,{"Sound":[{"SoundName":"FootStep_Heavy_04.ogg","Volume":1.0}]},null,null],[null,null,null,null,null,null,null,null,null,null,null,null,null,null,null,{"Sound":[{"SoundName":"FootStep_Heavy_04.ogg","Volume":1.0}]},null,null,null,null,null,null,null,null,null,null,null,null,null,null,null,null,null,{"Sound":[{"SoundName":"FootStep_Heavy_04.ogg","Volume":1.0}]},null,null,null,null,null,null,null]]}
