{
  "GameObject": [
    {
      "Component": {
        "Transform": [
          [ 0.7634418606758118, -4.190951585769653e-09, 0.6457377076148987, 0.0 ],
          [ -0.26119646430015564, 0.9145498871803284, 0.3088151812553406, 0.0 ],
          [ -0.590601921081543, -0.4044657349586487, 0.6982548832893372, 0.0 ],
          [ 32.00278091430664, 3.098227024078369, 20.748397827148438, 1.0 ]
        ]
      },
      "Hash": 8675365520207489377,
      "Name": "class Client::CCamera_Free",
      "Setting": { "Enable": true }
    },
    {
      "Collider_Type": 0,
      "Component": { "Transform": { "": null } },
      "Dissolve": 0.0,
      "Hash": 15757666174375886015,
      "Invisibility": false,
      "ModelCom": "SM_WoodStairs01",
      "Name": "class Client::CStatic_Instancing_Prop",
      "NonCulling": false,
      "PropDesc": {
        "Prop Matrix (0)": [
          [ 0.0, -1.5700000524520874, 0.0, 0.0 ],
          [ 1.0, 1.0, 1.0, 0.0 ],
          [ 25.689252853393555, 0.0, 26.77164077758789, 0.0 ],
          [ 0.0, 0.0, 0.0, 0.0 ]
        ],
        "Prop Matrix (1)": [
          [ 0.0, -1.5700000524520874, 0.0, 0.0 ],
          [ 1.0, 1.0, 1.0, 0.0 ],
          [ 27.55927276611328, 0.0, 26.77164077758789, 0.0 ],
          [ 0.0, 0.0, 0.0, 0.0 ]
        ],
        "Prop Matrix (2)": [
          [ 0.0, -1.5700000524520874, 0.0, 0.0 ],
          [ 1.0, 1.0, 1.0, 0.0 ],
          [ 29.429237365722656, 0.0, 26.77164077758789, 0.0 ],
          [ 0.0, 0.0, 0.0, 0.0 ]
        ],
        "Prop Matrix (3)": [
          [ 0.0, 1.5700000524520874, 0.0, 0.0 ],
          [ 1.0, 1.0, 1.0, 0.0 ],
          [ 29.972339630126953, 0.0, 39.74407196044922, 0.0 ],
          [ 0.0, 0.0, 0.0, 0.0 ]
        ],
        "Prop Matrix (4)": [
          [ 0.0, 1.5700000524520874, 0.0, 0.0 ],
          [ 1.0, 1.0, 1.0, 0.0 ],
          [ 28.172340393066406, 0.0, 39.74407196044922, 0.0 ],
          [ 0.0, 0.0, 0.0, 0.0 ]
        ]
      },
      "SectionIndex": -1,
      "Setting": { "Enable": true }
    },
    {
      "Collider_Type": 0,
      "Component": { "Transform": { "": null } },
      "Dissolve": 0.0,
      "Hash": 15757666174375886015,
      "Invisibility": true,
      "ModelCom": "SM_WoodBeam3m",
      "Name": "class Client::CStatic_Instancing_Prop",
      "NonCulling": false,
      "PropDesc": null,
      "SectionIndex": -1,
      "Setting": { "Enable": true }
    },
    {
      "Collider_Type": 0,
      "Component": { "Transform": { "": null } },
      "Dissolve": 0.0,
      "Hash": 15757666174375886015,
      "Invisibility": true,
      "ModelCom": "SM_Wooden_Box_2_Cap",
      "Name": "class Client::CStatic_Instancing_Prop",
      "NonCulling": false,
      "PropDesc": null,
      "SectionIndex": -1,
      "Setting": { "Enable": true }
    },
    {
      "Collider_Type": 0,
      "Component": { "Transform": { "": null } },
      "Dissolve": 0.0,
      "Hash": 15757666174375886015,
      "Invisibility": false,
      "ModelCom": "SM_WoodStairs02",
      "Name": "class Client::CStatic_Instancing_Prop",
      "NonCulling": false,
      "PropDesc": {
        "Prop Matrix (0)": [
          [ 0.0, 0.0, 0.0, 0.0 ],
          [ 2.0, 1.0, 2.0, 0.0 ],
          [ 26.57183074951172, 0.0, 29.529865264892578, 0.0 ],
          [ 0.0, 0.0, 0.0, 0.0 ]
        ],
        "Prop Matrix (1)": [
          [ 0.0, 0.0, 0.0, 0.0 ],
          [ 2.0, 1.0, 2.0, 0.0 ],
          [ 23.04183578491211, 0.0, 29.529865264892578, 0.0 ],
          [ 0.0, 0.0, 0.0, 0.0 ]
        ],
        "Prop Matrix (10)": [
          [ 0.0, 0.0, 0.0, 0.0 ],
          [ 2.0, 1.0, 2.0, 0.0 ],
          [ 15.817896842956543, 5.640000820159912, 33.16384506225586, 0.0 ],
          [ 0.0, 0.0, 0.0, 0.0 ]
        ],
        "Prop Matrix (11)": [
          [ 0.0, 0.0, 0.0, 0.0 ],
          [ 2.0, 1.0, 2.0, 0.0 ],
          [ 15.847893714904785, 5.640000820159912, 29.553848266601563, 0.0 ],
          [ 0.0, 0.0, 0.0, 0.0 ]
        ],
        "Prop Matrix (12)": [
          [ 0.0, 0.0, 0.0, 0.0 ],
          [ 2.0, 1.0, 2.0, 0.0 ],
          [ 26.57200050354004, 0.0, 36.98988342285156, 0.0 ],
          [ 0.0, 0.0, 0.0, 0.0 ]
        ],
        "Prop Matrix (13)": [
          [ 0.0, 0.0, 0.0, 0.0 ],
          [ 2.0, 1.0, 2.0, 0.0 ],
          [ 23.04199981689453, 0.0, 36.98988342285156, 0.0 ],
          [ 0.0, 0.0, 0.0, 0.0 ]
        ],
        "Prop Matrix (14)": [
          [ 0.0, 0.0, 0.0, 0.0 ],
          [ 2.0, 1.0, 2.0, 0.0 ],
          [ 30.121829986572266, 0.0, 29.529865264892578, 0.0 ],
          [ 0.0, 0.0, 0.0, 0.0 ]
        ],
        "Prop Matrix (15)": [
          [ 0.0, 0.0, 0.0, 0.0 ],
          [ 2.0, 1.0, 2.0, 0.0 ],
          [ 33.66184616088867, 0.0, 29.529865264892578, 0.0 ],
          [ 0.0, 0.0, 0.0, 0.0 ]
        ],
        "Prop Matrix (2)": [
          [ 0.0, 0.0, 0.0, 0.0 ],
          [ 2.0, 1.0, 2.0, 0.0 ],
          [ 33.66184616088867, 0.0, 33.25987243652344, 0.0 ],
          [ 0.0, 0.0, 0.0, 0.0 ]
        ],
        "Prop Matrix (3)": [
          [ 0.0, 0.0, 0.0, 0.0 ],
          [ 2.0, 1.0, 2.0, 0.0 ],
          [ 30.121999740600586, 0.0, 33.25987243652344, 0.0 ],
          [ 0.0, 0.0, 0.0, 0.0 ]
        ],
        "Prop Matrix (4)": [
          [ 0.0, 0.0, 0.0, 0.0 ],
          [ 2.0, 1.0, 2.0, 0.0 ],
          [ 26.57200050354004, 0.0, 33.25987243652344, 0.0 ],
          [ 0.0, 0.0, 0.0, 0.0 ]
        ],
        "Prop Matrix (5)": [
          [ 0.0, 0.0, 0.0, 0.0 ],
          [ 2.0, 1.0, 2.0, 0.0 ],
          [ 23.04199981689453, 0.0, 33.25987243652344, 0.0 ],
          [ 0.0, 0.0, 0.0, 0.0 ]
        ],
        "Prop Matrix (6)": [
          [ 0.0, 0.0, 0.0, 0.0 ],
          [ 2.0, 1.0, 2.0, 0.0 ],
          [ 33.66184616088867, 0.0, 36.98988342285156, 0.0 ],
          [ 0.0, 0.0, 0.0, 0.0 ]
        ],
        "Prop Matrix (7)": [
          [ 0.0, 0.0, 0.0, 0.0 ],
          [ 2.0, 1.0, 2.0, 0.0 ],
          [ 30.121999740600586, 0.0, 36.98988342285156, 0.0 ],
          [ 0.0, 0.0, 0.0, 0.0 ]
        ],
        "Prop Matrix (8)": [
          [ 0.0, 0.0, 0.0, 0.0 ],
          [ 2.0, 1.0, 2.0, 0.0 ],
          [ 19.367895126342773, 5.640000820159912, 33.16384506225586, 0.0 ],
          [ 0.0, 0.0, 0.0, 0.0 ]
        ],
        "Prop Matrix (9)": [
          [ 0.0, 0.0, 0.0, 0.0 ],
          [ 2.0, 1.0, 2.0, 0.0 ],
          [ 19.367895126342773, 5.640000820159912, 29.553848266601563, 0.0 ],
          [ 0.0, 0.0, 0.0, 0.0 ]
        ]
      },
      "SectionIndex": -1,
      "Setting": { "Enable": true }
    },
    {
      "Collider_Type": 0,
      "Component": { "Transform": { "": null } },
      "Dissolve": 0.0,
      "Hash": 15757666174375886015,
      "Invisibility": true,
      "ModelCom": "SM_Wall_Stone_03_3m_Windowed",
      "Name": "class Client::CStatic_Instancing_Prop",
      "NonCulling": false,
      "PropDesc": {
        "Prop Matrix (0)": [
          [ 0.0, 0.0, 0.0, 0.0 ],
          [ 1.0, 1.0, 1.0, 0.0 ],
          [ 35.66593933105469, 3.2499990463256836, 27.630300521850586, 0.0 ],
          [ 0.0, 0.0, 0.0, 0.0 ]
        ],
        "Prop Matrix (1)": [
          [ 0.0, 0.0, 0.0, 0.0 ],
          [ 1.0, 1.0, 1.0, 0.0 ],
          [ 35.67124557495117, 3.2499990463256836, 35.709205627441406, 0.0 ],
          [ 0.0, 0.0, 0.0, 0.0 ]
        ],
        "Prop Matrix (2)": [
          [ 0.0, 0.0, 0.0, 0.0 ],
          [ 1.0, 1.0, 1.0, 0.0 ],
          [ 35.60930633544922, 3.2499990463256836, 30.115428924560547, 0.0 ],
          [ 0.0, 0.0, 0.0, 0.0 ]
        ],
        "Prop Matrix (3)": [
          [ 0.0, 0.0, 0.0, 0.0 ],
          [ 1.0, 1.0, 1.0, 0.0 ],
          [ 35.68929672241211, 3.2499990463256836, 33.08543014526367, 0.0 ],
          [ 0.0, 0.0, 0.0, 0.0 ]
        ]
      },
      "SectionIndex": -1,
      "Setting": { "Enable": true }
    },
    {
      "Collider_Type": 0,
      "Component": { "Transform": { "": null } },
      "Dissolve": 0.0,
      "Hash": 15757666174375886015,
      "Invisibility": false,
      "ModelCom": "SM_Wall_Stone_01_6m_Plain",
      "Name": "class Client::CStatic_Instancing_Prop",
      "NonCulling": false,
      "PropDesc": {
        "Prop Matrix (0)": [
          [ 0.0, 0.0, 0.0, 0.0 ],
          [ 1.0, 1.0, 1.0, 0.0 ],
          [ 35.65339279174805, 0.0, 32.788726806640625, 0.0 ],
          [ 0.0, 0.0, 0.0, 0.0 ]
        ],
        "Prop Matrix (1)": [
          [ 0.0, 0.0, 0.0, 0.0 ],
          [ 1.0, 1.0, 1.0, 0.0 ],
          [ 35.67338562011719, 0.0, 27.618724822998047, 0.0 ],
          [ 0.0, 0.0, 0.0, 0.0 ]
        ],
        "Prop Matrix (10)": [
          [ 0.0, 0.0, 0.0, 0.0 ],
          [ 1.0, 1.0, 1.0, 0.0 ],
          [ 21.297706604003906, 3.280000686645508, 27.706104278564453, 0.0 ],
          [ 0.0, 0.0, 0.0, 0.0 ]
        ],
        "Prop Matrix (11)": [
          [ 0.0, 0.0, 0.0, 0.0 ],
          [ 1.0, 1.0, 1.0, 0.0 ],
          [ 21.178781509399414, 3.2700002193450928, 32.9033317565918, 0.0 ],
          [ 0.0, 0.0, 0.0, 0.0 ]
        ],
        "Prop Matrix (12)": [
          [ 0.0, 0.32199999690055847, 0.0, 0.0 ],
          [ 1.0, 1.0, 1.0, 0.0 ],
          [ 36.250675201416016, -0.3599994480609894, 35.63568878173828, 0.0 ],
          [ 0.0, 0.0, 0.0, 0.0 ]
        ],
        "Prop Matrix (13)": [
          [ 0.0, 0.32199999690055847, 0.0, 0.0 ],
          [ 1.0, 1.0, 1.0, 0.0 ],
          [ 36.250675201416016, 2.9800007343292236, 35.63568878173828, 0.0 ],
          [ 0.0, 0.0, 0.0, 0.0 ]
        ],
        "Prop Matrix (14)": [
          [ 0.0, 1.5720000267028809, 0.0, 0.0 ],
          [ 1.0, 1.0, 1.0, 0.0 ],
          [ 21.079456329345703, 0.0799998939037323, 38.855491638183594, 0.0 ],
          [ 0.0, 0.0, 0.0, 0.0 ]
        ],
        "Prop Matrix (15)": [
          [ 0.0, 1.5720000267028809, 0.0, 0.0 ],
          [ 1.0, 1.0, 1.0, 0.0 ],
          [ 30.86880111694336, 0.08999990671873093, 38.80296325683594, 0.0 ],
          [ 0.0, 0.0, 0.0, 0.0 ]
        ],
        "Prop Matrix (2)": [
          [ 0.0, 1.5720000267028809, 0.0, 0.0 ],
          [ 1.0, 1.0, 1.0, 0.0 ],
          [ 20.979448318481445, 3.219998836517334, 38.865509033203125, 0.0 ],
          [ 0.0, 0.0, 0.0, 0.0 ]
        ],
        "Prop Matrix (3)": [
          [ 0.0, 1.5720000267028809, 0.0, 0.0 ],
          [ 1.0, 1.0, 1.0, 0.0 ],
          [ 30.86880111694336, 3.370000123977661, 38.722957611083984, 0.0 ],
          [ 0.0, 0.0, 0.0, 0.0 ]
        ],
        "Prop Matrix (4)": [
          [ 0.0, 1.5720000267028809, 0.0, 0.0 ],
          [ 1.0, 1.0, 1.0, 0.0 ],
          [ 18.85080337524414, 0.0799998939037323, 27.569622039794922, 0.0 ],
          [ 0.0, 0.0, 0.0, 0.0 ]
        ],
        "Prop Matrix (5)": [
          [ 0.0, 1.5720000267028809, 0.0, 0.0 ],
          [ 1.0, 1.0, 1.0, 0.0 ],
          [ 30.365299224853516, 0.0799998939037323, 27.64027214050293, 0.0 ],
          [ 0.0, 0.0, 0.0, 0.0 ]
        ],
        "Prop Matrix (6)": [
          [ 0.0, 1.5720000267028809, 0.0, 0.0 ],
          [ 1.0, 1.0, 1.0, 0.0 ],
          [ 18.840803146362305, 3.2699997425079346, 27.589622497558594, 0.0 ],
          [ 0.0, 0.0, 0.0, 0.0 ]
        ],
        "Prop Matrix (7)": [
          [ 0.0, 1.5720000267028809, 0.0, 0.0 ],
          [ 1.0, 1.0, 1.0, 0.0 ],
          [ 30.345298767089844, 3.3700003623962402, 27.64027214050293, 0.0 ],
          [ 0.0, 0.0, 0.0, 0.0 ]
        ],
        "Prop Matrix (8)": [
          [ 0.0, 0.0, 0.0, 0.0 ],
          [ 1.0, 1.0, 1.0, 0.0 ],
          [ 21.327707290649414, 0.0, 27.706104278564453, 0.0 ],
          [ 0.0, 0.0, 0.0, 0.0 ]
        ],
        "Prop Matrix (9)": [
          [ 0.0, 0.0, 0.0, 0.0 ],
          [ 1.0, 1.0, 1.0, 0.0 ],
          [ 21.23878288269043, 0.0, 32.84333801269531, 0.0 ],
          [ 0.0, 0.0, 0.0, 0.0 ]
        ]
      },
      "SectionIndex": -1,
      "Setting": { "Enable": true }
    },
    {
      "Collider_Type": 0,
      "Component": { "Transform": { "": null } },
      "Dissolve": 0.0,
      "Hash": 15757666174375886015,
      "Invisibility": false,
      "ModelCom": "SM_Wallkit_01b",
      "Name": "class Client::CStatic_Instancing_Prop",
      "NonCulling": false,
      "PropDesc": {
        "Prop Matrix (0)": [
          [ 0.0, 0.0, 0.0, 0.0 ],
          [ 0.2999999225139618, 0.2999999225139618, 0.2999999225139618, 0.0 ],
          [ 25.659053802490234, -0.3299999237060547, 41.64842987060547, 0.0 ],
          [ 0.0, 0.0, 0.0, 0.0 ]
        ],
        "Prop Matrix (1)": [
          [ 0.0, 0.0, 0.0, 0.0 ],
          [ 0.2999999225139618, 0.2999999225139618, 0.2999999225139618, 0.0 ],
          [ 22.619062423706055, -0.3299999237060547, 41.64842987060547, 0.0 ],
          [ 0.0, 0.0, 0.0, 0.0 ]
        ],
        "Prop Matrix (10)": [
          [ 0.0, 0.0, 0.0, 0.0 ],
          [ 0.2999999225139618, 0.2999999225139618, 0.2999999225139618, 0.0 ],
          [ 12.897884368896484, 2.7100000381469727, 62.976985931396484, 0.0 ],
          [ 0.0, 0.0, 0.0, 0.0 ]
        ],
        "Prop Matrix (11)": [
          [ 0.0, 0.0, 0.0, 0.0 ],
          [ 0.2999999225139618, 0.2999999225139618, 0.2999999225139618, 0.0 ],
          [ 38.46906661987305, -0.3299999237060547, 41.64842987060547, 0.0 ],
          [ 0.0, 0.0, 0.0, 0.0 ]
        ],
        "Prop Matrix (12)": [
          [ 0.0, 0.0, 0.0, 0.0 ],
          [ 0.2999999225139618, 0.2999999225139618, 0.2999999225139618, 0.0 ],
          [ 25.659053802490234, 2.7100014686584473, 41.64842987060547, 0.0 ],
          [ 0.0, 0.0, 0.0, 0.0 ]
        ],
        "Prop Matrix (13)": [
          [ 0.0, 0.0, 0.0, 0.0 ],
          [ 0.2999999225139618, 0.2999999225139618, 0.2999999225139618, 0.0 ],
          [ 15.947881698608398, 2.7100000381469727, 62.976985931396484, 0.0 ],
          [ 0.0, 0.0, 0.0, 0.0 ]
        ],
        "Prop Matrix (14)": [
          [ 0.0, 0.0, 0.0, 0.0 ],
          [ 0.2999999225139618, 0.2999999225139618, 0.2999999225139618, 0.0 ],
          [ 37.01788330078125, 2.7100000381469727, 62.976985931396484, 0.0 ],
          [ 0.0, 0.0, 0.0, 0.0 ]
        ],
        "Prop Matrix (15)": [
          [ 0.0, 0.0, 0.0, 0.0 ],
          [ 0.2999999225139618, 0.2999999225139618, 0.2999999225139618, 0.0 ],
          [ 43.11789321899414, 2.7100000381469727, 62.976985931396484, 0.0 ],
          [ 0.0, 0.0, 0.0, 0.0 ]
        ],
        "Prop Matrix (16)": [
          [ 0.0, 0.0, 0.0, 0.0 ],
          [ 0.2999999225139618, 0.2999999225139618, 0.2999999225139618, 0.0 ],
          [ 18.92787742614746, -0.3299999237060547, 62.976985931396484, 0.0 ],
          [ 0.0, 0.0, 0.0, 0.0 ]
        ],
        "Prop Matrix (17)": [
          [ 0.0, 0.0, 0.0, 0.0 ],
          [ 0.2999999225139618, 0.2999999225139618, 0.2999999225139618, 0.0 ],
          [ 15.917878150939941, -0.3299999237060547, 62.976985931396484, 0.0 ],
          [ 0.0, 0.0, 0.0, 0.0 ]
        ],
        "Prop Matrix (18)": [
          [ 0.0, 0.0, 0.0, 0.0 ],
          [ 0.2999999225139618, 0.2999999225139618, 0.2999999225139618, 0.0 ],
          [ 21.90787696838379, -0.3299999237060547, 62.976985931396484, 0.0 ],
          [ 0.0, 0.0, 0.0, 0.0 ]
        ],
        "Prop Matrix (19)": [
          [ 0.0, 1.5700000524520874, 0.0, 0.0 ],
          [ 0.2999999225139618, 0.2999999225139618, 0.2999999225139618, 0.0 ],
          [ 11.63913631439209, -0.3299999237060547, 55.05621337890625, 0.0 ],
          [ 0.0, 0.0, 0.0, 0.0 ]
        ],
        "Prop Matrix (2)": [
          [ 0.0, 1.5700000524520874, 0.0, 0.0 ],
          [ 0.2999999225139618, 0.2999999225139618, 0.2999999225139618, 0.0 ],
          [ 11.63913631439209, 2.7100000381469727, 42.80621337890625, 0.0 ],
          [ 0.0, 0.0, 0.0, 0.0 ]
        ],
        "Prop Matrix (20)": [
          [ 0.0, 0.0, 0.0, 0.0 ],
          [ 0.2999999225139618, 0.2999999225139618, 0.2999999225139618, 0.0 ],
          [ 21.90787696838379, 2.7100000381469727, 62.976985931396484, 0.0 ],
          [ 0.0, 0.0, 0.0, 0.0 ]
        ],
        "Prop Matrix (21)": [
          [ 0.0, 0.0, 0.0, 0.0 ],
          [ 0.2999999225139618, 0.2999999225139618, 0.2999999225139618, 0.0 ],
          [ 27.9578800201416, -0.3299999237060547, 62.976985931396484, 0.0 ],
          [ 0.0, 0.0, 0.0, 0.0 ]
        ],
        "Prop Matrix (22)": [
          [ 0.0, 1.5700000524520874, 0.0, 0.0 ],
          [ 0.2999999225139618, 0.2999999225139618, 0.2999999225139618, 0.0 ],
          [ 45.690025329589844, -0.3299999237060547, 43.431480407714844, 0.0 ],
          [ 0.0, 0.0, 0.0, 0.0 ]
        ],
        "Prop Matrix (23)": [
          [ 0.0, 1.5700000524520874, 0.0, 0.0 ],
          [ 0.2999999225139618, 0.2999999225139618, 0.2999999225139618, 0.0 ],
          [ 45.690025329589844, -0.3299999237060547, 49.43149185180664, 0.0 ],
          [ 0.0, 0.0, 0.0, 0.0 ]
        ],
        "Prop Matrix (24)": [
          [ 0.0, 1.5700000524520874, 0.0, 0.0 ],
          [ 0.2999999225139618, 0.2999999225139618, 0.2999999225139618, 0.0 ],
          [ 45.690025329589844, -0.3299999237060547, 46.421485900878906, 0.0 ],
          [ 0.0, 0.0, 0.0, 0.0 ]
        ],
        "Prop Matrix (25)": [
          [ 0.0, 1.5700000524520874, 0.0, 0.0 ],
          [ 0.2999999225139618, 0.2999999225139618, 0.2999999225139618, 0.0 ],
          [ 45.690025329589844, -0.3299999237060547, 52.45149612426758, 0.0 ],
          [ 0.0, 0.0, 0.0, 0.0 ]
        ],
        "Prop Matrix (26)": [
          [ 0.0, 0.0, 0.0, 0.0 ],
          [ 0.2999999225139618, 0.2999999225139618, 0.2999999225139618, 0.0 ],
          [ 13.469056129455566, -0.33000001311302185, 41.64842987060547, 0.0 ],
          [ 0.0, 0.0, 0.0, 0.0 ]
        ],
        "Prop Matrix (27)": [
          [ 0.0, 0.0, 0.0, 0.0 ],
          [ 0.2999999225139618, 0.2999999225139618, 0.2999999225139618, 0.0 ],
          [ 34.007896423339844, 2.7100000381469727, 62.976985931396484, 0.0 ],
          [ 0.0, 0.0, 0.0, 0.0 ]
        ],
        "Prop Matrix (28)": [
          [ 0.0, 1.5700000524520874, 0.0, 0.0 ],
          [ 0.2999999225139618, 0.2999999225139618, 0.2999999225139618, 0.0 ],
          [ 45.690025329589844, -0.3299999237060547, 58.51148986816406, 0.0 ],
          [ 0.0, 0.0, 0.0, 0.0 ]
        ],
        "Prop Matrix (29)": [
          [ 0.0, 1.5700000524520874, 0.0, 0.0 ],
          [ 0.2999999225139618, 0.2999999225139618, 0.2999999225139618, 0.0 ],
          [ 45.690025329589844, -0.3299999237060547, 61.56150436401367, 0.0 ],
          [ 0.0, 0.0, 0.0, 0.0 ]
        ],
        "Prop Matrix (3)": [
          [ 0.0, 0.0, 0.0, 0.0 ],
          [ 0.2999999225139618, 0.2999999225139618, 0.2999999225139618, 0.0 ],
          [ 37.01788330078125, -0.3299999237060547, 62.976985931396484, 0.0 ],
          [ 0.0, 0.0, 0.0, 0.0 ]
        ],
        "Prop Matrix (30)": [
          [ 0.0, 0.0, 0.0, 0.0 ],
          [ 0.2999999225139618, 0.2999999225139618, 0.2999999225139618, 0.0 ],
          [ 34.007896423339844, -0.3299999237060547, 62.976985931396484, 0.0 ],
          [ 0.0, 0.0, 0.0, 0.0 ]
        ],
        "Prop Matrix (31)": [
          [ 0.0, 0.0, 0.0, 0.0 ],
          [ 0.2999999225139618, 0.2999999225139618, 0.2999999225139618, 0.0 ],
          [ 40.05788803100586, -0.3299999237060547, 62.976985931396484, 0.0 ],
          [ 0.0, 0.0, 0.0, 0.0 ]
        ],
        "Prop Matrix (32)": [
          [ 0.0, 1.5700000524520874, 0.0, 0.0 ],
          [ 0.2999999225139618, 0.2999999225139618, 0.2999999225139618, 0.0 ],
          [ 11.63913631439209, 2.7100000381469727, 55.05621337890625, 0.0 ],
          [ 0.0, 0.0, 0.0, 0.0 ]
        ],
        "Prop Matrix (33)": [
          [ 0.0, 0.0, 0.0, 0.0 ],
          [ 0.2999999225139618, 0.2999999225139618, 0.2999999225139618, 0.0 ],
          [ 24.93787956237793, -0.3299999237060547, 62.976985931396484, 0.0 ],
          [ 0.0, 0.0, 0.0, 0.0 ]
        ],
        "Prop Matrix (34)": [
          [ 0.0, 0.0, 0.0, 0.0 ],
          [ 0.2999999225139618, 0.2999999225139618, 0.2999999225139618, 0.0 ],
          [ 16.539052963256836, 2.7100000381469727, 41.64842987060547, 0.0 ],
          [ 0.0, 0.0, 0.0, 0.0 ]
        ],
        "Prop Matrix (35)": [
          [ 0.0, 0.0, 0.0, 0.0 ],
          [ 0.2999999225139618, 0.2999999225139618, 0.2999999225139618, 0.0 ],
          [ 32.399070739746094, -0.3299999237060547, 41.64842987060547, 0.0 ],
          [ 0.0, 0.0, 0.0, 0.0 ]
        ],
        "Prop Matrix (36)": [
          [ 0.0, 0.0, 0.0, 0.0 ],
          [ 0.2999999225139618, 0.2999999225139618, 0.2999999225139618, 0.0 ],
          [ 35.4190788269043, -0.3299999237060547, 41.64842987060547, 0.0 ],
          [ 0.0, 0.0, 0.0, 0.0 ]
        ],
        "Prop Matrix (37)": [
          [ 0.0, 0.0, 0.0, 0.0 ],
          [ 0.2999999225139618, 0.2999999225139618, 0.2999999225139618, 0.0 ],
          [ 41.5290641784668, -0.3299999237060547, 41.64842987060547, 0.0 ],
          [ 0.0, 0.0, 0.0, 0.0 ]
        ],
        "Prop Matrix (38)": [
          [ 0.0, 1.5700000524520874, 0.0, 0.0 ],
          [ 0.2999999225139618, 0.2999999225139618, 0.2999999225139618, 0.0 ],
          [ 11.63913631439209, -0.33000001311302185, 58.1062126159668, 0.0 ],
          [ 0.0, 0.0, 0.0, 0.0 ]
        ],
        "Prop Matrix (39)": [
          [ 0.0, 1.5700000524520874, 0.0, 0.0 ],
          [ 0.2999999225139618, 0.2999999225139618, 0.2999999225139618, 0.0 ],
          [ 45.690025329589844, -0.3299999237060547, 55.48148727416992, 0.0 ],
          [ 0.0, 0.0, 0.0, 0.0 ]
        ],
        "Prop Matrix (4)": [
          [ 0.0, 1.5700000524520874, 0.0, 0.0 ],
          [ 0.2999999225139618, 0.2999999225139618, 0.2999999225139618, 0.0 ],
          [ 11.63913631439209, -0.3299999237060547, 45.876220703125, 0.0 ],
          [ 0.0, 0.0, 0.0, 0.0 ]
        ],
        "Prop Matrix (40)": [
          [ 0.0, 1.5700000524520874, 0.0, 0.0 ],
          [ 0.2999999225139618, 0.2999999225139618, 0.2999999225139618, 0.0 ],
          [ 11.63913631439209, -0.3299999237060547, 48.91622543334961, 0.0 ],
          [ 0.0, 0.0, 0.0, 0.0 ]
        ],
        "Prop Matrix (41)": [
          [ 0.0, 1.5700000524520874, 0.0, 0.0 ],
          [ 0.2999999225139618, 0.2999999225139618, 0.2999999225139618, 0.0 ],
          [ 11.63913631439209, 2.7100000381469727, 51.996219635009766, 0.0 ],
          [ 0.0, 0.0, 0.0, 0.0 ]
        ],
        "Prop Matrix (42)": [
          [ 0.0, 1.5700000524520874, 0.0, 0.0 ],
          [ 0.2999999225139618, 0.2999999225139618, 0.2999999225139618, 0.0 ],
          [ 11.63913631439209, 2.7100000381469727, 58.1062126159668, 0.0 ],
          [ 0.0, 0.0, 0.0, 0.0 ]
        ],
        "Prop Matrix (43)": [
          [ 0.0, 0.0, 0.0, 0.0 ],
          [ 0.2999999225139618, 0.2999999225139618, 0.2999999225139618, 0.0 ],
          [ 27.9578800201416, 2.7100000381469727, 62.976985931396484, 0.0 ],
          [ 0.0, 0.0, 0.0, 0.0 ]
        ],
        "Prop Matrix (44)": [
          [ 0.0, 0.0, 0.0, 0.0 ],
          [ 0.2999999225139618, 0.2999999225139618, 0.2999999225139618, 0.0 ],
          [ 43.11789321899414, -0.3299999237060547, 62.976985931396484, 0.0 ],
          [ 0.0, 0.0, 0.0, 0.0 ]
        ],
        "Prop Matrix (45)": [
          [ 0.0, 0.0, 0.0, 0.0 ],
          [ 0.2999999225139618, 0.2999999225139618, 0.2999999225139618, 0.0 ],
          [ 22.619062423706055, 2.7100000381469727, 41.64842987060547, 0.0 ],
          [ 0.0, 0.0, 0.0, 0.0 ]
        ],
        "Prop Matrix (46)": [
          [ 0.0, 1.5700000524520874, 0.0, 0.0 ],
          [ 0.20000000298023224, 0.2999999225139618, 0.20000000298023224, 0.0 ],
          [ 25.913841247558594, -0.3299999237060547, 40.03798294067383, 0.0 ],
          [ 0.0, 0.0, 0.0, 0.0 ]
        ],
        "Prop Matrix (47)": [
          [ 0.0, 1.5700000524520874, 0.0, 0.0 ],
          [ 0.20000000298023224, 0.2999999225139618, 0.20000000298023224, 0.0 ],
          [ 25.913841247558594, 2.700000047683716, 40.03798294067383, 0.0 ],
          [ 0.0, 0.0, 0.0, 0.0 ]
        ],
        "Prop Matrix (48)": [
          [ 0.0, 0.0, 0.0, 0.0 ],
          [ 0.2999999225139618, 0.2999999225139618, 0.2999999225139618, 0.0 ],
          [ 16.539052963256836, -0.33000001311302185, 41.64842987060547, 0.0 ],
          [ 0.0, 0.0, 0.0, 0.0 ]
        ],
        "Prop Matrix (49)": [
          [ 0.0, 0.0, 0.0, 0.0 ],
          [ 0.2999999225139618, 0.2999999225139618, 0.2999999225139618, 0.0 ],
          [ 19.589065551757813, 2.7100000381469727, 41.64842987060547, 0.0 ],
          [ 0.0, 0.0, 0.0, 0.0 ]
        ],
        "Prop Matrix (5)": [
          [ 0.0, 1.5700000524520874, 0.0, 0.0 ],
          [ 0.2999999225139618, 0.2999999225139618, 0.2999999225139618, 0.0 ],
          [ 11.63913631439209, 2.7100000381469727, 45.876220703125, 0.0 ],
          [ 0.0, 0.0, 0.0, 0.0 ]
        ],
        "Prop Matrix (50)": [
          [ 0.0, 0.0, 0.0, 0.0 ],
          [ 0.2999999225139618, 0.2999999225139618, 0.2999999225139618, 0.0 ],
          [ 40.05788803100586, 2.7100000381469727, 62.976985931396484, 0.0 ],
          [ 0.0, 0.0, 0.0, 0.0 ]
        ],
        "Prop Matrix (51)": [
          [ 0.0, 0.0, 0.0, 0.0 ],
          [ 0.2999999225139618, 0.2999999225139618, 0.2999999225139618, 0.0 ],
          [ 13.469056129455566, 2.7100000381469727, 41.64842987060547, 0.0 ],
          [ 0.0, 0.0, 0.0, 0.0 ]
        ],
        "Prop Matrix (52)": [
          [ 0.0, 1.5700000524520874, 0.0, 0.0 ],
          [ 0.2999999225139618, 0.2999999225139618, 0.2999999225139618, 0.0 ],
          [ 11.63913631439209, 2.7100000381469727, 48.91622543334961, 0.0 ],
          [ 0.0, 0.0, 0.0, 0.0 ]
        ],
        "Prop Matrix (53)": [
          [ 0.0, 1.5700000524520874, 0.0, 0.0 ],
          [ 0.2999999225139618, 0.2999999225139618, 0.2999999225139618, 0.0 ],
          [ 11.63913631439209, 2.7100000381469727, 61.04622268676758, 0.0 ],
          [ 0.0, 0.0, 0.0, 0.0 ]
        ],
        "Prop Matrix (54)": [
          [ 0.0, 0.0, 0.0, 0.0 ],
          [ 0.2999999225139618, 0.2999999225139618, 0.2999999225139618, 0.0 ],
          [ 30.977874755859375, -0.3299999237060547, 62.976985931396484, 0.0 ],
          [ 0.0, 0.0, 0.0, 0.0 ]
        ],
        "Prop Matrix (55)": [
          [ 0.0, 1.5700000524520874, 0.0, 0.0 ],
          [ 0.2999999225139618, 0.2999999225139618, 0.2999999225139618, 0.0 ],
          [ 11.63913631439209, -0.3299999237060547, 61.04622268676758, 0.0 ],
          [ 0.0, 0.0, 0.0, 0.0 ]
        ],
        "Prop Matrix (56)": [
          [ 0.0, 1.5700000524520874, 0.0, 0.0 ],
          [ 0.2999999225139618, 0.2999999225139618, 0.2999999225139618, 0.0 ],
          [ 11.63913631439209, -0.33000001311302185, 51.996219635009766, 0.0 ],
          [ 0.0, 0.0, 0.0, 0.0 ]
        ],
        "Prop Matrix (57)": [
          [ 0.0, 0.0, 0.0, 0.0 ],
          [ 0.2999999225139618, 0.2999999225139618, 0.2999999225139618, 0.0 ],
          [ 18.92787742614746, 2.7100000381469727, 62.976985931396484, 0.0 ],
          [ 0.0, 0.0, 0.0, 0.0 ]
        ],
        "Prop Matrix (58)": [
          [ 0.0, 0.0, 0.0, 0.0 ],
          [ 0.2999999225139618, 0.2999999225139618, 0.2999999225139618, 0.0 ],
          [ 19.589065551757813, -0.33000001311302185, 41.64842987060547, 0.0 ],
          [ 0.0, 0.0, 0.0, 0.0 ]
        ],
        "Prop Matrix (59)": [
          [ 0.0, 0.0, 0.0, 0.0 ],
          [ 0.2999999225139618, 0.2999999225139618, 0.2999999225139618, 0.0 ],
          [ 12.997884750366211, -0.3299999237060547, 62.976985931396484, 0.0 ],
          [ 0.0, 0.0, 0.0, 0.0 ]
        ],
        "Prop Matrix (6)": [
          [ 0.0, 0.0, 0.0, 0.0 ],
          [ 0.2999999225139618, 0.2999999225139618, 0.2999999225139618, 0.0 ],
          [ 24.93787956237793, 2.7100000381469727, 62.976985931396484, 0.0 ],
          [ 0.0, 0.0, 0.0, 0.0 ]
        ],
        "Prop Matrix (7)": [
          [ 0.0, 0.0, 0.0, 0.0 ],
          [ 0.2999999225139618, 0.2999999225139618, 0.2999999225139618, 0.0 ],
          [ 30.977874755859375, 2.7100000381469727, 62.976985931396484, 0.0 ],
          [ 0.0, 0.0, 0.0, 0.0 ]
        ],
        "Prop Matrix (8)": [
          [ 0.0, 1.5700000524520874, 0.0, 0.0 ],
          [ 0.2999999225139618, 0.2999999225139618, 0.2999999225139618, 0.0 ],
          [ 11.63913631439209, -0.3299999237060547, 42.80621337890625, 0.0 ],
          [ 0.0, 0.0, 0.0, 0.0 ]
        ],
        "Prop Matrix (9)": [
          [ 0.0, 0.0, 0.0, 0.0 ],
          [ 0.2999999225139618, 0.2999999225139618, 0.2999999225139618, 0.0 ],
          [ 44.58906555175781, -0.3299999237060547, 41.64842987060547, 0.0 ],
          [ 0.0, 0.0, 0.0, 0.0 ]
        ]
      },
      "SectionIndex": -1,
      "Setting": { "Enable": true }
    },
    {
      "Collider_Type": 0,
      "Component": { "Transform": { "": null } },
      "Dissolve": 0.0,
      "Hash": 15757666174375886015,
      "Invisibility": false,
      "ModelCom": "SM_WoodBeam3m",
      "Name": "class Client::CStatic_Instancing_Prop",
      "NonCulling": false,
      "PropDesc": {
        "Prop Matrix (0)": [
          [ 0.0, 0.0, 0.0, 0.0 ],
          [ 2.0, 2.0, 2.0, 0.0 ],
          [ 30.27200698852539, 3.7099993228912354, 27.672422409057617, 0.0 ],
          [ 0.0, 0.0, 0.0, 0.0 ]
        ],
        "Prop Matrix (1)": [
          [ 0.0, 0.0, 0.0, 0.0 ],
          [ 2.0, 2.0, 2.0, 0.0 ],
          [ 24.714143753051758, 3.7099993228912354, 27.729650497436523, 0.0 ],
          [ 0.0, 0.0, 0.0, 0.0 ]
        ],
        "Prop Matrix (10)": [
          [ 0.0, 0.0, 0.0, 0.0 ],
          [ 2.0, 2.499999523162842, 2.0, 0.0 ],
          [ 14.091130256652832, 2.940000057220459, 27.741687774658203, 0.0 ],
          [ 0.0, 0.0, 0.0, 0.0 ]
        ],
        "Prop Matrix (11)": [
          [ 0.0, 0.0, 0.0, 0.0 ],
          [ 2.0, 2.499999523162842, 2.0, 0.0 ],
          [ 14.091130256652832, 2.940000057220459, 35.07168197631836, 0.0 ],
          [ 0.0, 0.0, 0.0, 0.0 ]
        ],
        "Prop Matrix (2)": [
          [ 0.0, 0.0, 0.0, 0.0 ],
          [ 2.0, 2.499999523162842, 2.0, 0.0 ],
          [ 26.98578643798828, 2.940000057220459, 38.90888977050781, 0.0 ],
          [ 0.0, 0.0, 0.0, 0.0 ]
        ],
        "Prop Matrix (3)": [
          [ 0.0, 0.0, 0.0, 0.0 ],
          [ 2.0, 2.499999523162842, 2.0, 0.0 ],
          [ 31.0658016204834, 2.940000057220459, 38.90888977050781, 0.0 ],
          [ 0.0, 0.0, 0.0, 0.0 ]
        ],
        "Prop Matrix (4)": [
          [ 0.0, 0.0, 0.0, 0.0 ],
          [ 2.0, 2.499999523162842, 2.0, 0.0 ],
          [ 35.41502380371094, 2.940000057220459, 27.79906463623047, 0.0 ],
          [ 0.0, 0.0, 0.0, 0.0 ]
        ],
        "Prop Matrix (5)": [
          [ 0.0, 0.0, 0.0, 0.0 ],
          [ 2.0, 2.499999523162842, 2.0, 0.0 ],
          [ 19.071125030517578, 2.940000057220459, 27.741687774658203, 0.0 ],
          [ 0.0, 0.0, 0.0, 0.0 ]
        ],
        "Prop Matrix (6)": [
          [ 0.0, 0.0, 0.0, 0.0 ],
          [ 2.0, 2.499999523162842, 2.0, 0.0 ],
          [ 35.4233512878418, 2.940000057220459, 38.752197265625, 0.0 ],
          [ 0.0, 0.0, 0.0, 0.0 ]
        ],
        "Prop Matrix (7)": [
          [ 0.0, 0.0, 0.0, 0.0 ],
          [ 2.0, 2.499999523162842, 2.0, 0.0 ],
          [ 21.14959716796875, 2.940000057220459, 27.80893898010254, 0.0 ],
          [ 0.0, 0.0, 0.0, 0.0 ]
        ],
        "Prop Matrix (8)": [
          [ 0.0, 0.0, 0.0, 0.0 ],
          [ 2.0, 2.499999523162842, 2.0, 0.0 ],
          [ 21.06373405456543, 2.940000057220459, 38.90810775756836, 0.0 ],
          [ 0.0, 0.0, 0.0, 0.0 ]
        ],
        "Prop Matrix (9)": [
          [ 0.0, 0.0, 0.0, 0.0 ],
          [ 2.0, 2.499999523162842, 2.0, 0.0 ],
          [ 21.008581161499023, 2.940000057220459, 34.736690521240234, 0.0 ],
          [ 0.0, 0.0, 0.0, 0.0 ]
        ]
      },
      "SectionIndex": -1,
      "Setting": { "Enable": true }
    },
    {
      "Component": {
        "Transform": [
          [ 1.0, 0.0, 0.0, 0.0 ],
          [ 0.0, 1.0, 2.6941299438476563e-05, 0.0 ],
          [ 0.0, -2.6941299438476563e-05, 1.0, 0.0 ],
          [ -28.66851806640625, 0.0, -48.06174087524414, 1.0 ]
        ]
      },
      "Hash": 12159710856434595157,
      "Name": "class Client::CGround",
      "Setting": { "Enable": true },
      "ShaderPass": 1,
      "TextureInfo": {
        "g_Texture_AddNo1": {
          "Density": 30.0,
          "Diff": "T_BrickWall_Damaged_01b_D",
          "Norm": "T_BrickWall_Damaged_01b_N"
        },
        "g_Texture_AddNo2": {
          "Density": 30.0,
          "Diff": "T_GroundMud_D",
          "Norm": "T_GroundMud_N"
        },
        "g_Texture_AddNo3": {
          "Density": 30.0,
          "Diff": "T_moss_1_a_D",
          "Norm": "T_moss_1_a_N"
        },
        "g_Texture_Sorc": {
          "Density": 60.0,
          "Diff": "Soil_D",
          "Norm": "Soil_N"
        }
      },
      "VIBufferCom": "Stage_Home",
      "g_FilterTexture": "Stage_Home_Filter"
    },
    {
      "Collider_Type": 0,
      "Component": { "Transform": { "": null } },
      "Dissolve": 0.0,
      "Hash": 15757666174375886015,
      "Invisibility": true,
      "ModelCom": "SM_Ruins_02",
      "Name": "class Client::CStatic_Instancing_Prop",
      "NonCulling": false,
      "PropDesc": {
        "Prop Matrix (0)": [
          [ 0.0, -1.5700000524520874, 0.0, 0.0 ],
          [ 1.0, 1.0, 1.0, 0.0 ],
          [ 81.1337661743164, 0.0, -4.175100326538086, 0.0 ],
          [ 0.0, 0.0, 0.0, 0.0 ]
        ],
        "Prop Matrix (1)": [
          [ 0.0, -3.140000104904175, 0.0, 0.0 ],
          [ 1.0, 1.0, 1.0, 0.0 ],
          [ -5.118600368499756, 0.0, 9.283843040466309, 0.0 ],
          [ 0.0, 0.0, 0.0, 0.0 ]
        ],
        "Prop Matrix (2)": [
          [ 0.0, -1.5700000524520874, 0.0, 0.0 ],
          [ 1.0, 1.0, 1.0, 0.0 ],
          [ -8.30492115020752, 0.0, 32.85208511352539, 0.0 ],
          [ 0.0, 0.0, 0.0, 0.0 ]
        ]
      },
      "SectionIndex": -1,
      "Setting": { "Enable": true }
    },
    {
      "Collider_Type": 0,
      "Component": { "Transform": { "": null } },
      "Dissolve": 0.0,
      "Hash": 15757666174375886015,
      "Invisibility": true,
      "ModelCom": "SM_Ruins_04",
      "Name": "class Client::CStatic_Instancing_Prop",
      "NonCulling": false,
      "PropDesc": {
        "Prop Matrix (0)": [
          [ 0.0, 3.140000104904175, 0.0, 0.0 ],
          [ 1.0, 1.0, 1.0, 0.0 ],
          [ 27.083391189575195, 0.0, -22.59027862548828, 0.0 ],
          [ 0.0, 0.0, 0.0, 0.0 ]
        ]
      },
      "SectionIndex": -1,
      "Setting": { "Enable": true }
    },
    {
      "Collider_Type": 0,
      "Component": { "Transform": { "": null } },
      "Dissolve": 0.0,
      "Hash": 15757666174375886015,
      "Invisibility": true,
      "ModelCom": "SM_Ruins_08",
      "Name": "class Client::CStatic_Instancing_Prop",
      "NonCulling": false,
      "PropDesc": {
        "Prop Matrix (0)": [
          [ 0.0, 0.0, 0.0, 0.0 ],
          [ 1.0, 1.0, 1.0, 0.0 ],
          [ 42.998626708984375, 0.0, -27.908645629882813, 0.0 ],
          [ 0.0, 0.0, 0.0, 0.0 ]
        ]
      },
      "SectionIndex": -1,
      "Setting": { "Enable": true }
    },
    {
      "Collider_Type": 0,
      "Component": { "Transform": { "": null } },
      "Dissolve": 0.0,
      "Hash": 15757666174375886015,
      "Invisibility": true,
      "ModelCom": "SM_wall_short_brick_2_a",
      "Name": "class Client::CStatic_Instancing_Prop",
      "NonCulling": false,
      "PropDesc": {
        "Prop Matrix (0)": [
          [ 0.0, 1.5700000524520874, 0.0, 0.0 ],
          [ 1.0, 1.0, 1.0, 0.0 ],
          [ 35.80975341796875, -0.0800001323223114, 25.247644424438477, 0.0 ],
          [ 0.0, 0.0, 0.0, 0.0 ]
        ],
        "Prop Matrix (1)": [
          [ 0.0, 1.5700000524520874, 3.1419999599456787, 0.0 ],
          [ 1.0, 1.0, 1.0, 0.0 ],
          [ 35.923805236816406, 0.8399998545646667, 22.276222229003906, 0.0 ],
          [ 0.0, 0.0, 0.0, 0.0 ]
        ],
        "Prop Matrix (10)": [
          [ 0.0, 1.7599998712539673, 0.0, 0.0 ],
          [ 1.0, 1.0, 1.0, 0.0 ],
          [ 34.64485549926758, -0.15000014007091522, -7.938770294189453, 0.0 ],
          [ 0.0, 0.0, 0.0, 0.0 ]
        ],
        "Prop Matrix (11)": [
          [ 0.0, 1.7399998903274536, 3.1419999599456787, 0.0 ],
          [ 1.0, 1.0, 1.0, 0.0 ],
          [ 35.20673751831055, 0.8500000834465027, -4.838203430175781, 0.0 ],
          [ 0.0, 0.0, 0.0, 0.0 ]
        ],
        "Prop Matrix (12)": [
          [ 0.0, 1.5700000524520874, 3.1419999599456787, 0.0 ],
          [ 1.0, 1.0, 1.0, 0.0 ],
          [ 18.608959197998047, 0.8799998164176941, 26.70627784729004, 0.0 ],
          [ 0.0, 0.0, 0.0, 0.0 ]
        ],
        "Prop Matrix (13)": [
          [ 0.0, 1.5700000524520874, 3.1419999599456787, 0.0 ],
          [ 1.0, 1.0, 1.0, 0.0 ],
          [ 18.749799728393555, 0.8799998164176941, 8.34672737121582, 0.0 ],
          [ 0.0, 0.0, 0.0, 0.0 ]
        ],
        "Prop Matrix (14)": [
          [ 0.0, 1.5700000524520874, 0.0, 0.0 ],
          [ 1.0, 1.0, 1.0, 0.0 ],
          [ 18.70368194580078, -0.0800001323223114, 23.63037109375, 0.0 ],
          [ 0.0, 0.0, 0.0, 0.0 ]
        ],
        "Prop Matrix (15)": [
          [ 0.0, 1.5700000524520874, 3.1419999599456787, 0.0 ],
          [ 1.0, 1.0, 1.0, 0.0 ],
          [ 18.812389373779297, 0.8799998164176941, 20.740388870239258, 0.0 ],
          [ 0.0, 0.0, 0.0, 0.0 ]
        ],
        "Prop Matrix (16)": [
          [ 0.0, 1.5700000524520874, 0.0, 0.0 ],
          [ 1.0, 1.0, 1.0, 0.0 ],
          [ 18.76590347290039, -0.0800001323223114, 17.37407684326172, 0.0 ],
          [ 0.0, 0.0, 0.0, 0.0 ]
        ],
        "Prop Matrix (2)": [
          [ 0.0, 1.5700000524520874, 0.0, 0.0 ],
          [ 1.0, 1.0, 1.0, 0.0 ],
          [ 18.88184928894043, -0.0800001323223114, 11.275474548339844, 0.0 ],
          [ 0.0, 0.0, 0.0, 0.0 ]
        ],
        "Prop Matrix (3)": [
          [ 0.0, 1.5700000524520874, 0.0, 0.0 ],
          [ 1.0, 1.0, 1.0, 0.0 ],
          [ 35.537391662597656, -0.5799998044967651, 0.4300469160079956, 0.0 ],
          [ 0.0, 0.0, 0.0, 0.0 ]
        ],
        "Prop Matrix (4)": [
          [ 0.0, 1.5700000524520874, 3.1419999599456787, 0.0 ],
          [ 1.0, 1.0, 1.0, 0.0 ],
          [ 18.772911071777344, 0.8799998164176941, 14.386646270751953, 0.0 ],
          [ 0.0, 0.0, 0.0, 0.0 ]
        ],
        "Prop Matrix (5)": [
          [ 0.0, 1.5700000524520874, 3.1419999599456787, 0.0 ],
          [ 1.0, 1.0, 1.0, 0.0 ],
          [ 35.7110710144043, 0.8799999356269836, 28.358766555786133, 0.0 ],
          [ 0.0, 0.0, 0.0, 0.0 ]
        ],
        "Prop Matrix (6)": [
          [ 0.0, 1.5700000524520874, 3.1419999599456787, 0.0 ],
          [ 1.0, 1.0, 1.0, 0.0 ],
          [ 35.53892135620117, 0.8899999856948853, 9.549276351928711, 0.0 ],
          [ 0.0, 0.0, 0.0, 0.0 ]
        ],
        "Prop Matrix (7)": [
          [ 0.0, 1.5700000524520874, 0.0, 0.0 ],
          [ 1.0, 1.0, 1.0, 0.0 ],
          [ 35.44016647338867, -0.16000014543533325, 6.412834644317627, 0.0 ],
          [ 0.0, 0.0, 0.0, 0.0 ]
        ],
        "Prop Matrix (8)": [
          [ 0.0, 1.5700000524520874, 0.0, 0.0 ],
          [ 1.0, 1.0, 1.0, 0.0 ],
          [ 35.34149169921875, -0.13000015914440155, 2.8500707149505615, 0.0 ],
          [ 0.0, 0.0, 0.0, 0.0 ]
        ],
        "Prop Matrix (9)": [
          [ 0.0, 1.5700000524520874, 0.0, 0.0 ],
          [ 1.0, 1.0, 1.0, 0.0 ],
          [ 35.46870803833008, -0.2100001573562622, -1.8360790014266968, 0.0 ],
          [ 0.0, 0.0, 0.0, 0.0 ]
        ]
      },
      "SectionIndex": -1,
      "Setting": { "Enable": true }
    },
    {
      "Collider_Type": 0,
      "Component": { "Transform": { "": null } },
      "Dissolve": 0.0,
      "Hash": 15757666174375886015,
      "Invisibility": true,
      "ModelCom": "SM_Fence_04",
      "Name": "class Client::CStatic_Instancing_Prop",
      "NonCulling": false,
      "PropDesc": {
        "Prop Matrix (0)": [
          [ 0.0, 1.559999942779541, 0.0, 0.0 ],
          [ 1.2999999523162842, 1.2999999523162842, 1.2999999523162842, 0.0 ],
          [ 18.542949676513672, 0.6699999570846558, 25.250459671020508, 0.0 ],
          [ 0.0, 0.0, 0.0, 0.0 ]
        ],
        "Prop Matrix (1)": [
          [ 0.0, 1.559999942779541, 0.0, 0.0 ],
          [ 1.2999999523162842, 1.2999999523162842, 1.2999999523162842, 0.0 ],
          [ 18.542949676513672, 0.6699999570846558, 22.0904598236084, 0.0 ],
          [ 0.0, 0.0, 0.0, 0.0 ]
        ],
        "Prop Matrix (2)": [
          [ 0.0, 1.559999942779541, 0.0, 0.0 ],
          [ 1.2999999523162842, 1.2999999523162842, 1.2999999523162842, 0.0 ],
          [ 18.542949676513672, 0.6699999570846558, 18.93046760559082, 0.0 ],
          [ 0.0, 0.0, 0.0, 0.0 ]
        ],
        "Prop Matrix (3)": [
          [ 0.0, 1.559999942779541, 0.0, 0.0 ],
          [ 1.2999999523162842, 1.2999999523162842, 1.2999999523162842, 0.0 ],
          [ 18.542949676513672, 0.6699999570846558, 15.770461082458496, 0.0 ],
          [ 0.0, 0.0, 0.0, 0.0 ]
        ],
        "Prop Matrix (4)": [
          [ 0.0, 1.559999942779541, 0.0, 0.0 ],
          [ 1.2999999523162842, 1.2999999523162842, 1.2999999523162842, 0.0 ],
          [ 18.542949676513672, 0.6699999570846558, 12.65046501159668, 0.0 ],
          [ 0.0, 0.0, 0.0, 0.0 ]
        ],
        "Prop Matrix (5)": [
          [ 0.0, 1.559999942779541, 0.0, 0.0 ],
          [ 1.2999999523162842, 1.2999999523162842, 1.2999999523162842, 0.0 ],
          [ 18.542949676513672, 0.6699999570846558, 9.480464935302734, 0.0 ],
          [ 0.0, 0.0, 0.0, 0.0 ]
        ]
      },
      "SectionIndex": -1,
      "Setting": { "Enable": true }
    },
    {
      "Collider_Type": 0,
      "Component": { "Transform": { "": null } },
      "Dissolve": 0.0,
      "Hash": 15757666174375886015,
      "Invisibility": true,
      "ModelCom": "SM_fence_13",
      "Name": "class Client::CStatic_Instancing_Prop",
      "NonCulling": false,
      "PropDesc": {
        "Prop Matrix (0)": [
          [ 0.0, 0.0, 0.0, 0.0 ],
          [ 2.000000238418579, 2.000000238418579, 2.000000238418579, 0.0 ],
          [ 37.319671630859375, -0.060000188648700714, -10.053534507751465, 0.0 ],
          [ 0.0, 0.0, 0.0, 0.0 ]
        ],
        "Prop Matrix (1)": [
          [ -0.019999999552965164, 0.0, 0.0, 0.0 ],
          [ 2.000000238418579, 2.000000238418579, 2.000000238418579, 0.0 ],
          [ 42.98967361450195, -0.060000188648700714, -10.053534507751465, 0.0 ],
          [ 0.0, 0.0, 0.0, 0.0 ]
        ],
        "Prop Matrix (2)": [
          [ 0.0, 1.5700000524520874, 0.0, 0.0 ],
          [ 2.000000238418579, 2.000000238418579, 2.000000238418579, 0.0 ],
          [ 47.32325744628906, -0.060000188648700714, -17.425596237182617, 0.0 ],
          [ 0.0, 0.0, 0.0, 0.0 ]
        ],
        "Prop Matrix (3)": [
          [ 0.0, 1.5700000524520874, 0.0, 0.0 ],
          [ 2.000000238418579, 2.000000238418579, 2.000000238418579, 0.0 ],
          [ 47.31954574584961, -0.060000188648700714, -23.092159271240234, 0.0 ],
          [ 0.0, 0.0, 0.0, 0.0 ]
        ]
      },
      "SectionIndex": -1,
      "Setting": { "Enable": true }
    },
    {
      "Collider_Type": 0,
      "Component": { "Transform": { "": null } },
      "Dissolve": 0.0,
      "Hash": 15757666174375886015,
      "Invisibility": true,
      "ModelCom": "SideRoom_Last_Right02",
      "Name": "class Client::CStatic_Instancing_Prop",
      "NonCulling": false,
      "PropDesc": {
        "Prop Matrix (0)": [
          [ 0.0, -1.5700000524520874, 0.0, 0.0 ],
          [ 0.25, 0.49999991059303284, 0.41999998688697815, 0.0 ],
          [ 44.66357421875, 0.0, 12.967292785644531, 0.0 ],
          [ 0.0, 0.0, 0.0, 0.0 ]
        ],
        "Prop Matrix (1)": [
          [ 0.0, 1.5700000524520874, 0.0, 0.0 ],
          [ 0.25, 0.49999991059303284, 0.41999998688697815, 0.0 ],
          [ 44.66400146484375, 0.0, 18.56437873840332, 0.0 ],
          [ 0.0, 0.0, 0.0, 0.0 ]
        ]
      },
      "SectionIndex": -1,
      "Setting": { "Enable": true }
    },
    {
      "Collider_Type": 0,
      "Component": { "Transform": { "": null } },
      "Dissolve": 0.0,
      "Hash": 15757666174375886015,
      "Invisibility": true,
      "ModelCom": "SM_fence_21",
      "Name": "class Client::CStatic_Instancing_Prop",
      "NonCulling": false,
      "PropDesc": {
        "Prop Matrix (0)": [
          [ 0.0, 0.0, 0.0, 0.0 ],
          [ 1.0, 1.0, 1.0, 0.0 ],
          [ 34.49326705932617, 0.0, -9.991910934448242, 0.0 ],
          [ 0.0, 0.0, 0.0, 0.0 ]
        ],
        "Prop Matrix (1)": [
          [ 0.0, 0.0, 0.0, 0.0 ],
          [ 1.0, 1.0, 1.0, 0.0 ],
          [ 40.213260650634766, 0.0, -9.991910934448242, 0.0 ],
          [ 0.0, 0.0, 0.0, 0.0 ]
        ],
        "Prop Matrix (2)": [
          [ 0.0, 0.0, 0.0, 0.0 ],
          [ 1.0, 1.0, 1.0, 0.0 ],
          [ 45.853267669677734, 0.0, -9.991910934448242, 0.0 ],
          [ 0.0, 0.0, 0.0, 0.0 ]
        ],
        "Prop Matrix (3)": [
          [ 0.0, 0.0, 0.0, 0.0 ],
          [ 1.0, 1.0, 1.0, 0.0 ],
          [ 47.39665985107422, 0.0, -14.60521411895752, 0.0 ],
          [ 0.0, 0.0, 0.0, 0.0 ]
        ],
        "Prop Matrix (4)": [
          [ 0.0, 0.0, 0.0, 0.0 ],
          [ 1.0, 1.0, 1.0, 0.0 ],
          [ 47.31218338012695, 0.0, -20.21310043334961, 0.0 ],
          [ 0.0, 0.0, 0.0, 0.0 ]
        ],
        "Prop Matrix (5)": [
          [ 0.0, 0.0, 0.0, 0.0 ],
          [ 1.0, 1.0, 1.0, 0.0 ],
          [ 47.29669189453125, 0.0, -25.81805419921875, 0.0 ],
          [ 0.0, 0.0, 0.0, 0.0 ]
        ]
      },
      "SectionIndex": -1,
      "Setting": { "Enable": true }
    },
    {
      "Collider_Type": 0,
      "Component": { "Transform": { "": null } },
      "Dissolve": 0.0,
      "Hash": 15757666174375886015,
      "Invisibility": true,
      "ModelCom": "DryTreeT3_2_SM_03",
      "Name": "class Client::CStatic_Instancing_Prop",
      "NonCulling": false,
      "PropDesc": {
        "Prop Matrix (0)": [
          [ 0.0, -4.219999313354492, 0.0, 0.0 ],
          [ 1.5, 1.5, 1.5199999809265137, 0.0 ],
          [ 49.979549407958984, -0.4799996614456177, -11.48044204711914, 0.0 ],
          [ 0.0, 0.0, 0.0, 0.0 ]
        ],
        "Prop Matrix (1)": [
          [ 0.0, 0.5699999928474426, 0.18000002205371857, 0.0 ],
          [ 1.5, 1.5, 1.5, 0.0 ],
          [ 58.94753646850586, 2.2699997425079346, 57.57697296142578, 0.0 ],
          [ 0.0, 0.0, 0.0, 0.0 ]
        ],
        "Prop Matrix (2)": [
          [ 0.0, 0.0, 0.0, 0.0 ],
          [ 1.5, 1.5, 1.5, 0.0 ],
          [ 74.8021469116211, 0.8900004625320435, 15.712871551513672, 0.0 ],
          [ 0.0, 0.0, 0.0, 0.0 ]
        ],
        "Prop Matrix (3)": [
          [ 0.0, -1.279999852180481, 0.0, 0.0 ],
          [ 2.0, 2.0, 2.0, 0.0 ],
          [ 89.63441467285156, 1.2400004863739014, 45.07061767578125, 0.0 ],
          [ 0.0, 0.0, 0.0, 0.0 ]
        ],
        "Prop Matrix (4)": [
          [ 0.0, 0.4700000286102295, 0.18000002205371857, 0.0 ],
          [ 1.5, 1.5, 1.5, 0.0 ],
          [ 85.86721801757813, 7.520001411437988, 45.55821990966797, 0.0 ],
          [ 0.0, 0.0, 0.0, 0.0 ]
        ]
      },
      "SectionIndex": -1,
      "Setting": { "Enable": true }
    },
    {
      "Collider_Type": 0,
      "Component": { "Transform": { "": null } },
      "Dissolve": 0.0,
      "Hash": 15757666174375886015,
      "Invisibility": true,
      "ModelCom": "SM_WoodenShade_01",
      "Name": "class Client::CStatic_Instancing_Prop",
      "NonCulling": false,
      "PropDesc": {
        "Prop Matrix (0)": [
          [ 0.0, 3.140000104904175, 0.0, 0.0 ],
          [ 2.000000238418579, 2.499999761581421, 2.000000238418579, 0.0 ],
          [ 27.508544921875, 0.0, 25.501548767089844, 0.0 ],
          [ 0.0, 0.0, 0.0, 0.0 ]
        ],
        "Prop Matrix (1)": [
          [ 0.0, 3.140000104904175, 0.0, 0.0 ],
          [ 2.0, 2.0, 2.0, 0.0 ],
          [ 39.364952087402344, -0.12000010162591934, 8.52462387084961, 0.0 ],
          [ 0.0, 0.0, 0.0, 0.0 ]
        ]
      },
      "SectionIndex": -1,
      "Setting": { "Enable": true }
    },
    {
      "Collider_Type": 0,
      "Component": { "Transform": { "": null } },
      "Dissolve": 0.0,
      "Hash": 15757666174375886015,
      "Invisibility": true,
      "ModelCom": "SM_Scafold_01a",
      "Name": "class Client::CStatic_Instancing_Prop",
      "NonCulling": false,
      "PropDesc": {
        "Prop Matrix (0)": [
          [ 0.0, 0.0, 0.0, 0.0 ],
          [ 1.0, 1.0, 1.0, 0.0 ],
          [ 35.31024932861328, 0.0, 40.13670349121094, 0.0 ],
          [ 0.0, 0.0, 0.0, 0.0 ]
        ],
        "Prop Matrix (1)": [
          [ 0.0, -0.7199999690055847, 0.0, 0.0 ],
          [ 2.0, 2.0, 2.0, 0.0 ],
          [ 3.3947019577026367, 1.1999998092651367, 18.100860595703125, 0.0 ],
          [ 0.0, 0.0, 0.0, 0.0 ]
        ],
        "Prop Matrix (2)": [
          [ 0.0, -0.7199999690055847, 0.0, 0.0 ],
          [ 2.0, 2.0, 2.0, 0.0 ],
          [ 0.4695472717285156, 1.1999998092651367, 21.444984436035156, 0.0 ],
          [ 0.0, 0.0, 0.0, 0.0 ]
        ],
        "Prop Matrix (3)": [
          [ 0.0, -0.7199999690055847, 0.0, 0.0 ],
          [ 2.0, 2.0, 2.0, 0.0 ],
          [ 3.3947019577026367, 9.010000228881836, 18.100860595703125, 0.0 ],
          [ 0.0, 0.0, 0.0, 0.0 ]
        ],
        "Prop Matrix (4)": [
          [ 0.0, -0.7199999690055847, 0.0, 0.0 ],
          [ 2.0, 2.0, 2.0, 0.0 ],
          [ 0.4695472717285156, 8.959997177124023, 21.444984436035156, 0.0 ],
          [ 0.0, 0.0, 0.0, 0.0 ]
        ],
        "Prop Matrix (5)": [
          [ 0.0, -0.7199999690055847, 0.0, 0.0 ],
          [ 2.0, 2.0, 2.0, 0.0 ],
          [ 4.119755744934082, -2.8799993991851807, 18.777114868164063, 0.0 ],
          [ 0.0, 0.0, 0.0, 0.0 ]
        ],
        "Prop Matrix (6)": [
          [ 0.0, -0.7199999690055847, 0.0, 0.0 ],
          [ 2.0, 2.0, 2.0, 0.0 ],
          [ 1.4259958267211914, -2.8799993991851807, 22.55046844482422, 0.0 ],
          [ 0.0, 0.0, 0.0, 0.0 ]
        ]
      },
      "SectionIndex": -1,
      "Setting": { "Enable": true }
    },
    {
      "Component": {
        "Transform": [
          [ 1.0, 0.0, 0.0, 0.0 ],
          [ 0.0, 1.0, 0.0, 0.0 ],
          [ 0.0, 0.0, 1.0, 0.0 ],
          [ 12.860633850097656, 0.06000000238418579, 42.74429702758789, 1.0 ]
        ]
      },
      "Hash": 17649892293523738217,
      "Name": "class Client::CInteriorProp",
      "Setting": { "Enable": false }
    },
    {
      "Collider_Type": 0,
      "Component": { "Transform": { "": null } },
      "Dissolve": 0.0,
      "Hash": 15757666174375886015,
      "Invisibility": true,
      "ModelCom": "SM_BaseWall_01_Corner",
      "Name": "class Client::CStatic_Instancing_Prop",
      "NonCulling": false,
      "PropDesc": {
        "Prop Matrix (0)": [
          [ 0.0, 0.0, 0.0, 0.0 ],
          [ 1.0, 1.0, 1.0, 0.0 ],
          [ 36.315406799316406, 0.009999977424740791, 27.616975784301758, 0.0 ],
          [ 0.0, 0.0, 0.0, 0.0 ]
        ],
        "Prop Matrix (1)": [
          [ 0.0, 0.0, 0.0, 0.0 ],
          [ 1.0, 1.0, 1.0, 0.0 ],
          [ 36.847599029541016, 6.0500054359436035, 27.608627319335938, 0.0 ],
          [ 0.0, 0.0, 0.0, 0.0 ]
        ],
        "Prop Matrix (2)": [
          [ 0.0, 1.5700000524520874, 0.0, 0.0 ],
          [ 1.0, 1.0, 1.0, 0.0 ],
          [ 13.806050300598145, 5.970004558563232, 27.62431526184082, 0.0 ],
          [ 0.0, 0.0, 0.0, 0.0 ]
        ]
      },
      "SectionIndex": -1,
      "Setting": { "Enable": true }
    },
    {
      "Collider_Type": 0,
      "Component": { "Transform": { "": null } },
      "Dissolve": 0.0,
      "Hash": 15757666174375886015,
      "Invisibility": true,
      "ModelCom": "SM_BaseWall_02_Plain",
      "Name": "class Client::CStatic_Instancing_Prop",
      "NonCulling": false,
      "PropDesc": {
        "Prop Matrix (0)": [
          [ 0.0, 0.0, 0.0, 0.0 ],
          [ 1.0, 1.0, 1.0, 0.0 ],
          [ 30.331491470336914, 0.0, 27.614917755126953, 0.0 ],
          [ 0.0, 0.0, 0.0, 0.0 ]
        ],
        "Prop Matrix (1)": [
          [ 0.0, 0.0, 0.0, 0.0 ],
          [ 1.0, 1.0, 1.0, 0.0 ],
          [ 31.950220108032227, 0.009999999776482582, 27.60675811767578, 0.0 ],
          [ 0.0, 0.0, 0.0, 0.0 ]
        ],
        "Prop Matrix (10)": [
          [ 0.0, 0.0, 0.0, 0.0 ],
          [ 1.0, 1.0, 1.0, 0.0 ],
          [ 24.687999725341797, 5.920001029968262, 27.58182144165039, 0.0 ],
          [ 0.0, 0.0, 0.0, 0.0 ]
        ],
        "Prop Matrix (2)": [
          [ 0.0, 0.0, 0.0, 0.0 ],
          [ 1.0, 1.0, 1.0, 0.0 ],
          [ 27.5779972076416, 5.940001487731934, 27.491819381713867, 0.0 ],
          [ 0.0, 0.0, 0.0, 0.0 ]
        ],
        "Prop Matrix (3)": [
          [ 0.0, 0.0, 0.0, 0.0 ],
          [ 1.0, 1.0, 1.0, 0.0 ],
          [ 21.79122543334961, 0.0, 27.53512954711914, 0.0 ],
          [ 0.0, 0.0, 0.0, 0.0 ]
        ],
        "Prop Matrix (4)": [
          [ 0.0, 0.0, 0.0, 0.0 ],
          [ 1.0, 1.0, 1.0, 0.0 ],
          [ 18.927026748657227, 0.0, 27.644712448120117, 0.0 ],
          [ 0.0, 0.0, 0.0, 0.0 ]
        ],
        "Prop Matrix (5)": [
          [ 0.0, 0.0, 0.0, 0.0 ],
          [ 1.0, 1.0, 1.0, 0.0 ],
          [ 21.748004913330078, 5.910003662109375, 27.58182144165039, 0.0 ],
          [ 0.0, 0.0, 0.0, 0.0 ]
        ],
        "Prop Matrix (6)": [
          [ 0.0, 0.0, 0.0, 0.0 ],
          [ 1.0, 1.0, 1.0, 0.0 ],
          [ 18.858013153076172, 5.940001964569092, 27.621822357177734, 0.0 ],
          [ 0.0, 0.0, 0.0, 0.0 ]
        ],
        "Prop Matrix (7)": [
          [ 0.0, 0.0, 0.0, 0.0 ],
          [ 1.0, 1.0, 1.0, 0.0 ],
          [ 30.331491470336914, 5.929996490478516, 27.614917755126953, 0.0 ],
          [ 0.0, 0.0, 0.0, 0.0 ]
        ],
        "Prop Matrix (8)": [
          [ 0.0, 0.0, 0.0, 0.0 ],
          [ 1.0, 1.0, 1.0, 0.0 ],
          [ 31.950220108032227, 5.929999828338623, 27.60675811767578, 0.0 ],
          [ 0.0, 0.0, 0.0, 0.0 ]
        ],
        "Prop Matrix (9)": [
          [ 0.0, 0.0, 0.0, 0.0 ],
          [ 1.0, 1.0, 1.0, 0.0 ],
          [ 15.92801570892334, 5.940001964569092, 27.621822357177734, 0.0 ],
          [ 0.0, 0.0, 0.0, 0.0 ]
        ]
      },
      "SectionIndex": -1,
      "Setting": { "Enable": true }
    },
    {
      "Collider_Type": 0,
      "Component": { "Transform": { "": null } },
      "Dissolve": 0.0,
      "Hash": 15757666174375886015,
      "Invisibility": true,
      "ModelCom": "SM_Scaffolding_02",
      "Name": "class Client::CStatic_Instancing_Prop",
      "NonCulling": false,
      "PropDesc": {
        "Prop Matrix (0)": [
          [ 0.0, 3.140000104904175, 0.0, 0.0 ],
          [ 1.0, 1.0, 1.0, 0.0 ],
          [ 22.741336822509766, 6.569998741149902, 27.759883880615234, 0.0 ],
          [ 0.0, 0.0, 0.0, 0.0 ]
        ],
        "Prop Matrix (1)": [
          [ 0.0, 0.0, 0.0, 0.0 ],
          [ 1.0, 1.0, 1.0, 0.0 ],
          [ 33.24351119995117, 6.429999828338623, 38.77861785888672, 0.0 ],
          [ 0.0, 0.0, 0.0, 0.0 ]
        ],
        "Prop Matrix (2)": [
          [ 0.0, 0.0, 0.0, 0.0 ],
          [ 1.0, 1.0, 1.0, 0.0 ],
          [ 23.128252029418945, 6.269998073577881, 38.93539810180664, 0.0 ],
          [ 0.0, 0.0, 0.0, 0.0 ]
        ]
      },
      "SectionIndex": -1,
      "Setting": { "Enable": true }
    },
    {
      "Collider_Type": 0,
      "Component": { "Transform": { "": null } },
      "Dissolve": 0.0,
      "Hash": 15757666174375886015,
      "Invisibility": true,
      "ModelCom": "SM_Tent_01",
      "Name": "class Client::CStatic_Instancing_Prop",
      "NonCulling": false,
      "PropDesc": {
        "Prop Matrix (0)": [
          [ 0.0, 0.0, 0.0, 0.0 ],
          [ 2.0, 2.0, 2.0, 0.0 ],
          [ 13.419675827026367, -0.2499990463256836, 16.588701248168945, 0.0 ],
          [ 0.0, 0.0, 0.0, 0.0 ]
        ]
      },
      "SectionIndex": -1,
      "Setting": { "Enable": true }
    },
    {
      "Collider_Type": 0,
      "Component": { "Transform": { "": null } },
      "Dissolve": 0.0,
      "Hash": 15757666174375886015,
      "Invisibility": true,
      "ModelCom": "SM_Tower",
      "Name": "class Client::CStatic_Instancing_Prop",
      "NonCulling": false,
      "PropDesc": {
        "Prop Matrix (0)": [
          [ 0.0, 0.0, 0.0, 0.0 ],
          [ 1.5, 1.5, 1.5, 0.0 ],
          [ 38.524166107177734, -0.04999986290931702, 26.196115493774414, 0.0 ],
          [ 0.0, 0.0, 0.0, 0.0 ]
        ],
        "Prop Matrix (1)": [
          [ 0.0, -0.89000004529953, 0.0, 0.0 ],
          [ 2.0, 2.0, 2.0, 0.0 ],
          [ 2.4605178833007813, 0.47999998927116394, 29.035442352294922, 0.0 ],
          [ 0.0, 0.0, 0.0, 0.0 ]
        ]
      },
      "SectionIndex": -1,
      "Setting": { "Enable": true }
    },
    {
      "Collider_Type": 0,
      "Component": { "Transform": { "": null } },
      "Dissolve": 0.0,
      "Hash": 15757666174375886015,
      "Invisibility": true,
      "ModelCom": "SM_Wall_01a",
      "Name": "class Client::CStatic_Instancing_Prop",
      "NonCulling": false,
      "PropDesc": null,
      "SectionIndex": -1,
      "Setting": { "Enable": true }
    },
    {
      "Collider_Type": 0,
      "Component": { "Transform": { "": null } },
      "Dissolve": 0.0,
      "Hash": 15757666174375886015,
      "Invisibility": true,
      "ModelCom": "SM_Wall_Plaster_03",
      "Name": "class Client::CStatic_Instancing_Prop",
      "NonCulling": false,
      "PropDesc": {
        "Prop Matrix (0)": [
          [ 0.0, 1.5700000524520874, 0.0, 0.0 ],
          [ 2.0, 1.7000000476837158, 2.0, 0.0 ],
          [ 25.684066772460938, 7.8799943923950195, 31.346378326416016, 0.0 ],
          [ 0.0, 0.0, 0.0, 0.0 ]
        ]
      },
      "SectionIndex": -1,
      "Setting": { "Enable": true }
    },
    {
      "Collider_Type": 0,
      "Component": { "Transform": { "": null } },
      "Dissolve": 0.0,
      "Hash": 15757666174375886015,
      "Invisibility": true,
      "ModelCom": "SM_Wallkit_Corner_01a",
      "Name": "class Client::CStatic_Instancing_Prop",
      "NonCulling": false,
      "PropDesc": {
        "Prop Matrix (0)": [
          [ 0.0, -1.5700000524520874, 0.0, 0.0 ],
          [ 0.30000001192092896, 0.30000001192092896, 0.30000001192092896, 0.0 ],
          [ 45.04290771484375, 0.10000001639127731, 61.627994537353516, 0.0 ],
          [ 0.0, 0.0, 0.0, 0.0 ]
        ],
        "Prop Matrix (1)": [
          [ 0.0, 0.0, 0.0, 0.0 ],
          [ 0.30000001192092896, 0.30000001192092896, 0.30000001192092896, 0.0 ],
          [ 44.275787353515625, 0.10000001639127731, 41.809478759765625, 0.0 ],
          [ 0.0, 0.0, 0.0, 0.0 ]
        ],
        "Prop Matrix (2)": [
          [ 0.0, 3.140000104904175, 0.0, 0.0 ],
          [ 0.30000001192092896, 0.30000001192092896, 0.30000001192092896, 0.0 ],
          [ 12.90800952911377, 0.10000001639127731, 62.84432601928711, 0.0 ],
          [ 0.0, 0.0, 0.0, 0.0 ]
        ],
        "Prop Matrix (3)": [
          [ 0.0, 1.5700000524520874, 0.0, 0.0 ],
          [ 0.30000001192092896, 0.30000001192092896, 0.30000001192092896, 0.0 ],
          [ 11.89441967010498, 0.10000001639127731, 43.211326599121094, 0.0 ],
          [ 0.0, 0.0, 0.0, 0.0 ]
        ],
        "Prop Matrix (4)": [
          [ 0.0, 0.0, 0.0, 0.0 ],
          [ 0.30000001192092896, 0.30000001192092896, 0.30000001192092896, 0.0 ],
          [ 25.88254165649414, 0.10000001639127731, 40.2584228515625, 0.0 ],
          [ 0.0, 0.0, 0.0, 0.0 ]
        ]
      },
      "SectionIndex": -1,
      "Setting": { "Enable": true }
    },
    {
      "Collider_Type": 0,
      "Component": { "Transform": { "": null } },
      "Dissolve": 0.0,
      "Hash": 15757666174375886015,
      "Invisibility": true,
      "ModelCom": "SM_Stair_1",
      "Name": "class Client::CStatic_Instancing_Prop",
      "NonCulling": false,
      "PropDesc": {
        "Prop Matrix (0)": [
          [ 0.0, -1.6299993991851807, 0.0, 0.0 ],
          [ 1.0, 1.0, 1.0, 0.0 ],
          [ 35.149532318115234, 0.0, 26.390546798706055, 0.0 ],
          [ 0.0, 0.0, 0.0, 0.0 ]
        ]
      },
      "SectionIndex": -1,
      "Setting": { "Enable": true }
    },
    {
      "Collider_Type": 0,
      "Component": { "Transform": { "": null } },
      "Dissolve": 0.0,
      "Hash": 15757666174375886015,
      "Invisibility": true,
      "ModelCom": "barrel_1",
      "Name": "class Client::CStatic_Instancing_Prop",
      "NonCulling": false,
      "PropDesc": {
        "Prop Matrix (0)": [
          [ 0.0, 0.0, 0.0, 0.0 ],
          [ 2.0, 2.0, 2.0, 0.0 ],
          [ 14.61650276184082, -0.01999974623322487, 12.56095027923584, 0.0 ],
          [ 0.0, 0.0, 0.0, 0.0 ]
        ],
        "Prop Matrix (1)": [
          [ 0.0, 0.0, 0.0, 0.0 ],
          [ 2.0, 2.0, 2.0, 0.0 ],
          [ 12.427230834960938, -0.01999974623322487, 13.164414405822754, 0.0 ],
          [ 0.0, 0.0, 0.0, 0.0 ]
        ],
        "Prop Matrix (2)": [
          [ 1.1799997091293335, 1.2099997997283936, 0.0, 0.0 ],
          [ 2.0, 2.0, 2.0, 0.0 ],
          [ 13.322033882141113, 0.2700002193450928, 13.732120513916016, 0.0 ],
          [ 0.0, 0.0, 0.0, 0.0 ]
        ],
        "Prop Matrix (3)": [
          [ 0.0, 0.0, 0.0, 0.0 ],
          [ 2.0, 2.0, 2.0, 0.0 ],
          [ 15.661947250366211, 0.2700002193450928, 27.88404083251953, 0.0 ],
          [ 0.0, 0.0, 0.0, 0.0 ]
        ],
        "Prop Matrix (4)": [
          [ 0.0, 0.0, 0.0, 0.0 ],
          [ 2.0, 2.0, 2.0, 0.0 ],
          [ 13.156583786010742, 0.2700002193450928, 30.89525604248047, 0.0 ],
          [ 0.0, 0.0, 0.0, 0.0 ]
        ],
        "Prop Matrix (5)": [
          [ 0.0, 0.0, 0.0, 0.0 ],
          [ 2.0, 2.0, 2.0, 0.0 ],
          [ 16.03921127319336, 0.2700002193450928, 30.30433464050293, 0.0 ],
          [ 0.0, 0.0, 0.0, 0.0 ]
        ]
      },
      "SectionIndex": -1,
      "Setting": { "Enable": true }
    },
    {
      "Collider_Type": 0,
      "Component": { "Transform": { "": null } },
      "Dissolve": 0.0,
      "Hash": 15757666174375886015,
      "Invisibility": true,
      "ModelCom": "barrel_4",
      "Name": "class Client::CStatic_Instancing_Prop",
      "NonCulling": false,
      "PropDesc": {
        "Prop Matrix (0)": [
          [ 0.0, 0.0, 0.0, 0.0 ],
          [ 2.0, 2.0, 2.0, 0.0 ],
          [ 15.769079208374023, 0.0, 13.721273422241211, 0.0 ],
          [ 0.0, 0.0, 0.0, 0.0 ]
        ],
        "Prop Matrix (1)": [
          [ 0.0, 1.3899997472763062, 0.0, 0.0 ],
          [ 2.0, 2.0, 2.0, 0.0 ],
          [ 17.020326614379883, 0.0, 28.558134078979492, 0.0 ],
          [ 0.0, 0.0, 0.0, 0.0 ]
        ],
        "Prop Matrix (10)": [
          [ 1.5700000524520874, 1.5700000524520874, 0.0, 0.0 ],
          [ 2.0, 2.0, 2.0, 0.0 ],
          [ 6.843930244445801, 0.5499999523162842, 18.175832748413086, 0.0 ],
          [ 0.0, 0.0, 0.0, 0.0 ]
        ],
        "Prop Matrix (11)": [
          [ 1.5700000524520874, 1.5700000524520874, 0.0, 0.0 ],
          [ 2.0, 2.0, 2.0, 0.0 ],
          [ 6.921914100646973, 0.5499999523162842, 19.501354217529297, 0.0 ],
          [ 0.0, 0.0, 0.0, 0.0 ]
        ],
        "Prop Matrix (12)": [
          [ 1.5700000524520874, 1.5700000524520874, 0.0, 0.0 ],
          [ 2.0, 2.0, 2.0, 0.0 ],
          [ 6.838918685913086, 1.6100000143051147, 16.194477081298828, 0.0 ],
          [ 0.0, 0.0, 0.0, 0.0 ]
        ],
        "Prop Matrix (2)": [
          [ 1.5700000524520874, 1.5700000524520874, 0.0, 0.0 ],
          [ 2.0, 2.0, 2.0, 0.0 ],
          [ 6.713484287261963, 1.6100000143051147, 17.408784866333008, 0.0 ],
          [ 0.0, 0.0, 0.0, 0.0 ]
        ],
        "Prop Matrix (3)": [
          [ 1.5700000524520874, 1.5700000524520874, 0.0, 0.0 ],
          [ 2.0, 2.0, 2.0, 0.0 ],
          [ 6.825756549835205, 1.6100000143051147, 18.744020462036133, 0.0 ],
          [ 0.0, 0.0, 0.0, 0.0 ]
        ],
        "Prop Matrix (4)": [
          [ 1.5700000524520874, 1.5700000524520874, 0.0, 0.0 ],
          [ 2.0, 2.0, 2.0, 0.0 ],
          [ 6.902912616729736, 2.6500000953674316, 16.889209747314453, 0.0 ],
          [ 0.0, 0.0, 0.0, 0.0 ]
        ],
        "Prop Matrix (5)": [
          [ 1.5700000524520874, 1.5700000524520874, 0.0, 0.0 ],
          [ 2.0, 2.0, 2.0, 0.0 ],
          [ 6.88364839553833, 2.6500000953674316, 18.187681198120117, 0.0 ],
          [ 0.0, 0.0, 0.0, 0.0 ]
        ],
        "Prop Matrix (6)": [
          [ 0.0, 0.0, 0.0, 0.0 ],
          [ 2.0, 2.0, 2.0, 0.0 ],
          [ 9.565053939819336, 0.0, 16.73542594909668, 0.0 ],
          [ 0.0, 0.0, 0.0, 0.0 ]
        ],
        "Prop Matrix (7)": [
          [ 0.0, 0.0, 0.0, 0.0 ],
          [ 2.0, 2.0, 2.0, 0.0 ],
          [ 7.566039085388184, 0.0, 13.939122200012207, 0.0 ],
          [ 0.0, 0.0, 0.0, 0.0 ]
        ],
        "Prop Matrix (8)": [
          [ 1.5700000524520874, 1.5700000524520874, 0.0, 0.0 ],
          [ 2.0, 2.0, 2.0, 0.0 ],
          [ 6.809737205505371, 0.5499999523162842, 15.659688949584961, 0.0 ],
          [ 0.0, 0.0, 0.0, 0.0 ]
        ],
        "Prop Matrix (9)": [
          [ 1.5700000524520874, 1.5700000524520874, 0.0, 0.0 ],
          [ 2.0, 2.0, 2.0, 0.0 ],
          [ 6.835979461669922, 0.5499999523162842, 16.840356826782227, 0.0 ],
          [ 0.0, 0.0, 0.0, 0.0 ]
        ]
      },
      "SectionIndex": -1,
      "Setting": { "Enable": true }
    },
    {
      "Collider_Type": 0,
      "Component": { "Transform": { "": null } },
      "Dissolve": 0.0,
      "Hash": 15757666174375886015,
      "Invisibility": true,
      "ModelCom": "SM_Tub_01",
      "Name": "class Client::CStatic_Instancing_Prop",
      "NonCulling": false,
      "PropDesc": {
        "Prop Matrix (0)": [
          [ 0.0, 0.0, 0.0, 0.0 ],
          [ 2.0, 2.0, 2.0, 0.0 ],
          [ 16.141469955444336, 0.0, 26.76458740234375, 0.0 ],
          [ 0.0, 0.0, 0.0, 0.0 ]
        ],
        "Prop Matrix (1)": [
          [ 0.0, 0.0, 0.0, 0.0 ],
          [ 2.0, 2.0, 2.0, 0.0 ],
          [ 16.131258010864258, 1.8499997854232788, 13.89436149597168, 0.0 ],
          [ 0.0, 0.0, 0.0, 0.0 ]
        ]
      },
      "SectionIndex": -1,
      "Setting": { "Enable": true }
    },
    {
      "Collider_Type": 0,
      "Component": { "Transform": { "": null } },
      "Dissolve": 0.0,
      "Hash": 15757666174375886015,
      "Invisibility": true,
      "ModelCom": "SM_Wall_8x8_Broken_01e",
      "Name": "class Client::CStatic_Instancing_Prop",
      "NonCulling": false,
      "PropDesc": {
        "Prop Matrix (0)": [
          [ 0.0, 2.7999989986419678, 0.0, 0.0 ],
          [ 0.5, 0.5, 0.5, 0.0 ],
          [ 7.29948091506958, 0.0, 41.51709747314453, 0.0 ],
          [ 0.0, 0.0, 0.0, 0.0 ]
        ],
        "Prop Matrix (1)": [
          [ 0.0, 2.4499988555908203, 0.0, 0.0 ],
          [ 0.5, 0.5, 0.5, 0.0 ],
          [ 1.2367286682128906, 0.0, 37.57967758178711, 0.0 ],
          [ 0.0, 0.0, 0.0, 0.0 ]
        ]
      },
      "SectionIndex": -1,
      "Setting": { "Enable": true }
    },
    {
      "Collider_Type": 0,
      "Component": { "Transform": { "": null } },
      "Dissolve": 0.0,
      "Hash": 15757666174375886015,
      "Invisibility": true,
      "ModelCom": "SM_Wood_Chops_C",
      "Name": "class Client::CStatic_Instancing_Prop",
      "NonCulling": false,
      "PropDesc": {
        "Prop Matrix (0)": [
          [ 0.0, 0.0, 0.0, 0.0 ],
          [ 2.0, 2.0, 2.0, 0.0 ],
          [ 37.92142105102539, 0.0, 10.351628303527832, 0.0 ],
          [ 0.0, 0.0, 0.0, 0.0 ]
        ],
        "Prop Matrix (1)": [
          [ 0.0, 0.0, 0.0, 0.0 ],
          [ 2.0, 2.0, 2.0, 0.0 ],
          [ 39.69551086425781, 0.0, 10.151325225830078, 0.0 ],
          [ 0.0, 0.0, 0.0, 0.0 ]
        ],
        "Prop Matrix (2)": [
          [ 0.0, 0.0, 0.0, 0.0 ],
          [ 2.0, 2.0, 2.0, 0.0 ],
          [ 38.68600082397461, 0.9399999380111694, 10.3343505859375, 0.0 ],
          [ 0.0, 0.0, 0.0, 0.0 ]
        ]
      },
      "SectionIndex": -1,
      "Setting": { "Enable": true }
    },
    {
      "Collider_Type": 0,
      "Component": { "Transform": { "": null } },
      "Dissolve": 0.0,
      "Hash": 15757666174375886015,
      "Invisibility": true,
      "ModelCom": "DryTreeT3_2_SM_03",
      "Name": "class Client::CStatic_Instancing_Prop",
      "NonCulling": false,
      "PropDesc": {
        "Prop Matrix (0)": [
          [ 0.0, -0.7299998998641968, 0.0, 0.0 ],
          [ 1.0, 1.0, 1.0, 0.0 ],
          [ 5.431129455566406, 1.0799999237060547, 33.20780944824219, 0.0 ],
          [ 0.0, 0.0, 0.0, 0.0 ]
        ],
        "Prop Matrix (1)": [
          [ 0.0, 0.13999998569488525, 0.16999998688697815, 0.0 ],
          [ 1.0, 1.0, 1.0, 0.0 ],
          [ 55.25788497924805, 2.0799994468688965, 35.7037353515625, 0.0 ],
          [ 0.0, 0.0, 0.0, 0.0 ]
        ]
      },
      "SectionIndex": -1,
      "Setting": { "Enable": true }
    },
    {
      "Collider_Type": 0,
      "Component": { "Transform": { "": null } },
      "Dissolve": 0.0,
      "Hash": 15757666174375886015,
      "Invisibility": true,
      "ModelCom": "DryTreeT3_branches_1_SM_02",
      "Name": "class Client::CStatic_Instancing_Prop",
      "NonCulling": false,
      "PropDesc": {
        "Prop Matrix (0)": [
          [ 0.0, 0.5199999213218689, 0.0, 0.0 ],
          [ 2.0, 2.0, 2.0, 0.0 ],
          [ 36.15003967285156, -0.6200001835823059, -4.273769378662109, 0.0 ],
          [ 0.0, 0.0, 0.0, 0.0 ]
        ],
        "Prop Matrix (1)": [
          [ 0.0, 0.2199999839067459, 0.2099999636411667, 0.0 ],
          [ 4.0, 4.0, 4.0, 0.0 ],
          [ 77.20794677734375, 6.440000057220459, 57.74634552001953, 0.0 ],
          [ 0.0, 0.0, 0.0, 0.0 ]
        ]
      },
      "SectionIndex": -1,
      "Setting": { "Enable": true }
    },
    {
      "Collider_Type": 0,
      "Component": { "Transform": { "": null } },
      "Dissolve": 0.0,
      "Hash": 15757666174375886015,
      "Invisibility": true,
      "ModelCom": "DryTreeT3_branches_2_SM",
      "Name": "class Client::CStatic_Instancing_Prop",
      "NonCulling": false,
      "PropDesc": {
        "Prop Matrix (0)": [
          [ -0.4699999690055847, 1.6899994611740112, 0.0, 0.0 ],
          [ 5.0, 5.0, 5.0, 0.0 ],
          [ 51.024600982666016, 8.889999389648438, -11.631935119628906, 0.0 ],
          [ 0.0, 0.0, 0.0, 0.0 ]
        ],
        "Prop Matrix (1)": [
          [ 0.3499999940395355, 0.8899997472763062, 0.0, 0.0 ],
          [ 3.0, 3.0, 3.0, 0.0 ],
          [ 4.964258193969727, 8.889999389648438, 33.995399475097656, 0.0 ],
          [ 0.0, 0.0, 0.0, 0.0 ]
        ],
        "Prop Matrix (2)": [
          [ 0.6800000071525574, 2.3799989223480225, 0.0, 0.0 ],
          [ 3.0, 3.0, 3.0, 0.0 ],
          [ 54.38954162597656, 8.889999389648438, 36.061466217041016, 0.0 ],
          [ 0.0, 0.0, 0.0, 0.0 ]
        ],
        "Prop Matrix (3)": [
          [ 0.9499996900558472, 4.039999008178711, 0.0, 0.0 ],
          [ 5.0, 5.0, 5.0, 0.0 ],
          [ 56.971893310546875, 13.449997901916504, 60.15199279785156, 0.0 ],
          [ 0.0, 0.0, 0.0, 0.0 ]
        ],
        "Prop Matrix (4)": [
          [ 1.3199998140335083, 0.669999361038208, 0.0, 0.0 ],
          [ 5.0, 5.0, 5.0, 0.0 ],
          [ -5.430001258850098, 22.249996185302734, 5.686911582946777, 0.0 ],
          [ 0.0, 0.0, 0.0, 0.0 ]
        ],
        "Prop Matrix (5)": [
          [ -0.6400002837181091, 4.559999942779541, 0.0, 0.0 ],
          [ 5.0, 5.0, 5.0, 0.0 ],
          [ 4.237527847290039, 34.1199951171875, -1.5720558166503906, 0.0 ],
          [ 0.0, 0.0, 0.0, 0.0 ]
        ]
      },
      "SectionIndex": -1,
      "Setting": { "Enable": true }
    },
    {
      "Collider_Type": 0,
      "Component": { "Transform": { "": null } },
      "Dissolve": 0.0,
      "Hash": 15757666174375886015,
      "Invisibility": true,
      "ModelCom": "SM_Tree_Medium_02",
      "Name": "class Client::CStatic_Instancing_Prop",
      "NonCulling": true,
      "PropDesc": {
        "Prop Matrix (0)": [
          [ 0.0, 0.0, 0.0, 0.0 ],
          [ 5.0, 5.0, 5.0, 0.0 ],
          [ 54.64192199707031, 1.200000286102295, 0.9550795555114746, 0.0 ],
          [ 0.0, 0.0, 0.0, 0.0 ]
        ],
        "Prop Matrix (1)": [
          [ 0.0, 0.0, 0.0, 0.0 ],
          [ 7.0, 7.0, 7.0, 0.0 ],
          [ 87.25977325439453, 1.200000286102295, 32.1177978515625, 0.0 ],
          [ 0.0, 0.0, 0.0, 0.0 ]
        ],
        "Prop Matrix (2)": [
          [ 0.0, 0.0, 0.0, 0.0 ],
          [ 5.0, 5.0, 7.0, 0.0 ],
          [ 56.67262268066406, 1.200000286102295, 46.73558044433594, 0.0 ],
          [ 0.0, 0.0, 0.0, 0.0 ]
        ],
        "Prop Matrix (3)": [
          [ 0.0, 0.0, 0.0, 0.0 ],
          [ 8.0, 8.0, 8.0, 0.0 ],
          [ 0.11379051208496094, 9.800000190734863, 50.40924072265625, 0.0 ],
          [ 0.0, 0.0, 0.0, 0.0 ]
        ],
        "Prop Matrix (4)": [
          [ 0.0, 0.0, 0.0, 0.0 ],
          [ 8.0, 8.0, 8.0, 0.0 ],
          [ -3.828889846801758, 0.8900020718574524, 15.190987586975098, 0.0 ],
          [ 0.0, 0.0, 0.0, 0.0 ]
        ],
        "Prop Matrix (5)": [
          [ 0.0, 0.0, 0.0, 0.0 ],
          [ 4.0, 4.0, 4.0, 0.0 ],
          [ 45.515865325927734, -0.42999815940856934, 24.25634002685547, 0.0 ],
          [ 0.0, 0.0, 0.0, 0.0 ]
        ]
      },
      "SectionIndex": -1,
      "Setting": { "Enable": true }
    },
    {
      "Collider_Type": 0,
      "Component": { "Transform": { "": null } },
      "Dissolve": 0.0,
      "Hash": 15757666174375886015,
      "Invisibility": true,
      "ModelCom": "SM_Tree_Tropic_02",
      "Name": "class Client::CStatic_Instancing_Prop",
      "NonCulling": true,
      "PropDesc": {
        "Prop Matrix (0)": [
          [ 0.0, 0.6399999856948853, 0.0, 0.0 ],
          [ 2.0, 2.0, 2.0, 0.0 ],
          [ 39.80656433105469, -0.35999998450279236, 3.1785945892333984, 0.0 ],
          [ 0.0, 0.0, 0.0, 0.0 ]
        ],
        "Prop Matrix (1)": [
          [ 0.0, 0.0, 0.0, 0.0 ],
          [ 2.0, 2.0, 2.0, 0.0 ],
          [ 72.44119262695313, 5.119998931884766, -17.7086181640625, 0.0 ],
          [ 0.0, 0.0, 0.0, 0.0 ]
        ],
        "Prop Matrix (2)": [
          [ 0.0, 0.0, 0.0, 0.0 ],
          [ 1.0, 1.0, 1.0, 0.0 ],
          [ 73.22565460205078, 8.989997863769531, 32.881587982177734, 0.0 ],
          [ 0.0, 0.0, 0.0, 0.0 ]
        ]
      },
      "SectionIndex": -1,
      "Setting": { "Enable": true }
    },
    {
      "Component": {
        "Transform": [
          [ 1.2000000476837158, 0.0, 0.0, 0.0 ],
          [ 0.0, 1.0, 2.6941299438476563e-05, 0.0 ],
          [ 0.0, -3.23295607813634e-05, 1.2000000476837158, 0.0 ],
          [ 9.218086242675781, 0.0, 38.351600646972656, 1.0 ]
        ]
      },
      "Hash": 12159710856434595157,
      "Name": "class Client::CGround",
      "Setting": { "Enable": true },
      "ShaderPass": 1,
      "TextureInfo": {
        "g_Texture_Sorc": {
          "Density": 30.0,
          "Diff": "T_Floor_01a_D",
          "Norm": "T_Floor_01a_N"
        }
      },
      "VIBufferCom": "Frame_no2",
      "g_FilterTexture": "Frame_no2_Filter"
    },
    {
      "Component": {
        "Model": "",
        "Transform": [
          [ 1.0, 0.0, 0.0, 0.0 ],
          [ 0.0, 1.0, 2.5033950805664063e-06, 0.0 ],
          [ 0.0, -2.5033950805664063e-06, 1.0, 0.0 ],
          [ 0.0, 0.0, 0.0, 1.0 ]
        ]
      },
      "DelayTime": 0.0,
      "DisableTime": 0.5,
      "Hash": 3930023297518207312,
      "IntensityTime": 1.0,
      "Invisibility": true,
      "Light_Ambient": [ 1.0, 1.0, 1.0, 1.0 ],
      "Light_Diffuse": [ 1.0, 1.0, 1.0, 1.0 ],
      "Light_Direction": [ 1.0, 1.0, 1.0, 1.0 ],
      "Light_Flag": [ 1.0, 1.0, 1.0, 1.0 ],
      "Light_Intensity": 1.0,
      "Light_Position": [ 0.0, 0.0, 0.0, 1.0 ],
      "Light_Range": 5.0,
      "Light_Specular": [ 1.0, 1.0, 1.0, 1.0 ],
      "Light_Type": 0,
      "Name": "class Client::CLight_Prop",
      "Offset": [ 0.0, 0.0, 0.0, 0.0 ],
      "SectionIndex": -1,
      "Setting": { "Enable": true }
    },
    {
      "Component": {
        "Model": "GreenhousePassage01",
        "Transform": [
          [ 1.0, 0.0, 0.0, 0.0 ],
          [ 0.0, 1.0, 2.6941299438476563e-05, 0.0 ],
          [ 0.0, -2.6941299438476563e-05, 1.0, 0.0 ],
          [ 44.77699279785156, 0.0, 15.820560455322266, 1.0 ]
        ]
      },
      "Hash": 15438220394405784524,
      "Invisibility": true,
      "Name": "class Client::CStatic_Prop",
      "PhysX_Collider_Type": 0,
      "Setting": { "Enable": true }
    },
    {
      "Component": {
        "Model": "GreenhousePassage03",
        "Transform": [
          [ 1.0, 0.0, 0.0, 0.0 ],
          [ 0.0, 1.0, 2.6941299438476563e-05, 0.0 ],
          [ 0.0, -2.6941299438476563e-05, 1.0, 0.0 ],
          [ 44.777000427246094, 0.0, 15.821000099182129, 1.0 ]
        ]
      },
      "Hash": 15438220394405784524,
      "Invisibility": true,
      "Name": "class Client::CStatic_Prop",
      "PhysX_Collider_Type": 0,
      "Setting": { "Enable": true }
    },
    {
      "Component": {
        "Transform": [
          [ 0.020794613286852837, -2.7284819369144397e-12, -0.999782919883728, 0.0 ],
          [ 2.693547503440641e-05, 1.0, 5.602323653874919e-07, 0.0 ],
          [ 0.999782919883728, -2.6941275791614316e-05, 0.020794613286852837, 0.0 ],
          [ 27.143373489379883, 0.0, 43.941505432128906, 1.0 ]
        ]
      },
      "Hash": 17707700761807031855,
      "Invisibility": true,
      "Name": "class Client::CInteraction_InteriorActivate",
      "Setting": { "Enable": true }
    },
    {
      "Component": {
        "Transform": [
          [ 6.0, 0.0, 0.0, 0.0 ],
          [ 0.0, 2.0, 5.3882598876953125e-05, 0.0 ],
          [ 0.0, -5.3882598876953125e-05, 2.0, 0.0 ],
          [ 27.55256462097168, -0.05999999865889549, 26.891185760498047, 1.0 ]
        ]
      },
      "Hash": 9296635668611705962,
      "Name": "class Client::CPhysXColliderObject",
      "Setting": { "Enable": true }
    },
    {
      "Component": {
        "Transform": [
          [ 16.0, 0.0, 0.0, 0.0 ],
          [ 0.0, 2.0, 5.3882598876953125e-05, 0.0 ],
          [ 0.0, -0.0002936602686531842, 10.900003433227539, 0.0 ],
          [ 28.67586898803711, -0.05999770015478134, 33.44483184814453, 1.0 ]
        ]
      },
      "Hash": 9296635668611705962,
      "Name": "class Client::CPhysXColliderObject",
      "Setting": { "Enable": true }
    },
    {
      "Component": {
        "Transform": [
          [ 6.0, 0.0, 0.0, 0.0 ],
          [ 0.0, 0.4411716163158417, -0.23530322313308716, 0.0 ],
          [ 0.0, 0.9412128925323486, 1.7646864652633667, 0.0 ],
          [ 27.62534523010254, 0.25999999046325684, 25.187519073486328, 1.0 ]
        ]
      },
      "Hash": 9296635668611705962,
      "Name": "class Client::CPhysXColliderObject",
      "Setting": { "Enable": true }
    },
    {
      "Component": {
        "Transform": [
          [ 4.0, 0.0, 0.0, 0.0 ],
          [ 0.0, 2.0, 5.3882598876953125e-05, 0.0 ],
          [ 0.0, -5.3882598876953125e-05, 2.0, 0.0 ],
          [ 29.01573944091797, -0.05999999865889549, 39.5936279296875, 1.0 ]
        ]
      },
      "Hash": 9296635668611705962,
      "Name": "class Client::CPhysXColliderObject",
      "Setting": { "Enable": true }
    },
    {
      "Component": {
        "Transform": [
          [ -3.999994993209839, -2.9453081751285026e-08, -0.00636912789195776, 0.0 ],
          [ -0.0003746757283806801, 0.4411703050136566, 0.2353050708770752, 0.0 ],
          [ 0.0028098635375499725, 0.9412217736244202, -1.764678955078125, 0.0 ],
          [ 29.03023910522461, 0.25999999046325684, 41.16228485107422, 1.0 ]
        ]
      },
      "Hash": 9296635668611705962,
      "Name": "class Client::CPhysXColliderObject",
      "Setting": { "Enable": true }
    },
    {
      "Component": {
        "Transform": [
          [ 40.0, 0.0, 0.0, 0.0 ],
          [ 0.0, 2.0, 5.3882598876953125e-05, 0.0 ],
          [ 0.0, -0.0010776519775390625, 40.0, 0.0 ],
          [ 29.162517547607422, -0.9999980926513672, 61.173423767089844, 1.0 ]
        ]
      },
      "Hash": 9296635668611705962,
      "Name": "class Client::CPhysXColliderObject",
      "Setting": { "Enable": true }
    },
    {
      "Component": {
        "Transform": [
          [ 1.0, 0.0, 0.0, 0.0 ],
          [ 0.0, 5.0, 0.0001347064971923828, 0.0 ],
          [ 0.0, -9.42945625865832e-05, 3.500000476837158, 0.0 ],
          [ 31.364849090576172, 2.4600000381469727, 40.29329299926758, 1.0 ]
        ]
      },
      "Hash": 9296635668611705962,
      "Name": "class Client::CPhysXColliderObject",
      "Setting": { "Enable": true }
    },
    {
      "Component": {
        "Transform": [
          [ 1.0, 0.0, 0.0, 0.0 ],
          [ 0.0, 5.0, 0.0001347064971923828, 0.0 ],
          [ 0.0, -9.42945625865832e-05, 3.500000476837158, 0.0 ],
          [ 26.7982234954834, 2.4600000381469727, 40.51228332519531, 1.0 ]
        ]
      },
      "Hash": 9296635668611705962,
      "Name": "class Client::CPhysXColliderObject",
      "Setting": { "Enable": true }
    },
    {
      "Component": {
        "Status_Player": {
          "m_fMaxHP": 2000.0,
          "m_fMaxMP": 150.0,
          "m_fNormalAtk": 424.0,
          "m_fParryingAtk": 50.0,
          "m_fPlagueAtk": 200.0,
          "m_iLevel": 219,
          "m_iMemory": 113900,
          "m_iPlague": 1,
          "m_iStr": 134,
          "m_iVital": 86,
          "m_iWound": 474
        },
        "Transform": [
          [ 1.0, 0.0, 0.0, 0.0 ],
          [ 0.0, 1.0, 2.6941299438476563e-05, 0.0 ],
          [ 0.0, -2.6941299438476563e-05, 1.0, 0.0 ],
          [ 26.895030975341797, 0.0, 15.316109657287598, 1.0 ]
        ]
      },
      "Hash": 4043473753420290215,
      "Name": "class Client::CCorvus",
      "Setting": { "Enable": true }
    }
  ]
}
