[{"Model":{"P_DropTombstone01":{"FilePath":"../Bin/Resources/Meshes/Map_Lv1_Circus/Binary/P_DropTombstone01.bin","ModelType":0,"TransformMatrix":[[0.009999999776482582,0.0,0.0,0.0],[0.0,0.009999999776482582,0.0,0.0],[0.0,0.0,0.009999999776482582,0.0],[0.0,0.0,0.0,1.0]]}},"Textures":{"BRDF":{"FilePath":"../Bin/Resources/Textures/BRDF/brdf%d.dds","MipMapLevels":0},"Dissolve_1":{"FilePath":"../Bin/Resources/Textures/UI/Dissolve/Test%d.png","MipMapLevels":0},"GameLogo":{"FilePath":"../Bin/Resources/Textures/UI/GameLogo2.dds","MipMapLevels":0},"Loading_Complete":{"FilePath":"../Bin/Resources/Textures/UI/LoadingScreen/Loading_Complete.png","MipMapLevels":0},"Loading_Font_Fortress_Desc":{"FilePath":"../Bin/Resources/Textures/UI/LoadingScreen/LoadingFont/Fortress_Desc.png","MipMapLevels":0},"Loading_Font_Fortress_Title":{"FilePath":"../Bin/Resources/Textures/UI/LoadingScreen/LoadingFont/Fortress_Name.png","MipMapLevels":0},"Loading_Icon":{"FilePath":"../Bin/Resources/Textures/UI/LoadingScreen/TexUI_LoadingIcon.png","MipMapLevels":0},"Loading_Tutorial":{"FilePath":"../Bin/Resources/Textures/UI/LoadingScreen/TexUI_LoadingScreen_Tutorial_01.dds","MipMapLevels":0},"MainMenu_Background":{"FilePath":"../Bin/Resources/Textures/UI/MainMenuBackrgound.dds","MipMapLevels":0},"MainMenu_SelectableButton_1":{"FilePath":"../Bin/Resources/Textures/UI/General/TexUI_SelectableButtonBackground.png","MipMapLevels":0},"MainMenu_SelectableButton_2":{"FilePath":"../Bin/Resources/Textures/UI/General/TexUI_SelectableButtonHighlight.png","MipMapLevels":0},"Mask_Horizontal":{"FilePath":"../Bin/Resources/Textures/UI/Mask/Mask_Horizontal%d.png","MipMapLevels":0},"None":{"FilePath":"../Bin/Resources/Textures/UI/EvolveMenu/PlagueWeapon/TexUI_PW_None.png","MipMapLevels":0},"PreFilter":{"FilePath":"../Bin/Resources/Textures/PreFilterIrradiance/PreFilter%d.dds","MipMapLevels":0},"T_P_DropTombstone_Light01_C":{"FilePath":"../Bin/Resources/Meshes/Map_Lv1_Circus/Binary/T_P_DropTombstone_Light01_C.dds","MipMapLevels":0},"T_P_DropTombstone_Light01_N":{"FilePath":"../Bin/Resources/Meshes/Map_Lv1_Circus/Binary/T_P_DropTombstone_Light01_N.dds","MipMapLevels":0},"T_P_DropTombstone_Light01_ORM":{"FilePath":"../Bin/Resources/Meshes/Map_Lv1_Circus/Binary/T_P_DropTombstone_Light01_ORM.dds","MipMapLevels":0},"T_P_DropTombstone_Rope01_C":{"FilePath":"../Bin/Resources/Meshes/Map_Lv1_Circus/Binary/T_P_DropTombstone_Rope01_C.dds","MipMapLevels":0},"T_P_DropTombstone_Rope01_N":{"FilePath":"../Bin/Resources/Meshes/Map_Lv1_Circus/Binary/T_P_DropTombstone_Rope01_N.dds","MipMapLevels":0},"T_P_DropTombstone_Rope01_ORM":{"FilePath":"../Bin/Resources/Meshes/Map_Lv1_Circus/Binary/T_P_DropTombstone_Rope01_ORM.dds","MipMapLevels":0},"T_P_DropTombstone_Tree01_C":{"FilePath":"../Bin/Resources/Meshes/Map_Lv1_Circus/Binary/T_P_DropTombstone_Tree01_C.dds","MipMapLevels":0},"T_P_DropTombstone_Tree01_N":{"FilePath":"../Bin/Resources/Meshes/Map_Lv1_Circus/Binary/T_P_DropTombstone_Tree01_N.dds","MipMapLevels":0},"T_P_DropTombstone_Tree01_ORM":{"FilePath":"../Bin/Resources/Meshes/Map_Lv1_Circus/Binary/T_P_DropTombstone_Tree01_ORM.dds","MipMapLevels":0},"T_P_DropTombstone_Tree02_C":{"FilePath":"../Bin/Resources/Meshes/Map_Lv1_Circus/Binary/T_P_DropTombstone_Tree02_C.dds","MipMapLevels":0},"T_P_DropTombstone_Tree02_N":{"FilePath":"../Bin/Resources/Meshes/Map_Lv1_Circus/Binary/T_P_DropTombstone_Tree02_N.dds","MipMapLevels":0},"T_P_DropTombstone_Tree02_ORM":{"FilePath":"../Bin/Resources/Meshes/Map_Lv1_Circus/Binary/T_P_DropTombstone_Tree02_ORM.dds","MipMapLevels":0},"UVMask":{"FilePath":"../Bin/Resources/Textures/Mask/%d.png","MipMapLevels":0}}},{}]
