[{"Model":{"P_DropTombstone01":{"FilePath":"../Bin/Resources/Meshes/Map_Lv1_Circus/Binary/P_DropTombstone01.bin","ModelType":0,"TransformMatrix":[[0.009999999776482582,0.0,0.0,0.0],[0.0,0.009999999776482582,0.0,0.0],[0.0,0.0,0.009999999776482582,0.0],[0.0,0.0,0.0,1.0]]}},"Textures":{"BRDF":{"FilePath":"../Bin/Resources/Textures/BRDF/brdf%d.dds","MipMapLevels":0},"GameLogo":{"FilePath":"../Bin/Resources/Textures/UI/GameLogo2.dds","MipMapLevels":0},"MainMenu_Background":{"FilePath":"../Bin/Resources/Textures/UI/MainMenuBackrgound.dds","MipMapLevels":0},"MainMenu_SelectableButton_1":{"FilePath":"../Bin/Resources/Textures/UI/General/TexUI_SelectableButtonBackground.png","MipMapLevels":0},"MainMenu_SelectableButton_2":{"FilePath":"../Bin/Resources/Textures/UI/General/TexUI_SelectableButtonHighlight.png","MipMapLevels":0},"PreFilter":{"FilePath":"../Bin/Resources/Textures/PreFilterIrradiance/PreFilter%d.dds","MipMapLevels":0},"T_P_DropTombstone_Light01_C":{"FilePath":"../Bin/Resources/Meshes/Map_Lv1_Circus/Binary/T_P_DropTombstone_Light01_C.dds","MipMapLevels":0},"T_P_DropTombstone_Light01_N":{"FilePath":"../Bin/Resources/Meshes/Map_Lv1_Circus/Binary/T_P_DropTombstone_Light01_N.dds","MipMapLevels":0},"T_P_DropTombstone_Light01_ORM":{"FilePath":"../Bin/Resources/Meshes/Map_Lv1_Circus/Binary/T_P_DropTombstone_Light01_ORM.dds","MipMapLevels":0},"T_P_DropTombstone_Rope01_C":{"FilePath":"../Bin/Resources/Meshes/Map_Lv1_Circus/Binary/T_P_DropTombstone_Rope01_C.dds","MipMapLevels":0},"T_P_DropTombstone_Rope01_N":{"FilePath":"../Bin/Resources/Meshes/Map_Lv1_Circus/Binary/T_P_DropTombstone_Rope01_N.dds","MipMapLevels":0},"T_P_DropTombstone_Rope01_ORM":{"FilePath":"../Bin/Resources/Meshes/Map_Lv1_Circus/Binary/T_P_DropTombstone_Rope01_ORM.dds","MipMapLevels":0},"T_P_DropTombstone_Tree01_C":{"FilePath":"../Bin/Resources/Meshes/Map_Lv1_Circus/Binary/T_P_DropTombstone_Tree01_C.dds","MipMapLevels":0},"T_P_DropTombstone_Tree01_N":{"FilePath":"../Bin/Resources/Meshes/Map_Lv1_Circus/Binary/T_P_DropTombstone_Tree01_N.dds","MipMapLevels":0},"T_P_DropTombstone_Tree01_ORM":{"FilePath":"../Bin/Resources/Meshes/Map_Lv1_Circus/Binary/T_P_DropTombstone_Tree01_ORM.dds","MipMapLevels":0},"T_P_DropTombstone_Tree02_C":{"FilePath":"../Bin/Resources/Meshes/Map_Lv1_Circus/Binary/T_P_DropTombstone_Tree02_C.dds","MipMapLevels":0},"T_P_DropTombstone_Tree02_N":{"FilePath":"../Bin/Resources/Meshes/Map_Lv1_Circus/Binary/T_P_DropTombstone_Tree02_N.dds","MipMapLevels":0},"T_P_DropTombstone_Tree02_ORM":{"FilePath":"../Bin/Resources/Meshes/Map_Lv1_Circus/Binary/T_P_DropTombstone_Tree02_ORM.dds","MipMapLevels":0},"UVMask":{"FilePath":"../Bin/Resources/Textures/Mask/%d.png","MipMapLevels":0}}},{"Textures":{"IrradianceMap":{"FilePath":"../Bin/Resources/Textures/IrradianceMap/IrradianceMap0.dds","MipMapLevels":0},"MainMenu_SelectableButton_ContinueGame":{"FilePath":"../Bin/Resources/Textures/UI/UI_ContinueGame.png","MipMapLevels":0},"MainMenu_SelectableButton_Credits":{"FilePath":"../Bin/Resources/Textures/UI/UI_Credits.png","MipMapLevels":0},"MainMenu_SelectableButton_LoadGame":{"FilePath":"../Bin/Resources/Textures/UI/UI_LoadGame.png","MipMapLevels":0},"MainMenu_SelectableButton_Options":{"FilePath":"../Bin/Resources/Textures/UI/UI_Options.png","MipMapLevels":0},"MainMenu_SelectableButton_Quit":{"FilePath":"../Bin/Resources/Textures/UI/UI_Quit.png","MipMapLevels":0},"MainMenu_SelectableButton_StartGame":{"FilePath":"../Bin/Resources/Textures/UI/UI_StartGame.png","MipMapLevels":0},"MainMenu_SelectableButton_Tool":{"FilePath":"../Bin/Resources/Textures/UI/UI_Tool.png","MipMapLevels":0}}}]
