{"AnimationIndex":[[null,null,null,null,null,null,null,null,null,null,null,null,null,null,null,null,null,null,null,null,null,null,null,null,null,{"RandomSound":[{"SoundName":"Luxiya_talk (17).wav","Volume":1.0},{"SoundName":"Luxiya_talk (25).wav","Volume":1.0},{"SoundName":"Luxiya_talk (27).wav","Volume":1.0},{"SoundName":"Luxiya_talk (4).wav","Volume":1.0},{"SoundName":"Luxiya_talk (22).wav","Volume":1.0}]},null,null,null,null,null,null,null,null,null,null,null,null,null,null,null,null,null,null,null,null,null,null,null,null]]}
