{"AnimationIndex":[[null,null,null,null,null,null,null,{"EffectName":["Urd_Atk01LV2_PreAtkParticle_Phase2"]},null,null,null,null,null,null,null,null,null,null,null,null,null,null,null,null,null,null,null,null,null,null,null,null,null,null,{"EffectName":["Urd_Atk01LV2_BP01_Phase2"]},{"EffectName":["Urd_Atk01LV2_SlashParticle_Phase2"]},null,null,null,null,null,{"EffectName":["Urd_Atk01LV2_SharpParticle1_Phase2","Urd_Atk01LV2_StabParticle01_Phase2"],"Enable_Weapon":true},null,{"Enable_Weapon":false},null,null,null,null,null,null,{"Enable_Weapon":true},{"EffectName":["Urd_Atk01LV2_SharpParticle1_Phase2","Urd_Atk01LV2_StabParticle01_Phase2"]},null,null,{"Enable_Weapon":false},null,null,null,null,null,null,{},null,{"EffectName":["Urd_Atk01LV2_SharpParticle2_Phase2","Urd_Atk01LV2_StabParticle02_Phase2"],"Enable_Weapon":true},null,{"Enable_Weapon":false},null,null,null,null,null,null,null,null,null,null,null,null,null,null,null,null,null,null,null,null,null,null,null,null,null,null,null,null,null,null,null,null,null,null,null,null,{"EffectName":["Urd_Atk01LV2_DrawParticle_Phase2"]},null,null,null],[null,null,null,null,null,null,null,{"EffectName":["Urd_Atk01LV2_PreAtkParticle_Phase2"]},null,null,null,null,null,null,null,null,null,null,null,null,null,null,null,null,null,null,null,null,null,null,null,null,null,null,{"EffectName":["Urd_Atk01LV2_BP01_Phase2"]},{"EffectName":["Urd_Atk01LV2_SlashParticle_Phase2"]},null,null,null,null,null,{"EffectName":["Urd_Atk01LV2_SharpParticle1_Phase2","Urd_Atk01LV2_StabParticle01_Phase2"],"Enable_Weapon":true},null,{"Enable_Weapon":false},null,null,null,null,null,null,{"Enable_Weapon":true},{"EffectName":["Urd_Atk01LV2_SharpParticle1_Phase2","Urd_Atk01LV2_StabParticle01_Phase2"]},null,null,{"Enable_Weapon":false},null,null,null,null,null,null,{},null,{"EffectName":["Urd_Atk01LV2_SharpParticle2_Phase2","Urd_Atk01LV2_StabParticle02_Phase2"],"Enable_Weapon":true},null,{"Enable_Weapon":false},null,null,null,null,null,null,null,null,null,null,null,null,null,null,null,null,null,null,null,null,null,null,null,null,null,null,null,null,null,null,null,null,null,null,null,null,{"EffectName":["Urd_Atk01LV2_DrawParticle_Phase2"]},null,null,null],[null,null,null,null,null,{"EffectName":["Urd_Atk02LV2C0_PreAtkParticle_Phase2"]},null,null,null,null,null,null,null,null,null,null,null,null,null,null,null,null,null,null,null,null,null,null,null,null,null,{"EffectName":["Urd_Atk02LV2C0_BP_Phase2"]},null,null,null,null,null,null,null,null,null,null,null,null,null,null,null,null,null,null,null,null,null,null,null,null,null,null,null,null,null,null,{"EffectName":["Urd_Atk02LV2C0_StabParticle02_Phase2"]},null,null,null,null,null,null,null,null,null,null,{"EffectName":["Urd_Atk02LV2C0_SlashParticle_Phase2","Urd_Atk02LV2C0_StabParticle01_Phase2"]},null,null,null,null,{"Enable_Weapon":true},null,null,null,{"Enable_Weapon":false},null,null,null,null,null,null,null,null,null,null,null,null,null,null,null,null,null,null,null,null,null,null,null,null,null,null,null,null,null,null,null,null,null,null,null,null,null,null,null,null,null,{"EffectName":["Urd_Atk02LV2C0_DrawParticle_Phase2"]}],[null,null,null,null,null,null,null,{"EffectName":["Urd_Atk01LV2_PreAtkParticle_Phase2"]},null,null,null,null,null,null,null,null,null,null,null,null,null,null,null,null,null,null,null,null,null,null,null,null,null,null,{"EffectName":["Urd_Atk01LV2_BP01_Phase2"]},{"EffectName":["Urd_Atk01LV2_SlashParticle_Phase2"]},null,null,null,null,null,{"EffectName":["Urd_Atk01LV2_SharpParticle1_Phase2","Urd_Atk01LV2_StabParticle01_Phase2"],"Enable_Weapon":true},null,{"Enable_Weapon":false},null,null,null,null,null,null,{"Enable_Weapon":true},{"EffectName":["Urd_Atk01LV2_SharpParticle1_Phase2","Urd_Atk01LV2_StabParticle01_Phase2"]},null,null,{"Enable_Weapon":false},null,null,null,null,null,null,{},{"EffectName":["Urd_Atk01LV2_SharpParticle2_Phase2","Urd_Atk01LV2_StabParticle02_Phase2"]},{"Enable_Weapon":true},null,{"Enable_Weapon":false},null,null,null,null,null,null,null,null,null,null,null,null,null,null,null,null,null,null,null,null,null,null,null,null,null,null,null,null,null,null,null,null,null,null,null,null,{"EffectName":["Urd_Atk01LV2_DrawParticle_Phase2"]},null,null,null],[null,null,null,null,null,{"EffectName":["Urd_Atk02_PreAtkParticle_Phase2"]},null,null,null,null,null,null,null,null,null,null,null,null,null,null,null,null,null,null,null,null,null,null,null,null,null,{"EffectName":["Urd_Atk02_BP_Phase2"]},null,null,null,null,null,null,null,null,null,null,null,null,null,null,null,null,null,null,null,null,null,null,null,null,null,null,null,null,null,null,null,null,null,null,null,null,null,null,null,null,null,{"EffectName":["Urd_Atk02_SlashParticle_Phase2","Urd_Atk02_StabParticle01_Phase2"]},null,null,null,null,null,{},null,null,null,{},null,null,null,null,null,null,null,null,null,null,null,null,null,null,null,null,null,null,null,null,null,null,null,null,null,null,null,null,null,null,null,null,null,null,null,null,null,null,null,null,{"EffectName":["Urd_Atk02_DrawParticle_Phase2"]},null,null,null,null],[null,null,null,null,null,null,null,null,null,null,null,null,null,null,null,{"EffectName":["Urd_Atk03_DashSting_L_BP_Phase2","Urd_Atk03_DashSting_L_PreAtkParticle_Phase2"]},null,null,null,null,null,null,null,null,null,null,null,null,null,null,null,null,null,null,null,null,null,null,null,null,null,null,null,null,null,null,null,null,{"EffectName":["Urd_Atk03_DashSting_L_BP2_Phase2"]},{"EffectName":["Urd_Atk03_DashSting_L_SlashParticle_Phase2","Urd_Atk03_DashSting_L_StabParticle01_Phase2"]},null,null,null,null,null,null,null,{"Enable_Weapon":true},null,null,null,null,{"Enable_Weapon":false},null,null,null,null,null,null,null,null,null,null,null,null,null,null,null,null,null,null,null,null,null,null,null,null,null,null,null,null,null,null,null,null,null,null,null,null,null,null,null,null,null,null,null,{"EffectName":["Urd_Atk03_DashSting_L_DrawParticle_Phase2"]}],[null,null,null,null,null,null,null,null,null,null,null,{"EffectName":["Urd_Atk03_DashSting_R_BP_Phase2"]},null,null,null,{"EffectName":["Urd_Atk03_DashSting_R_PreAtkParticle_Phase2"]},null,null,null,null,null,null,null,null,null,null,null,null,null,null,null,null,null,null,null,null,null,null,null,null,null,null,null,null,null,null,null,null,{"EffectName":["Urd_Atk03_DashSting_R_BP2_Phase2"]},{"EffectName":["Urd_Atk03_DashSting_R_SlashParticle_Phase2","Urd_Atk03_DashSting_R_StabParticle01_Phase2"]},null,null,null,null,null,null,null,{"Enable_Weapon":true},null,null,null,null,{"Enable_Weapon":false},null,null,null,null,null,null,null,null,null,null,null,null,null,null,null,null,null,null,null,null,null,null,null,null,null,null,null,null,null,null,null,null,null,null,null,null,null,null,null,null,null,null,null,null,{"EffectName":["Urd_Atk03_DashSting_R_DrawParticle_Phase2"]}],[null,null,null,null,null,null,null,null,null,null,null,null,null,null,null,null,null,null,null,null,null,{"EffectName":["Urd_Atk05_BP_Phase2"]},null,null,null,null,null,null,null,null,null,null,null,null,null,{"EffectName":["Urd_Atk05_SlashParticle01_Phase2"]},null,{"EffectName":["Urd_Atk05_PreAtkParticle_Phase2"],"Enable_Weapon":true},null,null,null,null,null,null,null,null,null,{"Enable_Weapon":false},null,null,null,null,null,null,null,null,null,null,null,null,null,null,null,null,null,null,null,null,null,null,null,null,null,null,null,null,null,null,null,null,null,null,null,null,null,null,null,null,null,null,{"EffectName":["Urd_Atk05_BP2_Phase2"]},null,{"EffectName":["Urd_Atk05_SlashParticle02_Phase2","Urd_Atk05_StabParticle01_Phase2"]},null,null,null,null,null,null,null,null,null,{"Enable_Weapon":true},null,null,null,null,{"Enable_Weapon":false},null,null,null,null,null,null,null,null,null,null,null,null,null,null,null,null,null,null,null,null,null,null,null,null,null,null,null,null,null,null,null,null,null,null,null,null,null,null,null,null,null,{"EffectName":["Urd_Atk05_DrawParticle_Phase2"]}],[null,{"EffectName":["Urd_Atk06_BP_Phase2"]},null,null,null,null,null,null,null,null,null,null,null,null,null,null,null,null,null,null,null,null,null,null,null,null,null,null,null,null,null,{"EffectName":["Urd_Atk06_PreAtkParticle_Phase2"]},null,null,null,null,null,null,null,{"EffectName":["Urd_Atk06_SlashParticle_Phase2"]},null,null,null,null,null,null,null,null,null,null,null,null,null,null,null,null,null,null,null,null,null,null,null,null,null,null,null,null,null,null,null,null,null,null,null,null,null,null,null,null,null,null,null,null,null,null,null,null,null,null,null,null,null,null,null,null,null,null,null,null,null],[null,null,null,null,null,null,null,null,null,null,null,null,null,null,null,null,null,null,null,null,null,null,null,null,null,null,null,null,null,null,null,null,null,null,null,{"EffectName":["Urd_Atk07_PreAtkParticle_Phase2"]},null,null,null,null,null,null,null,null,null,null,null,null,null,null,null,null,null,null,null,null,null,null,null,null,null,null,null,null,null,null,null,null,null,null,null,null,null,null,null,null,null,null,null,null,{"EffectName":["Urd_Atk07_BP_Phase2"]},null,null,null,null,null,null,null,{"EffectName":["Urd_Atk07_PreAtkParticle2_Phase2","Urd_Atk07_SlashParticle_Phase2"]},null,null,null,null,null,null,null,null,null,null,null,null,null,null,null,null,null,null,null,null,null,null,null,null,null,null,null,null,null,null,null,null,null,null,null],null,[null,null,null,null,null,null,null,null,null,null,null,null,null,null,null,null,null,{"EffectName":["Urd_Equip_L_PreAtkParticle_Phase2"]}],[null,null,null,null,null,null,null,null,null,null,null,{"EffectName":["Urd_Equip_R_PreAtkParticle_Phase2"]}],null,null,null,null,null,null,null,[{"EffectName":["Urd_Parry_L_Sparkle_Phase2"]},null,{"EffectName":["Urd_Parry_L_PreAtkParticle_Phase2"]}],null,[{"EffectName":["Urd_Parry_R_Sparkle_Phase2"]},null,{"EffectName":["Urd_Parry_R_PreAtkParticle_Phase2"]}],null,[null,null,null,null,null,null,null,null,null,null,null,null,null,null,null,null,null,null,null,null,null,null,null,null,null,null,null,null,null,null,null,null,null,null,null,null,null,null,null,null,null,null,null,null,null,null,null,null,null,null,null,null,null,null,null,null,null,null,null,null,null,null,null,null,null,null,null,null,null,null,null,null,null,null,null,null,null,null,null,null,null,null,null,null,null,null,null,null,null,null,null,null,null,null,null,null,null,null,null,null,null,null,null,null,null,null,null,null,null,null,null,null,null,null,null,null,null,null,null,null,null,null,null,null,null,null,null,null,null,null,null,null,null,null,null,null,null,null,null,null,null,null,null,null,null,null,null,null,null,null,null,null,null,null,null,null,null,null,null,null,null,null,null,null,null,null,null,null,null,null,null,null,null,null,null,null,null,null,null,null,null,null,null,null,null,null,null,null,null,null,null,null,null,null,null,null,null,null,null,null,null,null,null,null,null,null,null,null,null,null,null,null,null,null,null,null,null,null,null,null,null,null,null,null,null,null,null,null,null,null,null,null,null,null,null,null,null,null,null,null,null,null,null,null,null,null,null,null,null,null,null,null,null,null,null,null,null,null,null,null,null,null,null,null,null,null,null,null,null,null,null,null,null,null,null,null,null,null,null,null,null,null,null,null,null,null,null,null,null,null,null,null,null,null,null,null,null,null,null,null,null,null,null,null,null,null,null,null,null,null,null,null,null,null,null,null,null,null,null,null,null,null,null,null,null,null,null,null,null,null,null,null,null,null,null,null,null,null,null,null,null,null,null,null,null,null,null,null,null,null,null,null,null,null,null,null,null,null,null,null,null,null,null,null,null,null,null,null,null,null,null,null,null,null,null,null,null,null,null,null,null,null,null,null,null,null,null,null,null,null,null,null,null,null,null,null,null,null,null,null,null,null,null,null,null,null,null,null,null,null,null,null,null,null,null,null,null,null,null,null,null,null,null,null,null,null,null,null,null,null,null,null,null,null,null,null,null,null,null,null,null,null,null,null,null,null,null,null,null,null,null,null,null,null,null,null,null,null,null,null,null,null,null,null,null,null,null,null,null,null,null,null,null,null,null,null,null,null,null,null,null,null,null,null,null,null,null,null,null,null,null,null,null,null,null,null,null,null,null,null,null,null,null,null,null,null,null,null,null,null,null,null,null,null,null,null,null,null,null,null,null,null,null,null,null,null,null,null,null,null,null,null,null,null,null,null,null,null,null,null,null,null,null,null,null,null,null,null,null,null,null,null,null,null,null,null,null,null,null,null,null,null,null,null,null,null,null,null,null,null,null,null,null,null,null,null,null,null,null,null,null,null,null,null,null,null,null,null,null,null,null,null,null,null,null,null,null,null,null,null,null,null,null,null,null,null,null,null,null,null,null,null,null,null,null,null,null,null,null,null],null,[null,null,null,null,null,null,null,null,{"EffectName":["Urd_Skill01_WeaponAppear_Phase2"]},{"EffectName":["Urd_Skill01_BP_Phase2"]},null,null,null,null,null,{"EffectName":["Urd_Skill01_WeaponEffect_Phase2","Urd_Skill01_WeaponShine_Phase2"]},null,null,null,null,null,null,null,null,null,null,null,null,null,null,null,null,null,null,null,null,null,{"EffectName":["Urd_Skill01_SharpParticle_Phase2","Urd_Skill01_StabParticle01_Phase2"]},null,null,null,null,{"EffectName":["Urd_Skill01_Impact_Phase2"]}],[null,null,null,null,null,null,null,null,null,null,null,null,null,null,null,null,{"EffectName":["Urd_Skill02_1_WeaponAppear_Phase2"]},null,null,null,null,{"EffectName":["Urd_Skill02_1_BP_Phase2"]},{"EffectName":["Urd_Skill02_1_WeaponEffect_Phase2","Urd_Skill02_1_WeaponShine_Phase2"]},null,null,null,null,null,null,null,null,null,null,null,null,null,null,{"EffectName":["Urd_Skill02_1_SharpParticle_Phase2"]},null,{"EffectName":["Urd_Skill02_1_Impact_Phase2"]}],[null,null,null,null,null,null,null,null,{"EffectName":["Urd_Skill03_L_BP_Phase2"]},null,null,null,null,null,null,null,null,{"EffectName":["Urd_Skill03_L_WeaponAppear_Phase2"]},null,null,null,null,null,null,null,null,null,{"EffectName":["Urd_Skill03_L_WeaponEffect_Phase2","Urd_Skill03_L_WeaponShine_Phase2"]}],[null,null,null,null,null,null,null,null,{"EffectName":["Urd_Skill03_R_BP_Phase2"]},null,null,null,null,null,null,null,null,{"EffectName":["Urd_Skill03_R_WeaponAppear_Phase2"]},null,null,null,null,null,null,null,null,null,{"EffectName":["Urd_Skill03_R_WeaponEffect_Phase2","Urd_Skill03_R_WeaponShine_Phase2"]}],[null,null,null,null,null,null,null,null,null,null,null,null,null,null,null,null,null,null,null,null,null,null,null,null,null,null,null,null,null,null,null,null,null,null,{"EffectName":["Urd_SP_HandBlood_Phase2"]},null,null,null,null,null,null,null,null,null,null,null,null,null,null,null,null,null,null,null,null,null,null,null,null,null,null,{"EffectName":["Urd_SP_PreAtkParticle_Phase2"]},{"EffectName":["Urd_SP_HandAwakening_Phase2"]},null,null,null,null,null,null,null,null,null,null,null,null,null,null,null,null,null,null,null,null,null,{"EffectName":["Urd_SP_Explosion_Phase2"]},null,null,null,null,null,null,null,null,null,null,null,null,null,null,null,null,null,null,null,null,null,null,null,null,null,null,null,null,null,null,null,null,null,null,null,null,null,null,null,null,null,null,null,null,null,null,null,null,null,null,null,null,null,null,null,null,null,null,null,null,null,null,null,null,null,null,null,null,null,null,null,null,null,null,null,null,null,null,null,null,null,null,null,null,null,null,null,null,null,null,null,null,null,null,null,null,null,null,null,null,{"EffectName":["Urd_SP_ColorFlip_Phase2","Collider_Urd_SP_Explosion_Phase2"]},{"EffectName":["Urd_SP_First_Impact_Phase2"]},null,null,null,null,null,null,null,null,null,null,null,null,null,null,null,null,null,null,null,null,null,null,null,null,null,null,null,null,null,null,null,null,null,null,null,null,null,null,null,null,null,null,null,null,null,null,null,null,null,null,null,null,null,null,null,null,null,null,null,null,null,null,null,null,null,null,null,null,null,null,null,null,null,null,null,null,null,null,null,null,null,null,null,null,null,null,null,null,null,null,null,null,null,null,null,null,null,null,null,null,null,null,null,null,null,null,null,null,null,null,null,null,null,null,null,null,null,null,null,null,null,null,null,null,null,null,null,null,null,null,null,null,null,null,null,null,null,null,{"EffectName":["Urd_SP_DrawParticle_Phase2"]}],[null,null,null,null,{"EffectName":["Urd_StepB_BP_Phase2"]}],[null,null,null,null,null,null,null,null,{"EffectName":["Urd_StepFL45_BP_Phase2"]}],[null,null,null,null,null,null,null,null,{"EffectName":["Urd_StepFL_BP_Phase2"]}],[null,null,null,null,null,{"EffectName":["Urd_StepFR45_BP_Phase2"]}],[null,null,null,null,null,{"EffectName":["Urd_StepFR_BP_Phase2"]}],[null,null,null,null,null,null,null,{"EffectName":["Urd_StepL_BP_Phase2"]}],[null,null,null,null,null,{"EffectName":["Urd_StepR_BP_Phase2"]}]]}
