{"AnimationIndex":[[null,null,null,null,null,null,null,{"EffectName":["Urd_Atk01LV2_WeaponAppear","Urd_Atk01LV2_PreAtkParticle"]},null,null,null,null,null,null,null,null,null,null,null,null,null,null,null,null,null,null,null,null,null,null,null,null,null,null,{"EffectName":["Urd_Atk01LV2_BP01"]},{"EffectName":["Urd_Atk01LV2_SlashParticle"]},null,null,null,null,null,{"EffectName":["Urd_Atk01LV2_SharpParticle1","Urd_Atk01LV2_StabParticle01"],"Enable_Weapon":true},null,{"Enable_Weapon":false},null,null,null,null,null,null,{"Enable_Weapon":true},{"EffectName":["Urd_Atk01LV2_SharpParticle1","Urd_Atk01LV2_StabParticle01"]},null,null,{"Enable_Weapon":false},null,null,null,null,null,null,{},null,{"EffectName":["Urd_Atk01LV2_SharpParticle2","Urd_Atk01LV2_StabParticle02"],"Enable_Weapon":true},null,{"Enable_Weapon":false},null,null,null,null,null,null,null,null,null,null,null,null,null,null,null,null,null,null,null,null,null,null,null,null,null,null,null,null,null,null,null,null,null,null,null,null,{"EffectName":["Urd_Atk01LV2_DrawParticle"]},null,null,{"EffectName":["Urd_Atk01LV2_WeaponDisappear"]}],[null,null,null,null,null,null,null,{"EffectName":["Urd_Atk01LV2_WeaponAppear","Urd_Atk01LV2_PreAtkParticle"]},null,null,null,null,null,null,null,null,null,null,null,null,null,null,null,null,null,null,null,null,null,null,null,null,null,null,{"EffectName":["Urd_Atk01LV2_BP01"]},{"EffectName":["Urd_Atk01LV2_SlashParticle"]},null,null,null,null,null,{"EffectName":["Urd_Atk01LV2_SharpParticle1","Urd_Atk01LV2_StabParticle01"],"Enable_Weapon":true},null,{"Enable_Weapon":false},null,null,null,null,null,null,{"Enable_Weapon":true},{"EffectName":["Urd_Atk01LV2_SharpParticle1","Urd_Atk01LV2_StabParticle01"]},null,null,{"Enable_Weapon":false},null,null,null,null,null,null,{},null,{"EffectName":["Urd_Atk01LV2_SharpParticle2","Urd_Atk01LV2_StabParticle02"],"Enable_Weapon":true},null,{"Enable_Weapon":false},null,null,null,null,null,null,null,null,null,null,null,null,null,null,null,null,null,null,null,null,null,null,null,null,null,null,null,null,null,null,null,null,null,null,null,null,{"EffectName":["Urd_Atk01LV2_DrawParticle"]},null,null,{"EffectName":["Urd_Atk01LV2_WeaponDisappear"]}],[null,null,null,null,null,{"EffectName":["Urd_Atk02LV2C0_PreAtkParticle"]},null,null,null,null,null,null,null,null,null,{"EffectName":["Urd_Atk02LV2C0_WeaponAppear"]},null,null,null,null,null,null,null,null,null,null,null,null,null,null,null,{"EffectName":["Urd_Atk02LV2C0_BP"]},null,null,null,null,null,null,null,null,null,null,null,null,null,null,null,null,null,null,null,null,null,null,null,null,null,null,null,null,null,null,{"EffectName":["Urd_Atk02LV2C0_StabParticle02"]},null,null,null,null,null,null,null,null,null,null,{"EffectName":["Urd_Atk02LV2C0_SlashParticle","Urd_Atk02LV2C0_StabParticle01"]},null,null,null,null,{"Enable_Weapon":true},null,null,null,{"Enable_Weapon":false},null,null,null,null,null,null,null,null,null,null,null,null,null,null,null,null,null,null,null,null,null,null,null,null,null,null,null,null,null,null,null,null,null,null,null,null,null,null,null,null,null,{"EffectName":["Urd_Atk02LV2C0_WeaponDisappear","Urd_Atk02LV2C0_DrawParticle"]}],[null,null,null,null,null,null,null,{"EffectName":["Urd_Atk01LV2_PreAtkParticle","Urd_Atk01LV2_WeaponAppear"]},null,null,null,null,null,null,null,null,null,null,null,null,null,null,null,null,null,null,null,null,null,null,null,null,null,null,{"EffectName":["Urd_Atk01LV2_BP01"]},{"EffectName":["Urd_Atk01LV2_SlashParticle"]},null,null,null,null,null,{"EffectName":["Urd_Atk01LV2_SharpParticle1","Urd_Atk01LV2_StabParticle01"],"Enable_Weapon":true},null,{"Enable_Weapon":false},null,null,null,null,null,null,{"Enable_Weapon":true},{"EffectName":["Urd_Atk01LV2_SharpParticle1","Urd_Atk01LV2_StabParticle01"]},null,null,{"Enable_Weapon":false},null,null,null,null,null,null,{},{"EffectName":["Urd_Atk01LV2_SharpParticle2","Urd_Atk01LV2_StabParticle02"]},{"Enable_Weapon":true},null,{"Enable_Weapon":false},null,null,null,null,null,null,null,null,null,null,null,null,null,null,null,null,null,null,null,null,null,null,null,null,null,null,null,null,null,null,null,null,null,null,null,null,{"EffectName":["Urd_Atk01LV2_DrawParticle"]},null,null,{"EffectName":["Urd_Atk01LV2_WeaponDisappear"]}],[null,null,null,null,null,{"EffectName":["Urd_Atk02_PreAtkParticle"]},null,null,null,null,null,null,null,null,null,{"EffectName":["Urd_Atk02_WeaponAppear"]},null,null,null,null,null,null,null,null,null,null,null,null,null,null,null,{"EffectName":["Urd_Atk02_BP"]},null,null,null,null,null,null,null,null,null,null,null,null,null,null,null,null,null,null,null,null,null,null,null,null,null,null,null,null,null,null,null,null,null,null,null,null,null,null,null,null,null,{"EffectName":["Urd_Atk02_SlashParticle","Urd_Atk02_StabParticle01"]},null,null,null,null,null,{},null,null,null,{},null,null,null,null,null,null,null,null,null,null,null,null,null,null,null,null,null,null,null,null,null,null,null,null,null,null,null,null,null,null,null,null,null,null,null,null,null,null,null,null,{"EffectName":["Urd_Atk02_DrawParticle"]},null,null,null,{"EffectName":["Urd_Atk02_WeaponDisappear"]}],[null,null,null,null,null,null,null,null,null,null,null,null,null,null,null,{"EffectName":["Urd_Atk03_DashSting_L_BP","Urd_Atk03_DashSting_L_WeaponAppear","Urd_Atk03_DashSting_L_PreAtkParticle"]},null,null,null,null,null,null,null,null,null,null,null,null,null,null,null,null,null,null,null,null,null,null,null,null,null,null,null,null,null,null,null,null,{"EffectName":["Urd_Atk03_DashSting_L_BP2"]},{"EffectName":["Urd_Atk03_DashSting_L_SlashParticle","Urd_Atk03_DashSting_L_StabParticle01"]},null,null,null,null,null,null,null,{"Enable_Weapon":true},null,null,null,null,{"Enable_Weapon":false},null,null,null,null,null,null,null,null,null,null,null,null,null,null,null,null,null,null,null,null,null,null,null,null,null,null,null,null,null,null,null,null,null,null,null,null,null,null,null,null,null,null,null,{"EffectName":["Urd_Atk03_DashSting_L_WeaponDisappear","Urd_Atk03_DashSting_L_DrawParticle"]}],[null,null,null,null,null,null,null,null,null,null,null,{"EffectName":["Urd_Atk03_DashSting_R_BP"]},null,null,null,{"EffectName":["Urd_Atk03_DashSting_R_WeaponAppear","Urd_Atk03_DashSting_R_PreAtkParticle"]},null,null,null,null,null,null,null,null,null,null,null,null,null,null,null,null,null,null,null,null,null,null,null,null,null,null,null,null,null,null,null,null,{"EffectName":["Urd_Atk03_DashSting_R_BP2"]},{"EffectName":["Urd_Atk03_DashSting_R_SlashParticle","Urd_Atk03_DashSting_R_StabParticle01"]},null,null,null,null,null,null,null,{"Enable_Weapon":true},null,null,null,null,{"Enable_Weapon":false},null,null,null,null,null,null,null,null,null,null,null,null,null,null,null,null,null,null,null,null,null,null,null,null,null,null,null,null,null,null,null,null,null,null,null,null,null,null,null,null,null,null,null,null,{"EffectName":["Urd_Atk03_DashSting_R_WeaponDisappear","Urd_Atk03_DashSting_R_DrawParticle"]}],[null,null,null,null,null,null,null,null,null,null,null,null,null,null,null,null,null,null,null,null,null,{"EffectName":["Urd_Atk05_BP"]},null,null,null,null,null,null,null,null,null,null,null,null,null,{"EffectName":["Urd_Atk05_SlashParticle01"]},{"EffectName":["Urd_Atk05_WeaponAppear"]},{"EffectName":["Urd_Atk05_PreAtkParticle"],"Enable_Weapon":true},null,null,null,null,null,null,null,null,null,{"Enable_Weapon":false},null,null,null,null,null,null,null,null,null,null,null,null,null,null,null,null,null,null,null,null,null,null,null,null,null,null,null,null,null,null,null,null,null,null,null,null,null,null,null,null,null,null,{"EffectName":["Urd_Atk05_BP2"]},null,{"EffectName":["Urd_Atk05_SlashParticle02","Urd_Atk05_StabParticle01"]},null,null,null,null,null,null,null,null,null,{"Enable_Weapon":true},null,null,null,null,{"Enable_Weapon":false},null,null,null,null,null,null,null,null,null,null,null,null,null,null,null,null,null,null,null,null,null,null,null,null,null,null,null,null,null,null,null,null,null,null,null,null,null,null,null,null,null,{"EffectName":["Urd_Atk05_WeaponDisappear","Urd_Atk05_DrawParticle"]}],[null,{"EffectName":["Urd_Atk06_BP"]},null,null,null,null,null,null,null,null,null,null,null,null,null,null,null,null,null,null,null,null,null,null,null,null,null,null,null,null,null,{"EffectName":["Urd_Atk06_PreAtkParticle"]},null,null,null,null,null,null,null,{"EffectName":["Urd_Atk06_SlashParticle"]},null,null,null,null,null,null,null,null,null,null,null,null,null,null,null,null,null,null,null,null,null,null,null,null,null,null,null,null,null,null,null,null,null,null,null,null,null,null,null,null,null,null,null,null,null,null,null,null,null,null,null,null,null,null,null,null,null,null,null,null,{"EffectName":["Urd_Atk06_WeaponDisappear"]}],[null,null,null,null,null,null,null,null,null,null,null,null,null,null,null,null,null,null,null,null,null,null,null,null,null,null,null,null,null,null,null,null,null,null,null,{"EffectName":["Urd_Atk07_PreAtkParticle"]},null,null,null,null,null,null,null,null,null,null,null,null,null,null,null,null,null,null,null,null,null,null,null,null,null,null,null,null,null,null,null,null,null,null,null,null,null,null,null,null,null,null,null,null,{"EffectName":["Urd_Atk07_BP"]},null,null,null,null,null,null,null,{"EffectName":["Urd_Atk07_PreAtkParticle2","Urd_Atk07_SlashParticle"]},null,null,null,null,null,null,null,null,null,null,null,null,null,null,null,null,null,null,null,null,null,null,null,null,null,null,null,null,null,null,null,null,null,null,{"EffectName":["Urd_Atk07_WeaponDisappear"]}],null,[null,null,null,null,null,null,null,null,null,null,null,null,null,null,null,null,null,{"EffectName":["Urd_Equip_L_PreAtkParticle"]}],[null,null,null,null,null,null,null,null,null,null,null,{"EffectName":["Urd_Equip_R_PreAtkParticle"]}],null,null,null,null,null,null,null,[{"EffectName":["Urd_Parry_L_Sparkle"]},null,{"EffectName":["Urd_Parry_L_PreAtkParticle"]}],null,[{"EffectName":["Urd_Parry_R_Sparkle"]},null,{"EffectName":["Urd_Parry_R_PreAtkParticle"]}],null,[null,{"EffectName":["Urd_Start_WeaponShine"]},null,null,null,null,null,null,null,null,null,null,null,null,null,null,null,null,null,null,null,null,null,{"EffectName":["Urd_Start_FirstImpact","Urd_Start_Impact"]},null,null,null,null,null,null,null,null,null,null,null,null,null,null,null,null,null,null,null,null,null,null,null,null,null,null,null,null,null,null,null,null,null,null,null,null,null,null,null,null,null,null,null,null,null,null,null,null,null,null,null,null,null,null,null,null,null,null,null,null,null,null,null,null,null,null,null,null,null,null,null,null,null,null,null,null,null,null,null,null,null,null,null,null,null,null,null,null,null,null,null,null,null,null,null,null,null,null,null,null,null,null,null,null,null,null,null,null,null,null,null,null,null,null,null,null,null,null,null,null,null,null,null,null,null,null,null,null,null,null,null,null,null,null,null,null,null,null,null,null,null,null,null,null,null,null,null,null,null,null,null,null,null,null,null,null,null,null,null,null,null,null,null,null,null,null,null,null,null,null,null,null,null,null,null,null,null,null,null,null,null,null,null,null,null,null,null,null,null,null,null,null,null,null,null,null,null,null,null,null,null,null,null,null,null,null,null,null,null,null,null,null,null,null,null,null,null,null,null,null,null,null,null,null,null,null,null,null,null,null,null,null,null,null,null,null,null,null,null,null,null,null,null,null,null,null,null,null,null,null,null,null,null,null,null,null,null,null,null,null,null,null,null,null,null,null,null,null,null,null,null,null,null,null,null,null,null,null,null,null,null,null,null,null,null,null,null,null,null,null,null,null,null,null,null,null,null,null,null,null,null,null,null,null,null,null,null,null,null,null,null,null,null,null,null,null,null,null,null,null,null,null,null,null,null,null,null,null,null,null,null,null,null,null,null,null,null,null,null,null,null,null,null,null,null,null,null,null,null,null,null,null,null,null,null,null,null,null,null,null,null,null,null,null,null,null,null,null,null,null,null,null,null,null,null,null,null,null,null,null,null,null,null,null,null,null,null,null,null,null,null,null,null,null,null,null,null,null,null,null,null,null,null,null,null,null,null,null,null,null,null,null,null,null,null,null,null,null,null,null,null,null,null,null,null,null,null,null,null,null,null,null,null,null,null,null,null,null,null,null,null,null,null,null,null,null,null,null,null,null,null,null,null,null,null,null,null,null,null,null,null,null,null,null,null,null,null,null,null,null,null,null,null,null,null,null,null,null,null,null,{"EffectName":["Urd_Start_WeaponShine2"]},null,null,null,null,null,null,null,null,null,null,null,null,null,null,null,null,null,null,null,null,null,null,null,null,null,null,null,null,null,null,null,null,null,null,null,null,null,null,{"EffectName":["Urd_Start_PreAtkParticle"]},null,null,null,null,null,null,null,null,null,null,null,null,null,null,null,null,null,null,null,null,null,null,null,null,null,null,null,null,null,null,null,null,null,null,null,null,null,null,null,null,null,null,null,null,null,null,null,null,null,null,null,null,null,null,null,null,null,null,null,null,null,null,null,null,null,null,null,null,null,null,null,null,null,null,null,{"EffectName":["Urd_Start_WeaponShine3"]}],null,[null,null,null,null,null,null,null,null,{"EffectName":["Urd_Skill01_WeaponAppear"]},{"EffectName":["Urd_Skill01_BP"]},null,null,null,null,null,{"EffectName":["Urd_Skill01_WeaponShine","Urd_Skill01_WeaponEffect"]},null,null,null,null,null,null,null,null,null,null,null,null,null,null,null,null,null,null,null,null,null,{"EffectName":["Urd_Skill01_SharpParticle","Urd_Skill01_StabParticle01"]},null,null,null,null,{"EffectName":["Urd_Skill01_Impact"]}],[null,null,null,null,null,null,null,null,null,null,null,null,null,null,null,null,{"EffectName":["Urd_Skill02_1_WeaponAppear"]},null,null,null,null,{"EffectName":["Urd_Skill02_1_BP"]},{"EffectName":["Urd_Skill02_1_WeaponShine","Urd_Skill02_1_WeaponEffect"]},null,null,null,null,null,null,null,null,null,null,null,null,null,null,{"EffectName":["Urd_Skill02_1_SharpParticle"]},null,{"EffectName":["Urd_Skill02_1_Impact"]}],[null,null,null,null,null,null,null,null,{"EffectName":["Urd_Skill03_L_BP"]},null,null,null,null,null,null,null,null,{"EffectName":["Urd_Skill03_L_WeaponAppear"]},null,null,null,null,null,null,null,null,null,{"EffectName":["Urd_Skill03_L_WeaponShine","Urd_Skill03_L_WeaponEffect"]}],[null,null,null,null,null,null,null,null,{"EffectName":["Urd_Skill03_R_BP"]},null,null,null,null,null,null,null,null,{"EffectName":["Urd_Skill03_R_WeaponAppear"]},null,null,null,null,null,null,null,null,null,{"EffectName":["Urd_Skill03_R_WeaponShine","Urd_Skill03_R_WeaponEffect"]}],[null,null,null,null,{"EffectName":["Urd_SP_WeaponShine"]},null,null,null,null,null,null,null,null,null,null,null,null,null,null,null,null,null,null,null,{"EffectName":["Urd_SP_WeaponChange"]},null,null,null,null,null,null,null,null,null,{"EffectName":["Urd_SP_HandBlood"]},null,null,null,null,null,null,null,null,null,null,null,null,null,null,null,null,null,null,null,null,null,null,null,null,null,null,{"EffectName":["Urd_SP_PreAtkParticle","Urd_SP_RedWeapon"]},{"EffectName":["Urd_SP_HandAwakening"]},null,null,null,null,null,null,null,null,null,null,null,null,null,null,null,null,null,null,null,null,null,{"EffectName":["Urd_SP_Explosion"]},null,null,null,null,null,null,null,null,null,null,null,null,null,null,null,null,null,null,null,null,null,null,null,null,null,null,null,null,null,null,null,null,null,null,null,null,null,null,null,null,null,null,null,null,null,null,null,null,null,null,null,null,null,null,null,null,null,null,null,null,null,null,null,null,null,null,null,null,null,null,null,null,null,null,null,null,null,null,null,null,null,null,null,null,null,null,null,null,null,null,null,null,null,null,null,null,null,null,null,null,{"EffectName":["Urd_SP_ColorFlip","Collider_Urd_SP_Explosion"]},{"EffectName":["Urd_SP_First_Impact"]}],[null,null,null,null,{"EffectName":["Urd_StepB_BP"]}],[null,null,null,null,null,null,null,null,{"EffectName":["Urd_StepFL45_BP"]}],[null,null,null,null,null,null,null,null,{"EffectName":["Urd_StepFL_BP"]}],[null,null,null,null,null,{"EffectName":["Urd_StepFR45_BP"]}],[null,null,null,null,null,{"EffectName":["Urd_StepFR_BP"]}],[null,null,null,null,null,null,null,{"EffectName":["Urd_StepL_BP"]}],[null,null,null,null,null,{"EffectName":["Urd_StepR_BP"]}]]}
