{"AnimationIndex":[[null,null,null,null,null,null,null,null,null,null,null,null,null,null,null,null,null,null,null,null,null,null,null,null,null,null,null,null,null,null,null,null,null,{"EffectName":["Boss_Attack1_1"]},{"EffectName":[]},null,null,null,null,null,null,null,null,{"EffectName":["Boss_Attack1_2"]}],[{"EffectName":["Boss_Warning"]},null,null,null,null,null,null,null,null,null,null,{"EffectName":["Boss_Attack2_1"]},null,null,null,null,null,null,null,null,null,{"EffectName":["Boss_Attack2_2"]},null,null,null,null,null,null,null,null,null,null,{"EffectName":["Boss_Attack2_3"]}],null,null,null,[{"EffectName":["Boss_Warning"]},null,null,null,null,null,null,null,null,null,null,null,null,null,null,null,null,null,null,null,null,null,null,null,null,null,null,null,null,null,null,null,null,null,null,null,null,{"EffectName":["Boss_Attack6_1"]},null,null,null,null,null,{"EffectName":["Boss_Attack6_2"]},null,null,null,null,null,null,null,null,null,null,null,null,null,null,null,null,{"EffectName":["Boss_Attack6_3"]}],null,null,null,null,null,null,null,null,[null,null,null,null,null,null,null,null,null,null,null,null,null,null,null,null,null,null,null,null,null,null,null,null,null,null,null,null,null,null,null,null,null,{"EffectName":["Boss_Attack_Level2_Effect"]},null,null]]}
