{"AnimationIndex":[[null,{"EffectName":["Bat_AtkL_01_1_PreSplash_1"]},null,null,null,null,null,null,null,null,null,null,null,null,null,null,null,null,null,null,null,null,null,null,null,null,null,null,null,null,null,null,null,null,null,null,null,null,null,{"EffectName":["Bat_RandomSplash"]},null,null,{"EffectName":["Bat_AtkL_01_1_PreSplash_2"]},null,null,null,null,null,null,null,null,null,null,null,null,null,null,null,null,null,null,null,null,null,null,null,null,null,null,null,null,null,null,null,null,null,null,{"EffectName":["Bat_AtkL_01_1_PreSplash_3"]},null,null,null,{"EffectName":["Bat_RandomSplash"]},null,null,null,null,null,null,null,null,null,null,null,null,null,null,null,null,null,null,null,null,null,null,null,null,null,null,null,null,null,null,null,null,null,null,null,null,null,null,null,null,null,null,null,null,null,null,null,null,null,null,null,null,null,null,null,null,null,null,null,null,null,null,null,null,null,null,null,null,null,null,null,null,null,null,null,null,null,null,null,null,null,null,null,null,null,null,null,null,null,null,null,null,{"EffectName":["Bat_AtkL_01_1_Trail"]},null,null,{"EffectName":["Bat_AtkL_01_1_AfterSplash_3"]},null,null,null,null,null,null,null,null,null,null,null,null,{"Enable_Weapon":true},null,null,{"EffectName":["Bat_AtkL_01_1_Splash","Bat_RandomSplash"]},{"EffectName":["Bat_AtkL_01_1_AfterSplash_2"]},null,null,null,null,null,null,null,null,null,null,null,null,null,null,null,null,{"Enable_Weapon":false},null,null,null,null,null,null,null,null,null,null,null,null,null,null,null,null,{"EffectName":["Bat_RandomSplash"]},null,null,null,null,null,null,null,null,null,null,null,null,null,null,null,null,{"EffectName":["Bat_AtkL_01_1_AfterSplash_1"]},null,null,null,null,null,null,null,null,null,null,null,null,null,null,null,null,null,null,null,null,null,null,null,null,null,null,null,null,null,null,null,null,null,null,null,null,null,null,null,null,null,null,null,null,null,null,null,null,null,null,null,null,null,null,null,null,null,null,null,null,null,null,null,null,null,null,null,null,null,null,null,null,null,null,null,null,null,null,null,null,null,null,null,null,null,null,null,null,null,null,null,null,null,null,null,null,null,null,null,null,null,null,null,null,null,null,null,null,null,null,null,null,null,null,null,null,null,null,null,null,null,null,null,null,null,null,null,null,null,null,null,null,null,null,null,null,null,null,null,null,null,null,null,null,null,null,null,null,null,null,null,null,null,null,null,null,{"EffectName":["Bat_RandomSplash"]},null,null,null,null,null,null,null,null,null,null,null,null,null,null,null,null,null,null,null,null,null,null,null,null,{"EffectName":["Bat_AtkL_01_1_AfterSplash_4"]},null,null,null,null,null,null,null,null,null,null,null,null,null,null,null,null,null,null,null,null,null,null,null,null,null,null,null,null,null,null,null,null,null,null,null,null,null,null,null,null,null,null,null,null,null,null,null,null,null,null,null,null,null,null,null,null,null,null,null,null,null,null,null,null,null,null,null,null,null,null,null,null,null,null,null,null,null,null,null,null,null,null,null,{"EffectName":["Bat_RandomSplash"]}],[null,null,null,null,null,null,null,null,null,null,null,null,null,null,null,null,null,null,null,null,null,null,null,null,null,null,null,null,null,null,null,null,null,null,null,null,null,null,null,null,null,null,null,null,null,null,null,null,null,null,null,null,null,null,null,null,null,null,null,null,null,null,null,null,null,null,null,null,null,null,null,null,null,null,null,null,null,null,null,null,null,null,null,null,null,null,null,null,null,null,null,null,null,null,null,null,null,null,null,null,null,null,null,null,null,null,null,null,null,null,null,null,null,null,null,null,null,null,null,null,null,null,null,null,null,null,null,null,null,null,null,null,null,null,null,null,null,null,null,null,null,null,null,null,null,null,null,null,null,{"Enable_Weapon":true},null,null,null,null,null,null,null,null,null,null,null,null,null,{"EffectName":["Bat_AtkL_01_2a_Splash_2"]},null,null,null,{"EffectName":["Bat_RandomSplash"]},null,null,{"EffectName":["Bat_AtkL_01_2a_Trail","Bat_AtkL_01_2a_Splash"]},null,null,null,null,null,null,null,null,null,null,{"EffectName":["Bat_RandomSplash"]},null,null,null,null,null,null,null,null,null,null,null,null,null,null,null,null,{"Enable_Weapon":false},null,null,null,null,{"EffectName":["Bat_RandomSplash"]},null,null,null,null,null,null,null,null,null,null,null,null,null,null,null,null,null,null,null,null,null,null,null,{"EffectName":["Bat_RandomSplash"]},null,null,null,null,null,null,null,null,null,null,null,null,null,null,null,null,null,null,null,null,null,null,null,null,null,null,null,null,null,null,null,null,null,null,null,null,null,{"EffectName":["Bat_AtkL_01_2a_AfterSplash_2"]},null,null,null,null,null,{"EffectName":["Bat_RandomSplash"]},null,null,null,null,null,null,null,null,null,null,null,null,null,{"EffectName":["Bat_AtkL_01_2a_AfterSplash_1"]}],[null,null,null,null,null,null,null,null,null,null,null,null,null,null,null,null,null,null,null,null,null,null,null,null,null,null,null,null,null,null,null,null,null,null,null,null,null,null,null,null,null,null,null,null,null,null,null,null,null,null,null,null,null,null,null,null,null,null,null,null,null,null,null,null,null,null,null,null,null,null,null,null,null,{"Enable_Weapon":true},{"EffectName":["Bat_AtkL_01_2b_Splash","Bat_AtkL_01_2b_Trail"]},{"EffectName":["Bat_AtkL_01_2b_Splash2"]},null,null,null,null,null,null,null,null,{"EffectName":["Bat_RandomSplash"]},null,null,null,null,null,null,null,null,{"Enable_Weapon":false},null,null,null,null,null,null,null,null,null,null,null,null,null,null,{"EffectName":["Bat_RandomSplash"]},null,null,null,null,null,null,null,null,null,null,null,null,null,null,null,null,null,null,null,null,null,null,null,null,null,null,null,null,null,null,null,null,null,null,null,null,null,{"EffectName":["Bat_RandomSplash"]},null,null,null,null,null,null,null,null,null,null,null,null,null,null,null,null,null,null,null,null,null,null,null,null,null,null,null,null,null,null,null,null,null,null,null,null,null,null,null,null,null,null,null,null,null,null,null,null,null,null,null,null,null,null,null,null,null,null,null,null,null,null,null,null,null,null,null,null,null,null,null,null,null,null,null,null,null,null,null,null,null,null,null,null,null,null,null,null,null,null,null,null,null,null,null,null,null,null,null,null,null,null,null,null,null,null,null,null,null,null,null,null,null,null,null,null,null,null,null,null,null,null,null,null,null,null,null,null,null,null,null,null,null,null,null,null,null,null,null,null,null,null,null,null,null,null,null,null,null,null,null,null,null,null,null,null,null,null,null,{"EffectName":["Bat_RandomSplash"]}],[null,null,null,null,null,null,null,null,null,null,null,null,null,null,null,null,null,null,null,null,null,null,null,null,null,null,null,null,null,null,null,{"EffectName":["Bat_RandomSplash"]},null,null,null,null,null,null,null,null,null,null,null,null,null,null,null,null,null,null,null,null,null,null,null,null,null,null,null,null,null,null,null,null,null,null,null,null,null,null,null,null,null,null,null,null,null,{"EffectName":["Bat_RandomSplash"]},null,null,null,null,null,null,null,null,null,null,null,{"EffectName":["Bat_AtkL_01_3a_Splash"]},null,null,null,null,null,null,null,null,null,null,null,null,null,null,null,null,null,null,null,{"EffectName":["Bat_RandomSplash"]},null,null,null,null,null,null,null,null,null,null,null,null,null,null,null,null,null,null,null,null,null,null,null,null,null,null,null,null,null,null,null,null,null,null,null,null,null,null,null,null,null,null,null,null,null,null,null,null,null,null,{"EffectName":["Bat_RandomSplash"]},null,null,null,null,null,null,null,null,null,null,null,null,null,null,null,null,null,null,null,null,null,null,null,null,null,null,null,null,null,null,null,null,null,null,null,null,null,null,null,null,null,null,null,null,null,null,null,null,null,null,null,null,null,null,null,null,null,null,null,null,null,null,null,null,null,null,null,null,null,null,null,null,null,null,null,null,null,null,null,null,null,null,null,null,null,null,null,null,null,null,null,null,null,null,null,null,null,null,null,null,null,null,null,null,null,null,null,null,null,null,null,null,null,null,null,null,null,null,null,null,null,null,null,null,null,null,null,null,null,null,null,null,null,null,null,null,null,null,null,null,null,null,null,null,null,null,null,null,null,null,null,null,null,null,null,null,null,null,null,null,null,null,null,null,null,null,null,null,null,null,null,null,null,null,null,null,null,null,null,null,null,null,null,null,null,{"EffectName":["Bat_RandomSplash"]}],[null,{"EffectName":["Bat_AtkR_01_1_PreSplash_1"]},null,null,null,null,null,null,null,null,null,null,null,null,null,null,null,null,{"EffectName":["Bat_AtkR_01_1_PreSplash_2"]},null,null,null,null,null,null,null,null,null,null,{"EffectName":["Bat_AtkR_01_1_PreSplash_3"]},{"EffectName":["Bat_RandomSplash"]},null,null,null,null,null,null,null,null,null,null,null,null,null,null,null,null,null,null,null,null,null,null,null,{"EffectName":["Bat_RandomSplash"]},null,null,null,null,null,null,null,null,null,null,null,null,null,null,null,null,null,null,null,null,null,null,null,null,null,null,null,null,null,null,null,null,null,null,{"EffectName":["Bat_AtkR_01_1_Trail"]},{"EffectName":["Bat_AtkR_01_1_AfterSplash_3"]},null,null,null,{"Enable_Weapon":true},null,{"EffectName":["Bat_AtkR_01_1_AfterSplash_2"]},{"EffectName":["Bat_AtkR_01_1_Splash"]},null,{"EffectName":["Bat_RandomSplash"]},null,null,null,null,null,null,null,null,{"Enable_Weapon":false},null,null,null,null,null,null,{"EffectName":["Bat_RandomSplash"]},null,null,null,null,null,null,null,{"EffectName":["Bat_AtkR_01_1_AfterSplash_1"]},{"EffectName":["Bat_RandomSplash"]},null,null,null,null,null,null,null,null,null,null,null,null,null,null,null,null,null,null,null,null,null,null,null,null,null,null,null,null,null,null,null,null,null,null,null,null,null,null,null,null,null,null,null,null,null,null,null,null,null,null,null,null,null,null,null,null,null,null,null,null,null,null,null,null,null,null,null,null,null,null,null,null,null,null,null,null,null,null,null,null,null,null,null,null,null,null,null,{"EffectName":["Bat_AtkR_01_1_AfterSplash_4"]},null,null,null,{"EffectName":["Bat_RandomSplash"]}],[null,null,null,null,null,null,null,null,null,null,null,null,null,null,null,null,null,null,null,null,null,null,null,null,null,null,null,null,null,null,null,null,null,null,null,null,null,null,null,null,null,null,null,null,null,null,null,null,null,null,null,null,null,null,null,null,null,null,null,null,null,null,null,null,null,null,null,null,null,null,null,null,null,null,null,null,null,null,null,null,null,null,null,null,null,null,null,null,null,null,null,null,null,null,null,null,null,null,null,null,null,null,null,null,null,null,null,null,null,null,null,null,null,null,null,null,null,null,null,null,null,null,null,null,null,null,null,null,null,null,null,null,null,null,null,null,null,null,null,null,null,null,null,null,null,null,null,null,null,null,null,null,null,null,null,null,null,null,null,null,null,null,null,null,null,{"EffectName":["Bat_RandomSplash"]},null,{"Enable_Weapon":true},{"EffectName":["Bat_AtkR_01_2a_Trail","Bat_AtkR_01_2a_Splash"]},null,{"EffectName":["Bat_AtkR_01_2a_Splash_2"]},null,null,null,null,null,null,{"EffectName":["Bat_RandomSplash"]},null,null,null,null,null,null,null,null,null,null,null,null,null,null,{"EffectName":["Bat_RandomSplash"]},null,null,null,{"Enable_Weapon":false},null,null,null,{"EffectName":["Bat_RandomSplash"]},null,null,null,null,null,null,null,null,null,null,null,null,null,null,null,null,null,null,null,null,null,{"EffectName":["Bat_RandomSplash"]},null,null,null,null,null,null,null,null,null,null,null,null,null,null,null,null,null,null,null,null,null,null,null,null,null,null,null,null,null,null,null,null,null,null,null,null,null,null,null,{"EffectName":["Bat_AtkR_01_2a_AfterSplash_2"]},null,null,null,null,null,null,null,null,null,null,null,null,null,{"EffectName":["Bat_RandomSplash"]},null,null,null,null,null,null,null,null,{"EffectName":["Bat_AtkR_01_2a_AfterSplash_1"]},null,null,null,null,null,null,null,null,null,{"EffectName":["Bat_RandomSplash"]}],[null,null,null,null,null,null,null,null,null,null,null,null,null,null,null,null,null,null,null,null,null,null,null,null,null,null,null,null,null,null,null,null,null,null,null,null,null,null,null,null,null,null,null,null,null,null,null,null,null,null,null,null,null,null,null,null,null,null,null,null,{"EffectName":["Bat_AtkR_01_2b_Trail"]},{"EffectName":["Bat_AtkR_01_2b_Splash"]},null,{"EffectName":["Bat_AtkR_01_2b_Splash2"]},null,null,null,null,null,null,null,null,{"Enable_Weapon":true},null,null,null,null,null,null,null,null,{"EffectName":["Bat_RandomSplash"]},null,null,null,null,null,null,null,null,null,null,null,null,{"EffectName":["Bat_RandomSplash"]},{"Enable_Weapon":false},null,null,null,null,null,null,null,null,null,null,null,null,null,null,null,{"EffectName":["Bat_RandomSplash"]},null,null,null,null,null,null,null,null,null,null,null,null,null,null,null,null,null,null,null,null,null,null,null,null,null,null,null,null,{"EffectName":["Bat_RandomSplash"]},null,null,null,null,null,null,null,null,null,null,null,null,null,null,null,null,null,null,null,null,null,null,null,null,null,null,null,null,null,null,null,null,null,null,null,null,null,null,null,null,null,null,null,null,null,null,null,null,null,null,null,null,null,null,null,null,null,null,null,null,null,null,null,null,null,null,null,null,null,null,null,null,null,null,null,null,null,null,null,null,null,{"EffectName":["Bat_RandomSplash"]},null,null,null,null,null,null,null,null,null,null,null,null,null,null,null,null,null,null,null,null,null,null,null,null,null,null,null,null,null,null,null,null,null,null,null,null,null,null,null,null,null,null,null,null,null,null,null,null,null,null,null,null,null,null,null,null,null,null,null,null,null,null,null,null,null,null,null,null,null,null,null,null,null,null,null,null,null,null,null,null,{"EffectName":["Bat_RandomSplash"]}],[null,null,null,null,null,null,null,null,null,null,null,null,null,null,null,null,null,null,null,null,null,null,null,null,null,null,null,null,null,null,null,null,null,null,null,null,null,null,null,null,null,null,null,null,null,null,null,null,null,null,null,null,null,null,null,null,null,null,null,null,null,null,null,null,null,null,null,null,null,null,null,null,null,null,null,null,null,null,null,null,null,null,null,null,null,null,null,null,null,null,null,null,null,null,null,null,null,null,null,null,null,null,null,null,null,null,null,null,null,null,null,null,null,null,null,null,null,null,null,null,null,null,null,null,null,null,null,null,null,null,null,null,null,null,null,null,null,null,null,null,null,null,null,null,null,null,null,null,null,null,null,null,null,null,null,null,null,null,null,null,null,null,{"EffectName":["Bat_Bite_1_BloodSplash1"]},{"EffectName":["Bat_Bite_1_BloodSplash1"]},{"EffectName":["Bat_Bite_1_BloodSplash1"]},{"EffectName":["Bat_Bite_1_BloodSplash1","Bat_Bite_1_BloodSplash_RHand"]},{"EffectName":["Bat_Bite_1_BloodSplash1"]},{"EffectName":["Bat_Bite_1_BloodSplash1"]},{"EffectName":["Bat_Bite_1_BloodSplash1","Bat_RandomSplash"]},{"EffectName":["Bat_Bite_1_BloodSplash1"]},{"EffectName":["Bat_Bite_1_BloodSplash1"]},null,null,null,null,null,null,{"EffectName":["Collider_Bite1"]},{"EffectName":["Bat_Bite_1_BloodSplash1"]},{"EffectName":["Bat_Bite_1_BloodSplash1","Bat_Bite_1_BloodSplash_LHand","Bat_RandomSplash"]},{"EffectName":["Bat_Bite_1_BloodSplash1"]},{"EffectName":["Bat_Bite_1_BloodSplash1"]},{"EffectName":["Bat_Bite_1_BloodSplash1"]},{"EffectName":["Bat_Bite_1_BloodSplash1"]},{"EffectName":["Bat_Bite_1_BloodSplash1"]},{"EffectName":["Bat_Bite_1_BloodSplash1"]},{"EffectName":["Bat_Bite_1_BloodSplash1"]},{"EffectName":["Bat_Bite_1_BloodSplash1"]},{"EffectName":["Bat_Bite_1_BloodSplash1"]},{"EffectName":["Bat_Bite_1_BloodSplash1"]},{"EffectName":["Bat_Bite_1_BloodSplash1"]},{"EffectName":["Bat_Bite_1_BloodSplash1"]},{"EffectName":["Bat_Bite_1_BloodSplash1"]},{"EffectName":["Bat_Bite_1_BloodSplash1"]},{"EffectName":["Bat_Bite_1_BloodSplash1"]},{"EffectName":["Bat_Bite_1_BloodSplash1"]},{"EffectName":["Bat_Bite_1_BloodSplash1"]},{"EffectName":["Bat_Bite_1_BloodSplash1"]},{"EffectName":[]},{"EffectName":["Bat_RandomSplash"]},null,null,null,null,null,null,null,null,null,null,null,null,null,null,null,null,null,null,null,null,null,null,null,null,null,null,null,null,null,null,null,null,null,null,null,null,null,null,null,null,null,null,null,{"EffectName":["Bat_RandomSplash"]},null,null,null,null,null,null,null,null,null,null,null,null,null,null,null,null,null,null,null,null,null,null,null,null,null,null,null,null,null,null,null,null,null,null,null,null,null,null,null,null,null,null,null,{"EffectName":["Bat_Bite_1_BloodSplash_RHand2"]},null,null,null,null,null,null,null,null,null,null,{"EffectName":["Bat_Bite_1_BloodSplash_LHand2"]},{"EffectName":["Bat_Bite_1_BloodSplash1"]},{"EffectName":["Bat_Bite_1_BloodSplash1"]},{"EffectName":["Bat_Bite_1_BloodSplash1"]},{"EffectName":["Bat_Bite_1_BloodSplash1"]},{"EffectName":["Bat_Bite_1_BloodSplash1"]},{"EffectName":["Bat_Bite_1_BloodSplash1"]},{"EffectName":["Bat_Bite_1_BloodSplash1"]},{"EffectName":["Bat_Bite_1_BloodSplash1","Bat_RandomSplash"]},{"EffectName":["Bat_Bite_1_BloodSplash1"]},{"EffectName":["Bat_Bite_1_BloodSplash1"]},{"EffectName":["Bat_Bite_1_BloodSplash1"]},{"EffectName":["Bat_Bite_1_BloodSplash1"]},{"EffectName":["Bat_Bite_1_BloodSplash1"]},{"EffectName":["Bat_Bite_1_BloodSplash1"]},{"EffectName":["Bat_Bite_1_BloodSplash1"]},{"EffectName":["Bat_Bite_1_BloodSplash1"]},{"EffectName":["Bat_Bite_1_BloodSplash1"]},{"EffectName":["Bat_Bite_1_BloodSplash1"]},{"EffectName":["Bat_Bite_1_BloodSplash1"]},{"EffectName":["Bat_Bite_1_BloodSplash1"]},{"EffectName":["Bat_Bite_1_BloodSplash1"]},{"EffectName":["Bat_Bite_1_BloodSplash1"]},{"EffectName":["Bat_Bite_1_BloodSplash1","Bat_RandomSplash"]},{"EffectName":["Bat_Bite_1_BloodSplash1"]},{"EffectName":["Bat_Bite_1_BloodSplash1"]},{"EffectName":["Bat_Bite_1_BloodSplash1"]},{"EffectName":["Bat_Bite_1_BloodSplash1"]},{"EffectName":["Bat_Bite_1_BloodSplash1"]},null,null,null,null,null,null,null,null,null,null,null,null,null,null,null,null,null,null,null,null,null,null,null,{"EffectName":["Bat_RandomSplash"]},null,null,null,null,null,null,null,null,null,null,null,null,null,null,null,null,null,null,null,null,null,null,null,null,null,null,null,null,null,null,null,null,null,null,null,null,null,null,null,null,null,null,null,null,null,null,null,null,null,null,{"EffectName":["Bat_RandomSplash"]},null,null,null,null,null,null,null,null,null,null,null,null,null,null,null,null,null,null,null,null,null,null,null,null,null,null,null,null,null,null,null,null,null,null,null,null,null,null,null,null,null,null,null,null,null,null,null,null,null,null,null,null,null,null,null,null,null,null,null,null,null,null,null,null,null,null,null,null,null,null,null,null,null,null,null,null,null,null,null,null,null,null,null,null,null,null,null,null,null,null,null,null,null,null,null,null,null,null,null,null,{"EffectName":["Bat_RandomSplash"]}],[null,null,null,null,null,null,null,null,null,null,null,null,null,null,null,null,null,null,null,null,null,null,null,null,null,null,null,null,null,null,null,null,null,null,null,null,null,null,null,null,null,null,null,null,null,null,null,null,null,null,null,null,null,null,null,null,null,null,null,null,null,null,null,null,null,null,null,null,null,null,null,null,null,null,null,null,null,null,null,{"EffectName":["Bat_RandomSplash"]},null,null,null,null,null,null,null,null,null,null,null,null,null,null,null,null,null,null,null,null,null,null,null,null,null,null,null,null,null,null,null,null,null,null,null,null,null,null,null,null,null,null,null,null,null,null,null,null,null,null,null,null,null,null,null,null,null,null,null,null,null,null,null,null,null,null,null,null,null,null,null,null,null,null,null,null,{"EffectName":["Bat_Bite_2_BloodSplash_LHand"]},null,null,null,{"EffectName":["Bat_Bite_2_BloodSplash_RHand"]},null,{"EffectName":["Bat_Bite_2_BloodSplash"]},{"EffectName":["Bat_Bite_2_BloodSplash"]},{"EffectName":["Bat_Bite_2_BloodSplash"]},{"EffectName":["Bat_Bite_2_BloodSplash"]},{"EffectName":["Bat_Bite_2_BloodSplash","Bat_RandomSplash"]},{"EffectName":["Bat_Bite_2_BloodSplash"]},{"EffectName":["Bat_Bite_2_BloodSplash"]},{"EffectName":["Bat_Bite_2_BloodSplash"]},{"EffectName":["Bat_Bite_2_BloodSplash"]},{"EffectName":["Bat_Bite_2_BloodSplash"]},{"EffectName":["Bat_Bite_2_BloodSplash"]},{"EffectName":["Bat_Bite_2_BloodSplash"]},{"EffectName":["Bat_Bite_2_BloodSplash"]},{"EffectName":["Bat_Bite_2_BloodSplash","Bat_RandomSplash"]},{"EffectName":["Bat_Bite_2_BloodSplash"]},{"EffectName":["Bat_Bite_2_BloodSplash"]},{"EffectName":["Bat_Bite_2_BloodSplash"]},{"EffectName":["Bat_Bite_2_BloodSplash"]},{"EffectName":["Bat_Bite_2_BloodSplash"]},{"EffectName":["Collider_Bite2","Bat_Bite_2_BloodSplash"]},{"EffectName":["Bat_Bite_2_BloodSplash"]},{"EffectName":["Bat_Bite_2_BloodSplash"]},{"EffectName":["Bat_Bite_2_BloodSplash"]},{"EffectName":["Bat_Bite_2_BloodSplash"]},{"EffectName":["Bat_Bite_2_BloodSplash"]},{"EffectName":["Bat_Bite_2_BloodSplash"]},{"EffectName":["Bat_Bite_2_BloodSplash"]},{"EffectName":["Bat_Bite_2_BloodSplash"]},{"EffectName":["Bat_Bite_2_BloodSplash"]},{"EffectName":["Bat_Bite_2_BloodSplash"]},{"EffectName":["Bat_Bite_2_BloodSplash"]},{"EffectName":["Bat_Bite_2_BloodSplash"]},{"EffectName":["Bat_Bite_2_BloodSplash"]},{"EffectName":["Bat_Bite_2_BloodSplash"]},{"EffectName":["Bat_Bite_2_BloodSplash","Bat_Bite_2_BloodSplash_RHand2"]},{"EffectName":["Bat_Bite_2_BloodSplash"]},{"EffectName":["Bat_Bite_2_BloodSplash"]},{"EffectName":["Bat_Bite_2_BloodSplash","Bat_RandomSplash"]},{"EffectName":["Bat_Bite_2_BloodSplash"]},{"EffectName":["Bat_Bite_2_BloodSplash"]},{"EffectName":["Bat_Bite_2_BloodSplash"]},{"EffectName":["Bat_Bite_2_BloodSplash"]},{"EffectName":["Bat_Bite_2_BloodSplash"]},null,null,null,null,null,null,null,null,null,null,null,null,null,null,null,null,null,null,null,null,null,null,null,null,null,null,null,{"EffectName":["Bat_RandomSplash"]},null,null,null,null,null,null,null,null,null,null,null,null,null,null,null,null,null,null,null,null,null,null,null,null,null,null,null,null,null,null,null,null,null,null,null,null,null,null,null,null,null,null,null,null,null,null,null,null,null,null,null,null,null,null,null,null,null,null,null,null,null,null,null,null,null,null,null,null,null,null,null,null,null,null,null,null,null,null,null,null,null,null,null,null,null,null,null,null,null,null,null,null,null,null,null,null,null,null,null,null,null,null,null,null,null,null,null,null,null,null,null,null,null,null,null,null,null,null,null,null,null,null,null,null,null,null,null,null,null,null,null,null,null,null,null,null,null,null,null,null,null,null,null,null,null,null,null,null,{"EffectName":["Bat_RandomSplash"]}],[null,null,null,null,null,null,null,null,null,null,null,null,null,null,null,null,null,null,null,null,null,null,null,null,null,null,null,null,null,null,null,null,null,null,{"EffectName":["Bat_Car_Splash_LB"]},null,null,null,null,null,null,null,{"EffectName":["Bat_Car_Splash_RF"]},null,null,null,null,null,null,null,null,{"EffectName":["Bat_RandomSplash"]},null,null,null,null,null,null,null,null,null,null,null,null,null,null,null,null,{"EffectName":["Bat_Car_Splash_LF"]},null,null,null,null,null,null,null,null,null,null,{"EffectName":["Bat_Car_Splash_LB"]},null,null,null,null,null,null,null,null,null,null,null,null,null,null,null,null,{"EffectName":["Bat_RandomSplash"]},null,null,null,null,null,null,null,null,null,null,null,null,null,null,null,null,null,null,null,{"EffectName":["Bat_Car_Splash_LF"]},null,null,{"EffectName":["Bat_Car_Splash_RB"]},null,null,null,null,null,null,null,null,null,null,null,{"EffectName":["Bat_RandomSplash"]},null,null,null,null,null,null,null,null,null,{"EffectName":["Bat_Car_Splash_LB"]},null,null,null,null,null,null,null,null,null,null,null,null,null,null,null,null,null,null,null,null,null,null,null,null,null,null,null,null,null,null,null,null,null,null,null,null,null,{"EffectName":["Collider_BatCar"]},null,null,null,{"EffectName":["Bat_Car_Splash_LB"]},null,null,{"EffectName":["Bat_Car_Splash_LF"]},{"EffectName":["Bat_Car_Splash_RB"]},null,null,null,null,null,null,{"EffectName":["Bat_RandomSplash"]},null,null,null,null,{"EffectName":["Bat_Car_Splash_RF"]},null,null,null,null,null,null,null,{"EffectName":["Bat_Car_Splash_LB"]},null,null,null,null,{"EffectName":["Bat_RandomSplash"]},null,null,null,null,null,null,null,null,null,null,null,null,null,null,null,null,null,null,{"EffectName":["Bat_RandomSplash"]},{"EffectName":["Bat_Car_Splash_LF"]},null,null,null,null,null,null,null,null,{"EffectName":["Bat_Car_Splash_RB"]},null,null,null,null,null,null,null,null,null,null,null,null,null,null,null,null,{"EffectName":["Bat_RandomSplash"]},null,null,{"EffectName":["Bat_RandomSplash"]},null,{"EffectName":["Bat_Car_Splash_RF"]},null,{"EffectName":["Bat_Car_Splash_LB"]},null,null,{"EffectName":["Bat_Car_Splash_RB"]},null,null,null,null,null,null,null,null,null,null,null,null,{"EffectName":["Bat_Car_Splash_RF"]},null,null,null,null,null,null,{"EffectName":["Bat_RandomSplash"]},null,{"EffectName":["Bat_Car_Splash_RF"]},null,null,{"EffectName":["Bat_RandomSplash"]},null,null,null,null,null,null,null,null,null,null,null,null,null,null,null,null,null,{"EffectName":["Bat_Car_Splash_RF"]},null,null,null,{"EffectName":["Bat_RandomSplash"]},null,null,null,{"EffectName":["Bat_RandomSplash"]},null,null,null,{"EffectName":["Bat_Car_Splash_LF","Bat_RandomSplash"]},null,null,null,null,{"EffectName":["Bat_Car_Splash_RF"]},null,null,null,{"EffectName":["Bat_Car_Splash_LF"]},null,null,null,null,null,{"EffectName":["Bat_Car_Splash_RF"]},null,null,null,null,{"EffectName":["Bat_Car_Splash_LF"]},null,{"EffectName":["Bat_RandomSplash"]},null,null,null,null,null,null,null,null,null,null,null,null,null,null,null,null,null,null,null,null,null,null,null,null,null,null,null,null,null,{"EffectName":["Bat_Car_Splash_RF"]},{"EffectName":["Bat_Car_Splash_LF"]},null,null,null,null,null,null,null,null,null,null,null,null,{"EffectName":["Bat_Car_Splash_LF"]},null,null,null,null,null,null,null,null,null,null,null,null,null,null,null,null,null,null,null,null,null,null,null,null,null,null,null,null,null,null,null,null,null,null,null,null,null,null,null,null,null,null,null,null,null,null,null,null,null,null,null,null,null,null,null,null,null,null,null,null,null,null,null,null,null,null,null,null,null,null,null,null,null,null,null,null,null,null,null,null,null,null,null,null,null,null,null,null,null,null,null,null,null,null,null,null,null,null,null,null,null,null,null,null,null,{"EffectName":["Bat_RandomSplash"]},null,null,null,null,null,null,null,null,null,null,null,null,null,null,null,null,null,null,null,null,null,null,null,null,null,null,null,null,null,null,null,null,null,null,null,null,null,null,null,null,null,null,null,null,null,null,null,null,null,null,null,null,null,null,null,null,null,null,null,null,null,null,null,null,null,null,null,null,null,null,null,null,null,null,null,null,null,null,null,null,null,null,null,null,null,null,null,null,null,null,null,null,null,null,null,null,null,{"EffectName":["Bat_RandomSplash"]}],[null,null,null,null,null,null,null,null,null,null,null,null,null,null,null,null,null,null,null,null,null,null,null,null,null,null,null,null,null,null,null,null,null,null,null,null,null,null,null,null,null,null,null,null,null,null,null,null,null,null,null,null,null,null,null,null,null,null,null,null,null,null,null,null,null,null,null,null,null,null,null,null,null,null,null,null,null,null,null,{"EffectName":["Bat_Charge_BloodHelix_3"]},null,null,null,null,null,null,null,null,null,null,null,null,null,{"EffectName":["Bat_Charge_BloodHelix_1"]},null,null,null,null,{"EffectName":["Bat_Charge_BloodHelix_5"]},null,null,null,null,null,null,null,null,null,null,{"EffectName":["Bat_Charge_BloodHelix_4"]},null,{"EffectName":["Bat_Charge_BloodHelix_2"]},null,null,null,null,null,null,null,null,null,null,null,null,null,null,null,null,null,null,null,null,{"EffectName":["Bat_Charge_BloodHelix_1"]},null,null,null,{"EffectName":["Bat_Charge_BloodHelix_3"]},null,null,null,null,null,null,null,null,null,null,null,null,null,null,null,null,null,null,null,{"EffectName":["Bat_Charge_BloodHelix_3"]},null,null,null,null,null,null,null,null,null,null,null,{"EffectName":["Bat_Charge_BloodHelix_4"]},null,null,null,null,null,null,null,{"EffectName":["Bat_Charge_BloodHelix_5"]},null,null,null,null,null,{"EffectName":["Bat_Charge_BloodHelix_2"]},null,null,null,null,{"EffectName":["Bat_Charge_BloodHelix_1"]},null,null,null,null,null,null,null,null,null,null,null,{"EffectName":["Bat_Charge_BloodHelix_4"]},null,null,null,null,null,null,null,null,null,null,null,null,null,null,null,null,null,null,null,null,null,null,null,null,null,null,null,{"EffectName":["Bat_Charge_BloodHelix_5"]},null,null,null,null,null,null,null,null,null,null,{"EffectName":["Bat_Charge_BloodHelix_3"]},null,null,null,null,null,null,null,null,null,{"EffectName":["Bat_Charge_BloodHelix_2"]},null,{"EffectName":["Bat_Charge_BloodHelix_5","Bat_Charge_BloodHelix_5"]},null,null,{"EffectName":["Bat_Charge_BloodHelix_1"]},null,null,null,null,null,null,null,null,null,null,null,null,null,{"EffectName":["Bat_Charge_BloodHelix_4"]},null,null,null,null,null,null,null,null,null,null,null,null,null,null,null,null,null,null,null,null,null,null,null,null,null,null,null,null,null,null,{"EffectName":["Bat_Charge_BloodHelix_5"]}],[{"EffectName":["Bat_FTurnL_Splash_RB"]},null,{"EffectName":["Bat_FTurnL_Splash_LB"]},null,{"EffectName":["Bat_FTurnL_Splash_LB","Bat_FTurnL_Splash_LF","Bat_FTurnL_Splash_RF","Bat_RandomSplash"]},{"EffectName":["Bat_FTurnL_Splash_RB"]},null,{"EffectName":["Bat_FTurnL_Splash_RB","Bat_FTurnL_Splash_LF"]},{"EffectName":["Bat_RandomSplash"]},null,null,null,null,null,null,{"EffectName":["Bat_FTurnL_Splash_RF"]},null,null,{"EffectName":["Bat_FTurnL_Splash_RF"]},null,null,{"EffectName":["Bat_FTurnL_Splash_RF"]},{"EffectName":["Bat_FTurnL_Splash_LF"]},{"EffectName":["Bat_FTurnL_Splash_LB","Bat_FTurnL_Splash_LF","Bat_RandomSplash"]},null,{"EffectName":["Bat_FTurnL_Splash_RF"]},{"EffectName":["Bat_FTurnL_Splash_RB","Bat_RandomSplash"]},{"EffectName":["Bat_FTurnL_Splash_LB","Bat_FTurnL_Splash_LF"]},{"EffectName":["Bat_FTurnL_Splash_RF"]},{"EffectName":["Bat_FTurnL_Splash_RB"]},null,{"EffectName":["Bat_FTurnL_Splash_LB","Bat_RandomSplash"]},null,null,{"EffectName":["Bat_FTurnL_Splash_LF"]},{"EffectName":["Bat_FTurnL_Splash_RF"]},null,{"EffectName":["Bat_FTurnL_Splash_LF"]},null,{"EffectName":["Bat_FTurnL_Splash_RB","Bat_RandomSplash"]},null,null,null,null,null,null,null,null,null,null,null,null,null,null,null,null,null,{"EffectName":["Bat_FTurnL_Splash_RF"]},null,null,null,null,{"EffectName":["Bat_FTurnL_Splash_LF"]},{"EffectName":["Bat_FTurnL_Splash_RF"]},null,null,null,null,null,null,null,{"EffectName":["Bat_FTurnL_Splash_RF"]},{"EffectName":["Bat_FTurnL_Splash_RB"]},null,null,null,null,null,null,{"EffectName":["Bat_FTurnL_Splash_RF"]},null,{"EffectName":["Bat_FTurnL_Splash_LF"]},null,null,null,null,null,{"EffectName":["Bat_FTurnL_Splash_RF"]}],[null,null,null,null,null,null,null,null,null,null,null,null,null,null,null,null,null,null,null,null,null,null,null,null,{"EffectName":["Bat_RandomSplash"]},null,null,null,null,null,null,null,null,null,null,null,null,null,null,null,null,null,null,null,null,null,null,null,null,null,null,null,null,null,null,null,null,null,null,null,null,null,null,null,{"EffectName":["Bat_RandomSplash"]},null,null,null,null,null,null,null,null,null,null,null,null,null,null,null,null,null,null,null,null,null,null,null,null,null,null,null,null,null,{"EffectName":["Bat_RandomSplash"]},null,null,null,null,null,null,null,null,null,null,null,null,null,null,null,null,null,null,null,null,null,null,null,null,{"EffectName":["Bat_RandomSplash"]},null,null,null,null,null,null,null,null,null,null,null,null,null,null,null,null,null,null,null,null,null,null,{"EffectName":["Bat_RandomSplash"]}],[null,null,null,null,null,null,null,null,null,null,null,null,null,null,null,null,null,null,null,null,null,null,null,null,null,null,null,null,null,null,null,null,null,null,null,null,null,null,null,null,null,null,null,null,null,null,null,null,null,null,null,null,null,null,null,null,null,null,null,null,null,null,null,{"EffectName":["Bat_RandomSplash"]},null,null,null,null,null,null,null,null,null,null,null,null,null,null,null,null,null,null,null,null,null,null,null,null,null,null,null,null,null,null,null,null,null,null,null,null,null,null,null,null,null,null,null,null,null,null,null,null,null,null,null,null,null,null,null,null,null,null,null,null,null,null,null,null,null,null,null,null,null,null,{"EffectName":["Bat_RandomSplash"]},null,null,null,null,null,null,null,null,null,null,null,null,null,null,null,null,null,null,null,null,null,null,null,null,null,null,null,null,null,null,null,null,null,null,null,null,null,null,null,null,null,null,null,null,null,null,null,null,null,null,null,null,null,null,null,null,null,null,null,null,null,null,null,null,null,null,null,null,null,null,null,null,null,null,null,null,null,null,null,null,null,null,null,null,null,null,null,null,null,null,null,null,null,null,null,null,null,null,null,null,null,null,null,null,null,null,null,null,null,null,null,null,null,null,null,null,null,null,null,null,null,null,null,null,null,null,null,null,null,null,null,null,null,null,null,null,null,null,null,null,null,null,null,null,null,null,null,null,null,null,null,null,null,null,null,null,null,null,null,null,null,null,null,null,null,null,null,null,null,null,null,null,null,null,null,null,null,null,null,null,null,null,null,null,null,null,{"EffectName":["Collider_Sp"]},null,{"EffectName":["Bat_RandomSplash"]},null,null,null,null,null,null,null,null,null,null,null,null,null,null,null,null,null,null,null,null,null,null,null,null,null,null,null,null,null,null,null,null,{"EffectName":["Bat_RandomSplash"]},null,null,null,null,null,null,null,null,null,null,null,null,null,null,null,null,null,null,null,null,null,null,null,null,null,null,null,null,null,null,null,null,null,null,null,null,null,null,null,null,{"EffectName":["Bat_RandomSplash"]},null,null,null,null,null,null,null,null,null,null,null,null,null,null,null,null,null,null,null,null,null,null,null,null,null,{"EffectName":["Bat_WingWind"]},null,null,null,null,null,{"EffectName":["Bat_RandomSplash"]},null,null,null,null,null,null,null,null,null,null,null,null,null,null,null,null,null,null,null,null,null,null,null,null,null,null,{"EffectName":["Bat_RandomSplash"]},null,null,null,null,null,null,null,null,null,null,null,null,null,null,null,null,null,{"EffectName":["Bat_RandomSplash"]},null,null,null,null,null,null,null,null,null,null,null,null,null,null,null,null,null,null,null,null,null,null,null,null,null,null,null,null,null,null,null,null,{"EffectName":["Bat_RandomSplash"]},null,null,null,null,null,null,null,null,null,{"EffectName":["Bat_WingWind"]},null,null,null,null,null,null,null,null,null,null,null,null,null,null,null,null,null,{"EffectName":["Bat_RandomSplash"]},null,null,null,null,null,null,null,null,null,null,null,null,null,null,null,null,null,null,null,null,null,null,null,null,null,null,null,null,null,{"EffectName":["Bat_RandomSplash"]},null,null,null,null,null,null,null,null,null,null,null,null,null,null,null,null,null,{"EffectName":["Bat_RandomSplash"]},null,null,null,null,null,null,null,null,null,null,{"EffectName":["Bat_WingWind"]},null,null,null,null,null,null,null,null,null,null,null,null,null,null,null,null,null,null,{"EffectName":["Bat_RandomSplash"]},null,null,null,null,null,null,null,null,null,null,null,null,null,null,null,null,null,null,null,null,null,null,null,null,null,null,{"EffectName":["Bat_RandomSplash"]},null,null,null,null,null,null,null,null,null,null,null,null,null,null,null,null,null,null,null,null,null,null,null,null,null,null,null,null,null,null,null,null,null,null,null,null,null,null,null,null,null,null,null,null,null,null,null,null,null,null,null,null,null,null,null,null,null,null,null,null,null,null,null,null,null,null,null,null,null,null,null,null,null,null,null,null,null,null,null,null,null,null,null,null,null,null,null,null,null,null,null,null,null,null,null,null,null,null,null,null,null,null,null,null,null,null,null,null,null,null,null,null,null,{"EffectName":["Bat_RandomSplash"]},null,null,null,null,null,null,null,null,null,null,null,null,null,null,null,null,null,null,null,null,null,null,null,null,null,null,null,null,null,null,null,null,null,null,null,null,null,null,null,null,null,null,null,null,null,null,null,null,null,null,null,null,null,null,null,null,null,null,null,null,null,null,null,null,null,null,null,null,null,null,null,null,null,null,null,null,null,null,null,null,null,null,null,null,null,null,null,null,null,null,null,null,null,null,null,null,{"EffectName":["Bat_RandomSplash"]}],[null,null,null,null,null,null,{"EffectName":["Bat_RandomSplash"]},null,null,null,null,{"EffectName":["Bat_RandomSplash"]},null,null,null,null,{"EffectName":["Bat_RandomSplash"]},null,null,null,null,null,null,null,null,null,null,null,{"EffectName":["Bat_RandomSplash"]},null,null,null,null,null,null,null,null,null,null,null,null,null,null,null,null,{"EffectName":["Bat_RandomSplash"]},null,null,null,null,null,null,null,null,null,null,null,{"EffectName":["Bat_RandomSplash"]},null,null,null,null,null,null,null,null,null,null,null,null,null,null,{"EffectName":["Bat_RandomSplash"]},null,null,null,null,null,null,null,null,null,{"EffectName":["Bat_RandomSplash"]},null,null,null,null,null,null,null,null,null,null,null,null,null,null,null,null,null,null,null,null,null,null,null,null,null,null,null,null,null,null,null,null,null,null,null,null,null,null,null,null,null,null,{"EffectName":["Bat_RandomSplash"]},null,null,null,null,null,null,null,null,null,null,null,null,null,null,null,null,null,null,null,null,null,null,null,null,null,null,null,null,null,null,null,null,null,null,null,null,null,{"EffectName":["Bat_RandomSplash"]}],[null,null,null,null,null,null,null,null,null,null,null,{"EffectName":["Bat_RandomSplash"]},null,null,null,null,null,null,null,{"EffectName":["Bat_RandomSplash"]},null,null,null,null,null,null,null,null,{"EffectName":["Bat_RandomSplash"]},null,null,null,null,null,null,null,null,null,null,null,null,null,null,null,null,null,null,null,null,{"EffectName":["Bat_RandomSplash"]},null,null,null,null,null,{"EffectName":["Bat_RandomSplash"]},null,null,null,null,null,{"EffectName":["Bat_RandomSplash"]},null,null,null,null,null,null,null,{"EffectName":["Bat_RandomSplash"]},null,null,null,null,null,{"EffectName":["Bat_RandomSplash"]},null,null,null,null,null,null,null,null,{"EffectName":["Bat_RandomSplash"]},null,null,null,null,null,null,null,null,null,null,null,null,null,null,null,null,null,null,null,null,null,null,null,null,null,null,null,null,null,null,null,null,null,null,null,null,null,null,null,null,null,{"EffectName":["Bat_RandomSplash"]},null,null,null,null,null,null,null,null,null,null,null,null,null,null,null,null,null,null,null,null,null,null,null,null,null,null,null,null,null,null,null,null,null,null,null,null,null,null,null,null,{"EffectName":["Bat_RandomSplash"]}],[{"Enable_Weapon":false}],[null,null,null,null,null,null,null,null,null,null,null,null,null,null,null,null,null,null,null,null,null,null,null,null,null,null,null,null,null,null,null,{"EffectName":["Bat_RandomSplash"]},null,{"EffectName":["Bat_RandomSplash"]},null,null,null,{"EffectName":["Bat_RandomSplash"]},null,null,null,null,null,null,null,null,null,null,null,null,null,null,null,null,null,null,null,null,null,null,null,null,null,null,null,null,null,null,null,null,null,null,null,null,null,null,null,null,null,null,null,null,null,null,{"EffectName":["Collider_BatSmesh_Chest","Bat_RandomSplash"]},{"EffectName":["Bat_RandomSplash","Bat_WingWind"]},null,{"EffectName":["Bat_RandomSplash"]},null,null,null,null,null,{"EffectName":["Bat_RandomSplash"]},null,null,null,null,null,{"EffectName":["Bat_RandomSplash"]},null,null,null,null,null,null,{"EffectName":["Bat_RandomSplash"]},null,null,null,null,null,null,null,null,null,null,{"EffectName":["Bat_RandomSplash"]},null,null,null,null,null,null,{"EffectName":["Bat_RandomSplash"]},null,null,null,null,null,null,null,null,null,null,null,null,{"EffectName":["Bat_RandomSplash"]},null,null,null,null,null,null,null,null,null,null,null,null,null,null,{"EffectName":["Bat_RandomSplash"]},null,null,null,null,null,null,null,null,null,null,null,{"EffectName":["Bat_RandomSplash"]},null,null,null,null,null,null,null,null,null,null,null,null,null,null,{"EffectName":["Bat_RandomSplash"]}],[null,null,null,null,null,null,null,null,null,null,null,null,null,null,null,null,null,null,null,null,null,null,null,null,null,null,null,null,null,null,null,null,null,null,null,null,null,null,null,null,null,null,null,null,null,null,null,null,null,null,null,null,null,null,null,null,{"EffectName":["Bat_RandomSplash"]},null,null,null,null,null,null,null,{"EffectName":["Bat_RandomSplash"]},null,null,null,{"EffectName":["Bat_RandomSplash"]},null,null,null,null,null,null,null,null,null,null,null,null,null,null,null,null,null,null,null,null,null,null,null,null,null,null,null,null,null,null,null,null,null,null,null,null,null,null,null,null,null,null,null,null,null,null,null,null,null,null,null,null,null,null,null,null,null,null,null,null,null,null,null,null,null,null,null,null,null,null,null,null,null,null,null,null,null,null,null,null,null,null,null,null,null,null,null,null,null,null,null,null,null,null,null,null,null,null,null,null,null,null,null,{"EffectName":["Bat_RandomSplash","Bat_WingWind"]},{"EffectName":["Collider_BatSmeshForward"]},null,null,null,{"EffectName":["Bat_RandomSplash"]},null,null,null,null,null,null,null,null,null,null,null,null,{"EffectName":["Bat_RandomSplash"]},null,null,null,null,null,null,null,null,null,null,null,null,null,null,null,null,null,{"EffectName":["Bat_RandomSplash"]},null,null,null,null,null,null,null,null,null,null,null,null,null,null,null,null,null,null,null,null,{"EffectName":["Bat_RandomSplash"]}],[null,null,null,null,null,null,null,null,null,null,null,null,null,null,null,null,null,null,null,null,null,null,null,null,null,null,null,null,null,null,null,null,null,null,null,null,null,null,null,null,null,null,null,null,null,null,{"EffectName":["Bat_RandomSplash"]},null,null,null,null,null,null,null,null,null,null,null,null,{"EffectName":["Bat_RandomSplash"]},null,null,null,null,null,null,{"EffectName":["Bat_RandomSplash"]},null,null,null,null,null,null,null,null,null,null,null,null,null,null,null,null,null,null,null,null,null,null,null,null,null,null,null,null,null,null,null,null,null,null,null,null,null,null,null,null,null,null,null,null,null,null,null,null,null,null,null,null,null,null,null,null,null,null,null,null,null,null,null,null,null,null,null,null,null,null,null,null,null,null,null,null,null,null,null,null,null,null,null,null,null,null,null,null,null,null,null,null,null,null,null,null,null,null,null,null,null,null,null,null,null,{"EffectName":["Bat_RandomSplash"]},null,null,{"EffectName":["Bat_WingWind"]},{"EffectName":["Bat_RandomSplash"]},null,null,{"EffectName":["Collider_BatSmeshL"]},null,null,null,null,null,null,null,null,{"EffectName":["Bat_RandomSplash"]},null,null,null,null,null,null,null,null,null,null,null,null,null,null,null,{"EffectName":["Bat_RandomSplash"]}],null,[null,null,null,null,null,null,null,null,null,null,null,null,null,null,null,null,null,null,null,null,null,null,null,null,null,null,null,null,null,null,null,null,null,null,null,null,null,null,null,null,null,null,null,null,null,null,null,null,null,null,null,null,null,null,null,null,null,null,null,null,null,null,null,null,null,null,null,null,null,null,null,null,null,null,null,null,null,null,null,null,null,null,null,null,null,null,null,null,null,null,null,null,null,null,null,null,null,null,null,null,null,null,null,null,null,null,null,null,null,null,null,null,null,null,null,null,null,null,null,null,null,null,null,null,null,null,null,null,null,null,null,null,null,null,null,null,null,null,null,null,null,null,null,null,null,null,null,null,null,null,null,null,null,null,null,null,null,null,null,null,null,null,null,null,null,null,null,null,null,null,null,null,null,null,null,null,null,null,null,null,null,null,null,null,null,null,null,null,null,null,null,null,null,null,null,null,null,null,null,null,null,null,null,null,null,null,null,null,null,null,null,null,null,null,null,null,null,null,null,null,null,null,null,null,null,null,null,null,null,null,null,null,null,null,null,null,null,null,null,null,null,null,null,null,null,null,null,null,null,null,null,null,null,null,null,null,null,null,null,null,null,null,null,null,null,null,null,null,null,null,null,null,null,null,null,null,null,null,null,null,null,null,null,null,null,null,null,null,null,null,null,null,null,null,null,null,null,null,null,null,null,null,null,null,null,null,null,null,null,null,null,null,null,null,null,null,null,null,null,null,null,null,null,null,null,null,null,null,null,null,null,null,null,null,null,null,null,null,null,null,null,null,null,null,null,null,null,null,null,null,null,null,null,null,null,null,null,null,null,null,null,null,null,null,null,null,null,null,null,null,null,null,null,null,null,null,null,null,null,null,null,null,null,null,null,null,null,null,null,null,null,null,null,null,null,null,null,null,null,null,null,null,null,null,null,null,null,null,null,null,null,null,null,null,null,null,null,null,null,null,null,null,null,null,null,null,null,null,null,null,null,null,null,null,null,null,null,null,null,null,null,null,null,null,null,null,null,null,null,null,null,null,null,null,null,null,null,null,null,null,null,null,null,null,null,null,null,null,null,null,null,null,null,null,null,null,null,null,null,null,null,null,null,null,null,null,null,null,null,null,null,null,null,null,null,null,null,null,null,null,null,null,null,null,null,null,null,null,null,null,null,null,null,null,null,null,null,null,null,null,null,null,null,null,null,null,null,null,null,null,null,null,null,null,null,null,null,null,null,null,null,null,null,null,null,null,null,null,null,null,null,null,null,null,null,null,null,null,null,null,null,null,null,null,null,null,null,null,null,null,null,null,null,null,null,null,null,null,null,null,null,null,null,null,null,null,null,null,null,null,null,null,null,null,null,null,null,null,null,null,null,null,null,null,null,null,null,null,null,null,null,null,null,null,null,null,null,null,null,null,null,null,null,null,null,null,null,null,null,null,null,null,null,null,null,null,null,null,null,null,null,null,null,null,null,null,null,null,null,null,null,null,null,null,null,null,null,null,null,null,null,null,null,null,null,null,null,null,null,null,null,null,null,null,null,null,null,null,null,null,null,null,null,null,null,null,null,null,null,null,null,null,null,null,null,null,null,null,null,null,null,null,null,null,null,null,null,null,null,null,null,null,null,null,null,null,null,null,null,null,null,null,null,null,null,null,null,null,null,null,null,null,null,null,null,null,null,null,null,null,null,null,null,null,null,null,null,null,null,null,null,null,null,null,null,null,null,null,null,null,null,null,null,null,null,null,null,null,null,null,null,null,null,null,null,null,null,null,null,null,null,null,null,null,null,null,null,null,null,null,null,null,null,null,null,null,null,null,null,null,null,null,null,null,null,null,null,null,null,null,null,null,null,null,null,null,null,null,null,null,null,null,null,null,null,null,null,null,null,null,null,null,null,null,null,null,null,null,null,null,null,null,null,null,null,null,null,null,null,null,null,null,null,null,null,null,null,null,null,null,null,null,null,null,null,null,null,null,null,null,null,null,null,null,null,null,null,null,null,null,null,null,null,null,null,null,null,null,null,null,null,null,null,null,null,null,null,null,null,null,null,null,null,null,null,null,null,null,null,null,null,null,null,null,null,null,null,null,null,null,null,null,null,null,null,null,null,null,null,null,null,null,null,null,null,null,null,null,null,null,null,null,null,null,null,null,null,null,null,null,null,null,null,null,null,null,null,null,null,null,null,null,null,null,null,null,null,null,null,null,null,null,null,null,null,null,null,null,null,null,null,null,null,null,null,null,null,null,null,null,null,null,null,null,null,null,null,null,null,null,null,null,null,null,null,null,null,null,null,null,null,null,null,null,null,null,null,null,null,null,null,null,null,null,null,null,null,null,null,null,null,null,null,null,null,null,null,null,null,null,null,null,null,null,null,null,null,null,null,null,null,null,null,null,null,null,null,null,null,null,null,null,null,null,null,null,null,null,null,null,null,null,null,null,null,null,null,null,null,null,null,null,null,null,null,null,null,null,null,null,null,null,null,null,null,null,null,null,null,null,null,null,null,null,null,null,null,null,null,null,null,null,null,null,null,null,null,null,null,null,null,null,null,null,null,null,null,null,null,null,null,null,null,null,null,null,null,null,null,null,null,null,null,null,null,null,null,null,null,null,null,null,null,null,null,null,null,null,null,null,null,null,null,null,null,null,null,null,null,null,null,null,null,null,null,null,null,null,null,null,null,null,null,null,null,null,null,null,null,null,null,null,null,null,null,null,null,null,null,null,null,null,null,null,null,null,null,null,null,null,null,null,null,null,null,null,null,null,null,null,null,null,null,null,null,null,null,null,null,null,null,null,null,null,null,null,null,null,null,null,null,null,null,null,null,null,null,null,null,null,null,null,null,null,null,null,null,null,null,null,null,null,null,null,null,null,null,null,null,null,null,null,null,null,null,null,null,null,null,null,null,null,null,null,null,null,null,null,null,null,null,null,null,null,null,null,null,null,null,null,null,null,null,null,null,null,null,null,null,null,null,null,null,null,null,null,null,null,null,null,null,null,null,null,null,null,null,null,null,null,null,null,null,null,null,null,null,null,null,null,null,null,null,null,null,null,null,null,null,null,null,null,null,null,null,null,null,null,null,null,null,null,null,null,null,null,null,null,null,null,null,null,null,null,null,null,null,null,null,null,null,null,null,null,null,null,null,null,null,null,null,null,null,null,null,null,null,null,null,null,null,null,null,null,null,null,null,null,null,null,null,null,null,null,null,null,null,null,null,null,null,null,null,null,null,null,null,null,null,null,null,null,null,null,null,null,{"EffectName":["Bat_FightStart_Splash"]},null,null,{"EffectName":["Bat_FightStart_Splash_4"]},null,null,{"EffectName":["Bat_FightStart_Splash_3"]},null,{"EffectName":["Bat_FightStart_Splash_2"]},null,null,null,null,null,null,null,null,null,null,null,null,null,null,null,null,null,null,null,null,null,null,null,null,null,null,null,null,null,null,null,null,null,null,null,null,null,null,null,null,null,null,null,null,null,null,null,null,null,null,null,null,null,null,null,null,null,null,null,null,null,null,null,null,null,null,null,null,null,null,null,null,null,null,null,null,null,null,null,null,null,null,null,null,null,null,null,null,null,null,null,null,null,null,null,null,null,null,null,null,null,null,null,null,null,null,null,null,null,null,null,null,null,null,null,null,null,null,null,null,null,null,null,null,null,null,null,null,null,null,null,null,null,null,null,null,null,null,null,null,null,null,null,null,null,null,null,null,null,null,null,null,null,null,null,null,null,null,null,null,null,null,null,null,null,null,null,null,null,null,null,null,null,null,null,null,null,null,null,null,null,null,null,null,null,null,null,null,null,null,null,null,null,null,null,null,null,null,null,null,null,null,null,null,null,null,null,null,null,null,null,null,null,null,null,null,null,null,null,null,null,null,null,null,null,null,null,null,null,null,null,null,null,null,null,null,null,null,null,null,null,null,null,null,null,null,null,null,null,null,null,null,null,null,null,null,null,null,null,null,null,null,null,null,null,null,null,null,null,null,null,null,null,null,null,null,null,null,null,null,null,null,null,null,null,null,null,null,null,null,null,null,null,null,null,null,null,null,null,null,null,null,null,null,null,null,null,null,null,null,null,null,null,null,null,null,null,null,null,null,null,null,{"EffectName":["Bat_FightStart_Splash_2"]},null,null,null,null,null,null,null,null,null,null,null,null,null,null,null,null,null,null,null,null,null,null,null,null,null,null,null,null,null,null,null,null,null,null,null,null,null,null,null,null,null,null,null,null,null,null,null,null,null,null,null,null,null,null,null,null,null,null,null,null,null,null,null,null,null,null,null,null,null,null,null,null,null,null,null,null,null,null,null,null,null,null,null,null,null,null,null,null,null,null,null,null,null,null,null,null,null,null,null,null,null,null,null,null,null,null,null,null,null,{"EffectName":["Bat_FightStart_ScreamWind"]}],[null,null,null,null,null,null,null,null,null,null,null,null,null,null,null,null,null,null,null,null,null,null,null,null,null,null,null,null,null,null,null,null,null,null,null,null,null,null,null,null,null,null,null,null,null,null,null,null,null,null,null,null,null,null,null,null,null,null,null,null,null,null,null,null,null,null,null,null,null,null,null,null,null,null,null,null,null,null,null,null,null,null,null,null,null,null,null,null,null,null,null,null,null,null,null,null,null,null,null,null,null,null,null,null,null,null,null,null,null,null,null,{"EffectName":["Bat_SonicBoom_TakeIn"]},null,null,null,null,null,null,null,null,null,null,null,null,null,null,null,null,null,null,null,null,null,null,null,null,null,null,null,null,null,null,null,null,null,null,null,null,null,null,null,null,null,null,null,null,null,null,null,null,null,null,null,null,null,null,null,null,null,null,null,null,null,null,null,null,null,null,null,null,null,null,null,null,null,null,null,null,null,null,null,null,null,null,null,null,null,null,null,null,null,null,null,null,null,null,null,null,null,null,null,null,null,null,null,null,null,null,null,null,{"EffectName":["Bat_SonicBoom_Spit"]},null,null,{"EffectName":["Bat_RandomSplash","Bat_SonicBoom_Projectile"]},null,null,null,null,null,null,{"EffectName":["Bat_RandomSplash"]}],[null,null,null,null,null,null,null,null,null,null,null,null,null,null,null,null,null,null,null,null,null,null,null,null,null,null,null,null,null,null,null,null,null,null,null,null,null,null,null,{"EffectName":["Bat_RandomSplash"]},null,{"EffectName":["Bat_WingWind"]},null,null,null,null,null,null,null,null,null,null,null,null,null,null,null,null,null,null,null,null,null,null,null,null,null,null,null,{"EffectName":["Bat_RandomSplash"]},null,null,null,null,null,null,null,null,null,null,null,null,null,null,null,null,null,null,null,null,null,null,null,null,null,null,null,null,null,null,null,null,null,null,null,null,null,null,null,null,null,null,null,null,null,null,null,null,null,null,null,null,null,null,null,null,null,null,null,null,null,null,null,null,null,null,null,null,null,null,null,null,null,null,null,null,null,null,null,null,null,null,null,null,null,null,null,null,null,null,null,null,null,null,null,null,null,null,null,null,null,null,null,null,null,null,null,null,{"EffectName":["Bat_RandomSplash"]},null,null,null,null,null,null,null,null,{"EffectName":["Bat_RandomSplash"]},null,{"EffectName":["Bat_RandomSplash"]},null,null,null,null,null,null,null,null,null,null,null,null,null,null,null,null,null,null,null,null,null,null,null,null,null,null,null,null,null,null,null,null,null,null,null,null,null,null,null,null,null,null,null,null,null,null,null,null,null,null,null,null,null,null,null,null,null,null,null,null,null,null,null,null,null,null,null,null,null,null,null,null,null,null,null,null,null,null,null,null,{"EffectName":["Bat_SP01_Particles","Bat_SP01_WingWind"]},{"EffectName":["Collider_Sp","Bat_SP01_WingWind"]},{"EffectName":["Bat_SP01_WingWind"]},null,null,null,null,null,null,null,null,null,null,null,null,null,null,null,null,null,null,null,null,null,null,null,null,null,null,null,null,null,null,null,null,null,null,null,null,null,null,null,null,null,null,null,null,null,null,null,null,null,null,null,null,null,null,null,null,null,null,null,null,null,null,null,null,null,null,null,null,null,null,null,null,null,null,null,null,null,null,null,null,null,null,null,null,null,null,{"EffectName":["Bat_RandomSplash"]},null,null,null,null,null,null,null,null,null,null,null,{"EffectName":["Bat_RandomSplash"]},null,null,null,null,null,null,null,null,{"EffectName":["Bat_RandomSplash"]},null,null,null,null,null,null,null,null,null,null,null,null,null,null,null,null,null,null,null,null,null,null,null,null,null,null,null,null,null,null,null,null,null,null,null,null,null,null,null,null,null,null,null,null,null,{"EffectName":["Bat_RandomSplash"]}],[{"Enable_Weapon":false},null,null,null,null,null,null,null,null,null,null,null,null,null,null,null,null,null,null,null,null,null,null,null,null,null,null,null,null,null,null,{"EffectName":["Bat_RandomSplash"]},null,null,null,null,null,null,null,null,null,null,null,null,null,null,null,null,null,null,null,null,null,null,null,null,null,null,null,null,null,null,null,null,null,null,null,null,null,null,null,null,null,null,null,null,{"EffectName":["Bat_RandomSplash"]},null,null,null,null,null,null,null,null,null,null,null,null,null,null,null,null,null,null,null,null,null,null,null,null,null,null,null,null,null,null,null,null,null,null,null,null,null,null,null,null,null,null,null,null,null,null,null,null,null,null,null,null,null,null,null,{"EffectName":["Colider_BatKnockStorm","Bat_RandomSplash"]},null,null,null,{"EffectName":["Bat_RandomSplash"]},null,null,null,null,null,null,null,null,null,null,null,null,null,null,null,null,null,null,null,null,null,null,null,null,null,null,null,null,null,null,null,null,null,null,null,null,null,null,null,null,null,null,null,null,null,null,null,null,null,null,null,null,null,null,null,null,null,null,null,null,null,{"EffectName":["Bat_RandomSplash"]},null,null,null,null,null,null,null,null,null,null,{"EffectName":["Bat_RandomSplash"]},null,null,null,null,null,null,null,null,null,null,null,null,null,null,null,null,null,null,{"EffectName":["Bat_RandomSplash"]},null,null,null,null,null,null,null,null,null,null,null,null,null,null,null,null,null,null,null,null,null,null,null,null,null,null,null,null,null,null,null,null,null,null,null,null,null,null,{"EffectName":["Bat_RandomSplash"]}],[{"Enable_Weapon":false}],[{"Enable_Weapon":false}],[{"Enable_Weapon":false},null,null,null,{"EffectName":["Bat_RandomSplash"]},null,null,{"EffectName":["Bat_RandomSplash"]},null,null,null,null,null,null,{"EffectName":["Bat_RandomSplash"]},{"EffectName":["Bat_RandomSplash"]},null,null,null,null,null,null,null,null,{"EffectName":["Bat_RandomSplash"]},null,null,null,null,{"EffectName":["Bat_RandomSplash"]},null,null,null,null,null,{"EffectName":["Bat_RandomSplash"]},null,null,null,{"EffectName":["Bat_RandomSplash"]}],[null,null,null,null,null,null,null,null,null,null,null,{"EffectName":["Bat_RandomSplash"]},null,null,null,null,null,null,null,null,{"EffectName":["Bat_RandomSplash"]},null,null,{"EffectName":["Bat_RandomSplash"]},null,null,null,{"EffectName":["Bat_RandomSplash"]}],null,[null,null,null,null,null,null,null,null,null,null,null,null,null,null,null,null,null,null,null,null,null,null,null,{"EffectName":["Bat_RandomSplash"]},null,null,null,null,null,null,null,null,null,null,null,null,null,null,null,null,null,null,null,null,null,null,null,null,null,null,null,{"EffectName":["Bat_RandomSplash"]},null,null,null,null,null,null,null,null,null,null,null,null,null,null,null,null,null,null,null,null,null,null,null,null,null,null,null,null,null,null,null,null,null,null,null,null,null,null,null,null,null,null,null,null,null,null,null,null,null,null,null,null,null,null,null,null,null,null,null,null,null,null,null,null,null,null,null,null,null,null,null,null,null,null,null,null,null,null,null,null,null,null,null,null,null,null,null,null,null,null,null,null,null,null,null,null,null,null,null,null,null,null,null,null,null,null,null,null,null,null,null,null,null,null,null,null,null,null,null,null,null,null,null,null,null,null,null,null,null,null,null,null,null,null,null,null,null,null,null,null,null,null,null,null,null,null,null,null,null,null,{"EffectName":["Bat_RandomSplash"]},null,null,null,{"EffectName":["Bat_RandomSplash"]},null,null,null,null,null,null,null,null,null,null,null,{"EffectName":["Bat_RandomSplash"]},null,null,null,null,null,null,null,null,null,null,null,null,null,null,null,null,null,null,null,null,null,null,null,{"EffectName":["Bat_RandomSplash"]},null,null,null,null,null,null,null,null,null,null,null,null,null,null,null,null,null,null,null,null,null,null,null,null,{"EffectName":["Bat_RandomSplash"]}],[null,null,null,null,null,null,null,null,null,null,null,null,null,null,null,null,null,null,null,null,null,null,null,null,null,null,null,null,null,null,null,null,null,null,null,null,null,null,null,null,null,null,null,null,null,null,{"EffectName":["Bat_RandomSplash"]},null,null,null,null,null,null,null,null,null,null,null,null,null,null,null,null,null,null,null,null,null,null,null,null,null,null,null,null,null,null,null,null,null,null,null,null,null,null,null,null,null,{"EffectName":["Bat_RandomSplash"]}],[null,null,null,null,null,null,null,null,null,null,null,null,null,null,null,null,null,null,null,null,null,null,null,null,null,null,null,null,null,null,null,null,null,null,null,null,null,null,null,null,null,{"EffectName":["Bat_RandomSplash"]},null,null,null,null,null,null,null,null,null,null,null,null,null,null,null,null,null,null,null,null,null,null,null,null,null,null,null,null,null,null,null,null,null,null,null,null,null,null,null,null,null,null,null,null,{"EffectName":["Bat_RandomSplash"]}]]}
