{"AnimationIndex":[[null,null,null,null,null,null,null,null,null,null,null,null,null,null,null,null,null,null,null,null,null,null,null,null,{},null,null,null,null,null,null,null,null,null,null,null,null,null,null,null,null,null,null,null,null,null,null,null,null,null,null,null,null,null],null,[null,null,null,null,null,null,null,null,null,null,null,null,null,null,null,null,null,{"EffectName":["ParryEffectParticle"]}],null,null,null,[null,null,null,null,null,null,null,null,null,null,null,null,null,null,null,null,null,null,null,null,null,null,null,null,{"EffectName":["Corvus_Healing2_Particle","Corvus_Healinge2_Trail"]}],[null,null,null,null,null,null,null,null,null,null,null,null,null,null,{"EffectName":["CVS_SaberAtk1"]}],[null,null,null,null,null,null,null,null,null,null,null,null,null,{"EffectName":["CVS_SaberAtk2"]}],[null,null,null,null,null,null,null,null,null,null,null,null,null,null,null,null,null,null,null,null,{"EffectName":["CVS_SaberAtk3"]}],[{"EffectName":["TestEffect"]},null,null,null,null,null,null,null,null,null,null,null,null,{"EffectName":["TestEffect"]}],[],null,null,null,null,[null,null,null,null,null,null,null,{"EffectName":["Corvus_PW_Axe_Weapon"]},{"EffectName":["Corvus_PW_EyeGlow_Appear"]},null,null,null,{"EffectName":["Corvus_PW_Axe_Start"]},null,null,null,null,null,null,null,null,null,null,null,null,null,null,null,null,null,null,null,null,null,null,null,null,null,null,null,null,null,null,null,null,null,null,null,null,null,null,null,null,null,null,null,null,null,null,null,null,{"EffectName":["Corvus_PW_Axe_Collider"]},null,{"EffectName":["Corvus_PW_Axe_Impact","Corvus_PW_Axe_WeaponTrail"]},null,null,null,null,null,null,null,null,null,null,null,null,null,null,null,null,null,null,null,null,null,null,null,null,null,null,null,null,null,null,null,null,null,null,null,null,null,null,null,null,null,null,null,null,null,null,null,null,null,null,null,null,null,null,null,null,null,null,null,null,null,null,null,null,null,null,null,null,null,null,null,null,null,null,null,null,null,null,null,null,null,null,null,null,null,null,null,null,null,null,null,null,{"EffectName":["Corvus_PW_EyeGlow_Disappear"]}],null,[null,null,null,null,null,null,null,null,null,null,null,null,null,{"EffectName":["Corvus_PW_Bat_Roar_A_BloodIncome"]},null,null,null,null,{"EffectName":["Corvus_PW_Bat_Roar_A_ParticleIncome"]},null,null,null,null,null,null,null,null,null,null,null,{"EffectName":["Corvus_PW_EyeGlow_Red_Appear"]},null,null,null,null,null,null,null,null,null,null,null,null,null,null,null,null,null,null,null,null,null,null,null,null,null,null,null,null,null,null,null,null,null,null,null,{"EffectName":["Corvus_PW_Bat_Roar_A_Roar"]},null,null,null,null,{"EffectName":["Corvus_PW_Bat_Roar_A_Roar_BodyParticle","Corvus_PW_Bat_Roar_A_Roar_Black"]},null,null,null,null,null,null,null,null,null,null,null,null,null,null,null,null,null,null,null,null,null,null,null,null,null,null,null,null,null,null,null,null,null,null,null,null,{"EffectName":["Corvus_PW_EyeGlow_Red_Disappear"]}],[null,null,null,null,null,null,null,null,null,null,null,null,null,{"EffectName":["Corvus_PW_Bat_Roar_B_BloodIncome","Corvus_PW_EyeGlow_Red_Appear"]},null,{"EffectName":["Corvus_PW_Bat_Roar_B_ParticleIncome"]},null,null,null,null,null,null,null,null,null,null,null,null,null,null,null,null,null,null,null,null,null,null,null,null,null,null,null,null,null,null,null,{"EffectName":["Corvus_PW_Bat_Roar_B_BloodOut"]},{"EffectName":["Corvus_PW_Bat_Roar_B_Roar"]},null,null,null,{"EffectName":["Corvus_PW_Bat_Roar_B_ParticleBurst"]},null,null,null,null,null,null,null,null,null,null,null,null,null,null,null,null,null,null,null,null,null,null,null,null,null,null,null,null,null,null,null,null,null,null,null,null,null,null,null,null,null,null,null,null,null,null,null,null,null,null,null,null,null,null,null,null,null,null,null,null,null,null,null,null,null,null,null,null,null,null,null,null,null,null,null,null,null,{"EffectName":["Corvus_PW_EyeGlow_Red_Disappear"]}],null,null,null,null,[null,null,null,null,null,null,null,null,null,null,null,null,null,null,null,null,{"EffectName":["Corvus_PW_Bighand_PreParticle","Corvus_PW_EyeGlow_Appear"]},null,null,null,null,null,null,null,null,null,{"EffectName":["Corvus_PW_BigHand_Start"]},null,null,null,null,null,null,null,null,null,null,null,null,null,null,null,null,null,null,null,null,null,null,null,null,null,null,null,null,null,null,null,null,null,null,null,null,null,null,null,null,null,null,null,null,null,null,null,null,null,null,null,null,null,null,null,null,null,null,null,null,null,null,null,null,null,null,null,null,null,null,null,null,null,null,{"EffectName":["Corvus_PW_BigHand_GroundSparkle"]},null,null,null,null,null,null,null,null,null,null,null,null,null,null,null,null,null,null,null,null,null,null,null,null,null,null,null,null,{"EffectName":["Corvus_PW_EyeGlow_Disappear"]},null,null,null,null],null,null,null,null,null,null,null,null,[null,{"EffectName":["Corvus_PW_CaneSword_SP02_WeaponAppear","Corvus_PW_EyeGlow_Special_Appear"]}],null,[null,null,null,null,null,null,null,null,null,null,null,null,null,null,null,null,null,null,null,null,null,null,null,null,null,null,null,null,null,{"EffectName":["Corvus_PW_CaneSword_SP02_WeaponDraw"]},null,null,null,null,null,null,null,null,null,null,null,null,null,null,null,null,null,null,null,null,null,null,null,null,null,null,null,null,null,null,null,null,null,null,null,null,null,null,null,null,null,null,null,null,null,null,null,null,null,null,null,null,null,null,null,null,null,null,null,null,null,null,null,null,null,null,null,{"EffectName":["Corvus_PW_CaneSword_SP02_GroundImpact","Corvus_PW_CaneSword_SP02_GroundImpact2","Corvus_PW_CaneSword_SP02_ImpactParticle","Corvus_PW_CaneSword_SP02_ImpactParticle2","Corvus_PW_CaneSword_SP02_GroundImpact3","Corvus_PW_CaneSword_SP02_ImpactParticle3","Corvus_PW_CaneSword_SP02_ImpactParticle4"]},null,null,{"EffectName":["Corvus_PW_CaneSword_SP02_Distortion"]},null,null,null,null,null,null,null,null,null,null,null,null,null,null,null,null,null,null,null,null,null,null,null,null,null,null,null,null,null,null,null,null,null,null,null,null,null,null,null,null,null,null,null,null,null,null,null,null,null,null,null,null,null,null,null,null,null,null,null,null,null,null,null,null,null,null,null,null,null,null,null,null,null,{"EffectName":["Corvus_PW_EyeGlow_Special_Disappear"]},null,null,null,null,null,null,null,null,null,null,null,null,null,null,null,null,{"EffectName":["Corvus_PW_CaneSword_SP02_WeaponDisappear"]}],null,null,null,null,null,null,null,null,null,null,null,null,null,null,null,null,null,[null,null,null,null,null,null,null,null,null,null,null,null,null,null,null,null,null,null,null,null,null,null,null,null,{"EffectName":["Corvus_PW_Halberds_Weapon","Corvus_PW_EyeGlow_Appear"]},null,null,null,null,{"EffectName":["Corvus_PW_Halberds_Start"]},null,null,null,null,null,null,null,null,null,null,null,null,null,null,null,null,null,null,null,null,null,null,null,null,null,null,null,null,null,{"EffectName":["Corvus_PW_Halberds_StabEffect","Corvus_PW_Halberds_StabParticle"]},null,null,null,null,null,null,null,null,null,null,null,null,null,null,null,null,null,null,{"EffectName":["Corvus_PW_Halberds_StabEffect2","Corvus_PW_Halberds_StabParticle"]},null,null,null,null,null,null,null,null,null,null,null,null,null,null,null,null,null,null,null,null,null,null,null,null,null,null,null,null,null,null,null,null,null,null,null,null,null,{"EffectName":["Corvus_PW_Halberds_StabEffect3"]},{"EffectName":["Corvus_PW_Halberds_StabParticle2"]},null,null,null,null,null,null,null,null,null,null,null,null,null,null,null,null,null,null,null,null,null,null,null,null,null,null,null,null,null,null,null,null,null,null,null,null,null,null,null,null,null,null,null,null,null,null,null,null,null,null,null,null,null,null,null,null,null,null,{"EffectName":["Corvus_PW_EyeGlow_Disappear"]},null,null,null,null,null,null,null,null,null,null,null,null,null,null,null,null,null,null,null,null,null,null,null,null,null,null,null,null,null,null],[null,null,null,null,null,null,null,null,null,null,null,null,null,null,null,null,null,null,null,null,null,null,null,null,{"EffectName":["Corvus_PW_Halberds_B_Weapon","Corvus_PW_EyeGlow_Appear"]},null,null,null,null,{"EffectName":["Corvus_PW_Halberds_Start"]},null,null,null,null,null,null,null,null,null,null,null,null,null,null,null,null,null,{"EffectName":["Corvus_PW_Halberds_B_PreParticle"]},null,null,null,null,null,null,null,null,null,null,null,null,null,null,null,null,null,null,null,null,null,null,null,null,null,null,null,null,null,null,null,null,null,null,null,null,null,null,null,null,null,null,null,null,null,null,null,null,null,null,null,null,{"EffectName":["Corvus_PW_Halberds_B_WeaponTrail"]},null,null,null,null,null,null,null,null,null,null,null,null,null,null,null,null,null,null,null,null,null,null,null,null,null,null,null,null,null,null,null,null,null,null,null,null,null,null,null,null,null,null,null,null,null,null,null,null,null,null,null,null,null,null,null,null,null,null,null,null,null,null,null,null,null,null,null,null,null,null,null,null,null,null,null,{"EffectName":["Corvus_PW_EyeGlow_Disappear"]},null,null,null,null,null,null,null,null,null,null,null,null,null,null,null,null,null,null,null,null,null,null,null,null,null,null,null,null,null,null,null,null,null,null,null,null,null,null,null,null,null,null,null,null,null,null,null,null,null,null,null,null,null,null,null,null,null,null,null,null,null,null,null,null,null,null,null,null,null,null],[null,null,null,null,null,null,null,null,null,null,null,null,null,null,null,null,null,null,null,null,{"EffectName":["Corvus_PW_Hammer_A_Weapon"]},null,null,null,null,null,{"EffectName":["Corvus_PW_Hammer_Start"]},null,null,null,null,null,null,null,null,null,null,null,{"EffectName":["Corvus_PW_EyeGlow_Appear"]},null,null,null,null,null,null,null,null,null,null,null,null,null,null,null,null,null,null,null,null,null,null,null,null,null,null,null,null,null,null,null,null,null,null,null,null,null,null,null,null,null,null,null,null,null,null,null,null,null,null,null,null,null,null,null,null,null,null,null,null,null,{"EffectName":["Corvus_PW_Hammer_A_ImpactDistortion"]},null,null,{"EffectName":["Corvus_PW_Hammer_A_ImpactParticle","Corvus_PW_Hammer_A_AfterParticle"]},null,null,null,null,null,null,null,null,null,null,null,null,null,null,null,null,null,null,null,null,null,null,null,null,null,null,null,null,null,null,null,null,null,null,null,null,null,null,null,null,null,null,null,null,null,null,null,null,null,null,null,{"EffectName":["Corvus_PW_EyeGlow_Disappear"]}],null,[null,null,null,null,null,null,null,null,null,null,null,null,null,null,null,null,null,null,null,null,{"EffectName":["Corvus_PW_Hammer_B_Weapon"]},null,null,null,null,null,{"EffectName":["Corvus_PW_Hammer_Start"]},null,null,null,null,null,null,null,null,null,{"EffectName":["Corvus_PW_EyeGlow_Appear"]},null,null,null,null,null,null,null,null,null,null,null,null,null,null,null,null,null,null,null,null,null,null,null,null,null,null,null,{"EffectName":["Corvus_PW_Hammer_B_Trail"]},null,null,null,null,null,null,null,null,null,null,null,null,null,null,null,null,null,null,null,null,null,null,null,null,null,null,null,null,null,null,null,null,null,null,null,null,null,null,null,null,null,null,null,null,null,null,null,null,null,null,null,null,null,null,null,{"EffectName":["Corvus_PW_Hammer_B_Trail"]},null,null,null,null,null,null,null,null,null,null,null,null,null,null,null,null,null,null,null,null,null,null,null,null,null,null,null,null,null,null,null,null,null,null,null,null,null,null,null,null,null,null,null,null,null,null,null,null,null,null,null,{"EffectName":["Corvus_PW_Hammer_B_Trail"]},null,null,null,null,null,null,null,null,null,null,null,null,null,null,null,null,null,null,null,null,null,null,null,null,null,null,null,null,null,null,null,null,null,null,null,null,null,null,null,null,null,null,null,null,null,null,null,null,null,null,null,null,null,null,null,null,null,null,null,null,null,null,null,null,{"EffectName":["Corvus_PW_Hammer_A_ImpactParticle","Corvus_PW_Hammer_A_AfterParticle","Corvus_PW_Hammer_A_ImpactDistortion"]},null,null,null,null,null,null,null,null,null,null,null,null,null,null,null,null,null,null,null,null,null,null,null,null,null,null,null,null,null,null,null,null,null,null,null,null,null,null,null,null,null,null,null,null,null,null,null,null,null,null,null,null,null,null,{"EffectName":["Corvus_PW_EyeGlow_Disappear"]}],null,[null,null,{"EffectName":["Corvus_PW_Knife_Start","Corvus_PW_Knife_Weapon"]},null,null,null,null,null,null,null,null,null,null,null,null,null,null,null,null,null,null,null,{"EffectName":["Corvus_PW_EyeGlow_Appear"]},null,null,null,null,null,null,null,null,null,null,null,null,null,null,null,null,null,null,null,null,null,null,null,{"EffectName":["Corvus_PW_Knife_AtkParticle"]},null,{"EffectName":["Corvus_PW_Knife_Atk"]},null,null,null,null,null,null,null,null,null,null,null,null,null,null,null,null,null,null,null,null,null,null,null,null,null,null,null,null,null,{"EffectName":["Corvus_PW_EyeGlow_Disappear"]}],null,null,null,null,null,null,null,null,[null,null,null,null,null,null,null,null,null,null,null,null,null,null,null,{"EffectName":["Corvus_PW_Scythe_Weapon"]},null,null,null,null,null,{"EffectName":["Corvus_PW_Scythe_Start"]},null,null,null,null,null,null,null,null,{"EffectName":["Corvus_PW_EyeGlow_Appear"]},null,null,null,null,null,null,null,null,null,null,null,null,null,null,null,null,null,null,null,null,null,null,null,null,null,null,null,null,null,null,null,null,null,null,null,null,null,null,null,{"EffectName":["Corvus_PW_Scythe_TrailParticle"]},null,null,null,{"EffectName":["Corvus_PW_Scythe_WeaponTrail"]},null,null,null,null,null,null,null,null,null,null,null,null,null,null,null,null,null,null,null,null,null,null,null,null,null,null,null,null,null,null,null,null,null,null,null,null,null,null,null,null,null,null,null,null,null,null,null,null,null,null,null,null,null,null,null,null,null,null,null,null,null,null,null,null,null,null,null,null,null,null,{"EffectName":["Corvus_PW_EyeGlow_Disappear"]}],[null,null,null,null,null,null,null,null,null,null,null,null,null,null,null,{"EffectName":["Corvus_PW_Scythe_B_Weapon"]},null,null,null,null,null,{"EffectName":["Corvus_PW_Scythe_Start"]},null,null,null,null,null,null,null,null,null,null,null,null,null,{"EffectName":["Corvus_PW_EyeGlow_Appear"]},null,null,null,null,null,null,null,null,null,null,null,{"EffectName":["Corvus_PW_Scythe_B_TrailParticle"]},null,null,null,null,null,null,null,null,null,{"EffectName":["Corvus_PW_Scythe_B_WeaponTrail"]},null,null,null,null,null,null,null,null,null,null,null,null,null,null,null,null,null,null,null,null,null,null,null,null,null,null,null,null,null,null,null,null,null,null,null,null,null,null,null,null,null,null,null,null,null,null,null,{"EffectName":["Corvus_PW_Scythe_B_TrailParticle2"]},null,null,null,null,null,null,null,null,null,{"EffectName":["Corvus_PW_Scythe_B_WeaponTrail2"]},null,null,null,null,null,null,null,null,null,null,null,null,null,null,null,null,null,null,null,null,null,null,null,null,null,null,null,null,null,null,null,null,null,null,null,null,null,null,null,null,null,null,null,null,null,null,null,null,null,null,null,null,null,null,null,null,null,null,null,null,null,null,null,{"EffectName":["Corvus_PW_EyeGlow_Disappear"]}],null,null,null,null,null,null,null,null,null,null,null,null,null,null,null,null,null,[null,null,null,null,null,null,null,null,null,null,null,null,null,null,null,null,null,null,null,null,null,null,null,null,null,null,null,null,null,null,null,null,null,null,null,{"EffectName":["Corvus_PW_VargSword_B_FirstTrail"]},null,null,{"EffectName":["Corvus_PW_VargSword_B_WeaponCollider"]},{"EffectName":["Corvus_PW_VargSword_B_FirstImpact"]},null,null,null,null,null,null,null,null,null,null,null,null,null,null,null,null,null,null,null,null,null,null,null,null,null,null,null,null,null,null,null,null,null,null,null,null,null,null,null,null,null,null,null,null,null,null,null,null,null,null,null,null,{"EffectName":["Corvus_PW_VargSword_B_SecondTrailParticle"]},{"EffectName":["Corvus_PW_VargSword_B_WeaponCollider2"]},null,null,{"EffectName":["Corvus_PW_VargSword_B_SecondTrail","Corvus_PW_VargSword_B_Impact","Corvus_PW_VargSword_B_Impact2"]},null,null,null,null,null,null,null,null,null,null,null,null,null,null,null,null,null,null,null,null,null,null,null,null,null,null,null,null,null,null,null,null,null,null,null,null,null,null,null,null,null,null,null,null,null,null,null,null,null,null,null,null,null,null,null,null,null,null,null,null,null,null,null,null,null,null,null,null,null,null,null,null,null,null,null,{"EffectName":["Corvus_PW_VargSword_B_WeaponDisappear"]},null,null,null,null,null,null,null,null,null,null,null,{"EffectName":["Corvus_PW_EyeGlow_Disappear"]}],[null,null,null,null,null,null,null,null,null,null,null,{"EffectName":["Corvus_PW_VargSword_Start","Corvus_PW_EyeGlow_Appear","Corvus_PW_VargSword_B_WeaponAppear"]}],null,[null,null,null,null,null,null,null,null,null,null,null,null,null,null,null,null,null,null,null,null,null,null,null,null,null,null,null,null,null,{"EffectName":["Corvus_ClawChargeLoop_Distortion"]}],null,[null,null,null,null,null,null,null,null,null,null,null,null,null,{"EffectName":["Corvus_ClawChargeStart_Smoke"]},null,null,null,null,null,null,null,null,null,null,null,null,null,null,null,{"EffectName":["Corvus_ClawChargeStart"]},null,null,null,{"EffectName":["Corvus_ClawChargeStart_EndParticle"]}],[null,null,null,null,null,null,null,null,null,null,null,null,null,null,null,null,null,null,null,null,null,null,null,null,null,null,null,null,null,{"EffectName":["Corvus_ClawChargeLoop_Distortion"]}],[null,null,null,null,null,null,null,null,null,null,null,null,null,null,null,null,null,null,null,null,null,null,null,null,null,null,null,null,null,null,null,null,null,null,null,null,null,null,null,null,null,null,null,{"EffectName":[]}],[null,null,null,null,null,null,null,null,null,null,null,null,null,{"EffectName":["Corvus_ClawChargeStart_Smoke"]},null,null,null,null,null,null,null,null,null,null,null,null,null,null,null,{"EffectName":["Corvus_ClawChargeStart"]},null,null,null,{"EffectName":["Corvus_ClawChargeStart_EndParticle"]}],[null,null,null,null,null,null,null,null,null,null,null,null,null,null,null,null,null,null,null,null,null,null,null,null,null,null,null,{"EffectName":["Corvus_ClawChargeAtk_StartParticle"]},null,null,null,null,null,null,null,null,null,null,null,null,null,null,null,null,null,{"EffectName":["Corvus_ClawChargeAtk_BodyParticle"]},{"EffectName":["Corvus_ClawChargeAtk_FollowParticle"]},null,null,null,null,null,null,null,null,null,null,null,null,null,{"EffectName":["Collider_CorvusSteal","Corvus_ClawChargeAtk_StartParticle"]},{"EffectName":["Corvus_ClawChargeAtk_ClawEffect","Corvus_ClawChargeAtk_FollowParticle2",""]},null,null,null,null,null,null,null,null,null,null,null,null,null,null,null,null,null,null,null,null,null,null,null,null,null,null,null,null,null,null,null,null,null,null,null,null,null,null,null,null,null,null,null,null,null,null,null,null,null,null,null,null,null,null,null,null,null,null,null,null,null,null,null,null,null,null,null,null,null,null,null,null,null,null,null,null,null,null,null,null,null,null,null,null,null,null,null,null,null,null,null,null,null,null,null,null,null,null,null,null,null,null,null,null],[null,null,null,null,null,null,null,null,null,null,null,null,null,null,null,null,null,null,null,null,null,null,null,null,null,null,null,null,null,{"EffectName":["Corvus_ClawLong_L01_BodyParticle"]},null,null,null,null,null,null,null,null,null,null,null,null,null,{"EffectName":["Corvus_Raven_ClawLong_L01_Claw"]}],[null,null,null,null,null,null,null,null,null,null,null,null,null,null,null,null,null,null,null,null,null,null,{"EffectName":["Corvus_ClawLong_L02_BodyParticle"]},null,null,null,null,null,{"EffectName":["Corvus_Raven_ClawLong_L02_Claw"]}],null,[null,{"EffectName":["Collider_Corvus_PlunderAtk1"]},null,null,null,null,null,null,null,null,null,null,null,null,null,null,null,null,null,null,null,null,null,null,null,null,null,{"EffectName":["Corvus_ClawCharge_Pull"]},null,null,null,null,null,null,null,null,null,null,null,null,null,null,null,null,null,null,null,null,null,null,null,{"EffectName":["Collider_Corvus_PlunderAtk2","Corvus_ClawCharge_Pull_FlowParticle"]},null,null,null,null,null,null,null,null,null,null,null,null,null,{"EffectName":["Corvus_ClawCharge_Pull_After"]},null,null,null,null,{"EffectName":["Corvus_ClawCharge_Pull_AfterParticle"]}],null,null,null,null,[null,{"EffectName":["Collider_Corvus_PlunderAtk1"]},null,null,null,null,null,null,null,null,null,null,null,null,null,null,null,null,null,null,null,null,null,null,null,null,null,null,null,null,null,null,null,null,null,null,null,null,null,null,null,null,null,null,null,null,null,null,null,null,null,{"EffectName":["Collider_Corvus_PlunderAtk2"]}],null,null,null,null,null,null,null,null,null,null,null,null,null,null,null,null,null,null,null,[null,null,null,null,null,null,null,null,null,null,null,null,null,null,null,null,null,null,null,null,null,null,null,null,{"EffectName":["Corvus_SD1_FallAtk_BodyParticle"]}],null,null,[null,{"EffectName":["Corvus_Sprint_Bip001-RFoot"]},null,null,null,null,null,null,null,null,null,null,null,null,null,null,null,null,null,null,{"EffectName":["Corvus_Sprint_Bip001-LFoot"]}],[null,{"EffectName":["Corvus_SprintStart_FootParticle"]},null,null,null,null,null,null,null,null,null,null,null,null,null,null,null,null,null,null,null,null,null,null,null,null,null,null,null,null,null,null,null,null,null,null,null,null,null,null,null,null,null,null,null,null,null,null,null,null,null,null,null,null,null,null,null,null,null,null,null,null,null,null,{"EffectName":[]}],null,[null,null,null,null,null,null,null,null,null,null,null,null,null,null,null,null,null,null,null,null,null,null,null,{"EffectName":["Corvus_AvoidAtk_D_BodyParticle"]},null,null,null,null,null,{"EffectName":["Collider_AvoidSlash"]},null,null,null,null,null,null,null,null,null,null,null,null,null,null,null,null,null,null,null,null,null,null,null,null,null,null,null,null,null,null,null,null,null,null,null,null,null,null,null,null,null,null,null,null,null,null,null,null,null,null,null,null,null,null,null,null,null,null,null,null,null,null,null,null,null,null,null,null,null,null,null,null,null,null,null,null,null,null,null,null,null,null,null,null,null,null,null,null,null,null,null,null,null,null,null,null,null,null,null,null,null,null,null,null,null,null,null,null,null,null,null,null,null,null,null,null,null,null,null,null,null,null,null,null,null,null,null,null,null,null,null,null,null,null,null,null,null,null,null,null,null,null,null,null,null,null,null,null,null,null,null,null,null,null,null,null,null,null,null,null,null,null,null,null,null,null,null,null,null,null,null,null,null,null,null,null,null,null,null,null,null,null,null,null,null,null,null,null,null,null,null,null,null,null],[null,null,null,null,null,null,null,null,null,null,{"EffectName":["Collider_AvoidThrust"]}],null,[null,null,null,null,null,null,null,null,null,{"EffectName":["Corvus_AvoidF_BodyParticle"]},null,null,null,null,null,null,null,null,null,null,null,null,null,null,null,null,null,null,null,null,null,null,null,null,null,null,null,null],null,null,null,null,null,null,null,null,[null,{"EffectName":["Corvus_AvoidShortMag_B_BodyParticle"]}],[null,null,null,null,null,null,null,null,null,{"EffectName":["Corvus_AvoidF_Bip001-L-Calf","Corvus_AvoidF_Bip001-L-Forearm","Corvus_AvoidF_Bip001-L-Thigh","Corvus_AvoidF_Bip001-L-UpperArm","Corvus_AvoidF_Bip001-LFoot","Corvus_AvoidF_Bip001-Neck","Corvus_AvoidF_Bip001-Pelvis","Corvus_AvoidF_Bip001-R-Calf","Corvus_AvoidF_Bip001-R-Forearm","Corvus_AvoidF_Bip001-R-Thigh","Corvus_AvoidF_Bip001-R-UpperArm","Corvus_AvoidF_Bip001-RFoot","Corvus_AvoidF_Bip001-Spine","Corvus_AvoidF_Bip001-Spine1","Corvus_AvoidF_Bip001-Spine2"]}],[null,null,null,null,null,{"EffectName":["Corvus_AvoidF_Bip001-L-Calf","Corvus_AvoidF_Bip001-L-Forearm","Corvus_AvoidF_Bip001-L-Thigh","Corvus_AvoidF_Bip001-L-UpperArm","Corvus_AvoidF_Bip001-LFoot","Corvus_AvoidF_Bip001-Neck","Corvus_AvoidF_Bip001-Pelvis","Corvus_AvoidF_Bip001-R-Calf","Corvus_AvoidF_Bip001-R-Forearm","Corvus_AvoidF_Bip001-R-Thigh","Corvus_AvoidF_Bip001-R-UpperArm","Corvus_AvoidF_Bip001-RFoot","Corvus_AvoidF_Bip001-Spine","Corvus_AvoidF_Bip001-Spine1","Corvus_AvoidF_Bip001-Spine2"]}],[null,null,null,null,null,null,null,null,null,{"EffectName":["Corvus_AvoidF_Bip001-L-Calf","Corvus_AvoidF_Bip001-L-Forearm","Corvus_AvoidF_Bip001-L-Thigh","Corvus_AvoidF_Bip001-L-UpperArm","Corvus_AvoidF_Bip001-LFoot","Corvus_AvoidF_Bip001-Neck","Corvus_AvoidF_Bip001-Pelvis","Corvus_AvoidF_Bip001-R-Calf","Corvus_AvoidF_Bip001-R-Forearm","Corvus_AvoidF_Bip001-R-Thigh","Corvus_AvoidF_Bip001-R-UpperArm","Corvus_AvoidF_Bip001-RFoot","Corvus_AvoidF_Bip001-Spine","Corvus_AvoidF_Bip001-Spine1","Corvus_AvoidF_Bip001-Spine2"]}],null,null,null,null,null,null,null,null,null,null,null,null,null,null,null,null,null,null,null,null,null,null,null,null,null,null,null,null,null,null,null,null,null,null,null,null,[],null,[null,null,null,null,null,null,null,null,null,null,null,null,null,{"EffectName":["Corvus_LAttack2_Main"]}],[null,null,null,null,null,null,null,null,null,null,null,null,{"EffectName":["Corvus_LAtk1_BodyParticle"]},{"EffectName":["Corvus_LAttack1_Main"]}],null,[null,null,null,null,null,null,null,null,null,null,null,{"EffectName":["Corvus_LAtk2_BodyParticle"]},null,{"EffectName":["Corvus_LAttack2_Main"]}],[null,null,null,null,null,null,null,null,null,null,null,null,null,null,{"EffectName":["Corvus_LAtk3_BodyParticle_weapon"]},null,null,{"EffectName":["Corvus_LAtk3_BodyParticle"]},null,null,{"EffectName":["Corvus_LAttack3_Main"]}],null,[null,null,null,null,null,null,null,null,null,null,null,null,null,{"EffectName":["Corvus_LAtk4_BodyParticle"]},{"EffectName":["Corvus_LAttack4_Main"]},null,null,null,null,null,null,null,null,null,null,null,null,{"EffectName":["Corvus_LAttack4_Main2"]}],[null,{"EffectName":["Corvus_LAtk5_BodyParticle"]},null,null,null,null,null,null,null,null,null,null,null,null,null,null,null,null,null,null,null,null,null,null,null,null,null,{"EffectName":["Corvus_LAttack5_Main"]}],[null,{"EffectName":["ParryDeflect_L_Sparkle"]}],null,[null,{"EffectName":["ParryDeflect_LUp_Sparkle"]}],[{"EffectName":["ParryDeflect_L_Sparkle"]}],[null,{"EffectName":["ParryDeflect_R_Sparkle"]}],[{"EffectName":["ParryDeflect_LUp_Sparkle"]}],null,[{"EffectName":["ParryDeflect_R_Sparkle"]}],[{"EffectName":["ParryDeflect_RUp_Sparkle"]}],null,null,null,null,[null,{"EffectName":["Corvus_Run_Bip001-LFoot"]},null,null,null,null,null,null,null,null,null,null,null,{"EffectName":["Corvus_Run_Bip001-RFoot"]}],[null,null,null,null,null,null,null,null,{"EffectName":["Corvus_Run_Bip001-RFoot"]},null,null,null,null,null,null,null,null,null,null,null,null,{"EffectName":["Corvus_Run_Bip001-LFoot"]}],[null,null,null,null,null,null,null,null,null,{"EffectName":["Corvus_Run_Bip001-RFoot"]},null,null,null,null,null,null,null,null,null,null,null,null,null,{"EffectName":["Corvus_Run_Bip001-LFoot"]}],[null,{"EffectName":["Corvus_Run_Bip001-LFoot"]},null,null,null,null,null,null,null,null,null,null,null,null,null,{"EffectName":["Corvus_Run_Bip001-RFoot"]}],[null,{"EffectName":["Corvus_Run_Bip001-LFoot"]},null,null,null,null,null,null,null,null,null,null,null,null,null,{"EffectName":["Corvus_Run_Bip001-RFoot"]}],[null,{"EffectName":["Corvus_Run_Bip001-LFoot"]},null,null,null,null,null,null,null,null,null,null,null,null,{"EffectName":["Corvus_Run_Bip001-RFoot"]}],[null,{"EffectName":["Corvus_Run_Bip001-LFoot"]},null,null,null,null,null,null,null,null,null,null,null,null,null,{"EffectName":["Corvus_Run_Bip001-RFoot"]}],[null,null,{"EffectName":["Corvus_Run_Bip001-LFoot"]},null,null,null,null,null,null,null,null,null,null,null,null,null,{"EffectName":["Corvus_Run_Bip001-RFoot"]}],[null,null,null,null,null,null,null,null,null,null,null,null,{"EffectName":["Corvus_LAtk1_BodyParticle"]},null,{"EffectName":["Corvus_LAttack1_Main"]}],null,null,null,null,null,null,null,null,null,null,null,null,null,null,null,null,null,null,null,null,null,null,null,null,null,null,null,null,null,null,null,null,null,null,null,null,[null,{"EffectName":["Corvus_StunExe_StartR_R_BodyParticle"]},null,null,null,null,null,null,null,null,null,null,null,null,null,null,null,null,null,null,null,null,null,null,null,null,{"EffectName":["Corvus_StunExe_StartR_R_SlashParticle"]}],null,null,null,null,null,null,null,null,null,null,null,null,null,null,null,null,null,null,null,null,null,null,null,null,null,null,null,null,null,null,null,null,null,null,null,null,null,null,null,null,null,null,[null,null,null,null,null,null,null,null,null,null,null,null,null,null,null,null,null,null,null,null,null,null,null,null,null,null,null,null,null,null,null,null,null,null,null,null,null,null,null,null,null,null,null,null,null,null,null,null,null,null,null,null,null,null,null,null,null,null,null,null,null,null,null,null,null,null,null,null,null,null,null,null,null,null,null,null,null,null,null,null,null,null,null,null,null,null,null,null,null,null,null,null,null,null,null,null,null,null,null,null,null,null,null,null,null,null,null,{"EffectName":["Corvus_VSUrd_Exe_MetalParticle"]},null,null,null,null,null,null,null,null,null,null,null,null,null,null,null,null,null,null,null,null,null,null,null,null,null,null,null,{"EffectName":["Corvus_VSUrd_Exe_FirstBlood"]},null,null,null,null,null,null,null,null,null,null,null,null,null,null,null,null,null,null,null,null,null,null,null,null,null,null,null,null,null,null,null,null,null,null,null,null,null,null,null,null,null,{"EffectName":["Corvus_VSUrd_Exe_SecondBlood"]},{"EffectName":["Corvus_VSUrd_Exe_ThirdBlood"]},null,null,null,null,null,null,null,null,null,null,null,null,null,null,null,null,null,null,null,null,null,{"EffectName":["Corvus_VSUrd_Exe_LastBlood"]}]]}
