{"AnimationIndex":[[null,null,null,null,null,null,null,null,null,null,null,null,null,null,null,null,null,null,null,null,null,null,null,null,null,null,null,null,null,null,null,null,null,null,null,null,null,null,null,null,null,null,null,null,null,null,null,null,null,{"Enable_Weapon":true},null,null,null,null,null,null,null,null,null,{"Enable_Weapon":false}],[{"Enable_Weapon":false},null,null,null,null,null,null,null,null,null,null,null,null,null,null,null,null,null,null,null,null,null,null,null,null,null,null,null,null,null,null,null,null,null,null,null,null,null,null,null,{"Enable_Weapon":true},null,null,null,null,null,null,null,null,null,null,null,null,null,null,null,null,null,null,null,null,null,null,null,{"Enable_Weapon":false}],[null,null,null,null,null,null,null,null,null,null,null,null,null,null,null,null,null,null,null,null,null,null,null,null,null,null,null,null,null,null,null,null,null,null,null,null,{"Enable_Weapon":true},null,null,null,null,null,null,null,null,null,null,{"Enable_Weapon":false}],[null,null,null,null,null,null,null,null,null,null,null,null,null,null,null,null,null,null,null,null,null,null,null,null,null,null,null,null,null,null,null,null,null,null,null,null,null,null,null,null,null,null,null,null,null,null,null,null,null,null,null,{"Enable_Weapon":true},null,null,{"EffectName":["Joker_ComboB02_GroundHit"]},null,null,null,null,null,null,null,null,null,{"Enable_Weapon":false}],[{"EffectName":["Joker_TurnOff_Passive"]}],null,null,null,null,[null,null,null,null,null,null,null,null,null,null,null,null,null,null,null,null,null,null,null,null,null,null,null,null,null,null,null,null,null,null,null,null,null,null,null,null,null,null,null,null,null,null,null,null,null,null,null,null,null,null,null,null,null,null,null,null,null,null,null,null,null,null,null,null,null,null,null,null,null,null,null,null,null,null,null,null,null,null,{"Enable_Weapon":true}],[{"Enable_Weapon":false},null,null,null,null,null,null,null,null,null,null,null,null,null,null,null,null,null,null,null,null,null,null,null,null,null,null,null,null,null,null,null,null,null,null,null,null,null,null,null,null,null,null,null,null,null,null,null,null,null,null,null,null,null,null,null,null,null,null,null,null,null,null,null,null,null,{"Enable_Weapon":true},null,null,null,null,null,{"EffectName":["Joker_JumpAttack_GroundHit"]},null,null,null,null,null,null,null,null,null,null,null,null,null,null,null,null,null,null,null,null,null,null,null,null,null,null,{"Enable_Weapon":false}],[{"Enable_Weapon":false},null,null,null,null,null,null,null,null,null,null,null,null,null,null,null,null,null,null,null,null,{"EffectName":["Joker_RunAttackEnd_ShoulderHit"],"Enable_Weapon":true},null,null,null,null,null,null,null,null,null,null,null,null,null,null,null,null,null,null,null,null,{"Enable_Weapon":false},null,null,null,null,null,null,null,null,null,null,null,null,null,null,null,null,null,null,null,null,null,null,null,null,null,null,null,null,null,null,null,null,null,null,null,{"Enable_Weapon":true},null,null,null,{"EffectName":["Joker_RunAttackEnd_GroundHit"]},null,null,null,null,null,null,null,null,null,null,null,null,null,null,null,{"Enable_Weapon":false}],[null,null,null,null,null,null,null,null,null,null,null,null,null,{"EffectName":["Joker_RunAttackLoop_Distortion_L"]},null,null,null,null,null,null,null,null,null,null,null,null,null,{"EffectName":["Joker_RunAttackLoop_Distortion_R"]}],[null,null,null,null,null,null,null,null,null,null,null,null,null,null,null,null,null,null,null,null,null,null,null,null,null,null,null,null,null,{"EffectName":["Joker_RunAttackStart_SpecialAtkParticle"]}],[null,null,null,null,null,null,null,null,null,null,null,null,null,null,null,null,null,null,null,null,null,null,{"EffectName":["Joker_ShockAttack_Start"]},null,null,null,null,null,null,null,null,null,null,null,null,null,null,null,null,null,null,null,null,null,null,null,null,null,null,null,null,null,null,null,null,null,null,null,null,null,null,null,null,null,null,null,null,null,null,null,null,null,null,null,null,null,{"EffectName":["JOKERSHOCKWAVE","Joker_ShockAttack_GroundHit"]},null,null,null,null,null,null,null,null,null,null,null,null,null,null,null,null,null,null,null,null,null,null,null,{"EffectName":[]}],[{"Enable_Weapon":false},{"EffectName":["Joker_TurnOn_Passive"]},null,null,null,null,null,null,null,null,null,null,null,null,null,null,null,null,null,null,null,null,null,null,null,null,null,null,null,null,null,null,{"EffectName":["Joker_Start_Smoke"]}],[null,null,null,null,null,null,null,null,null,null,null,null,null,null,null,null,null,null,null,null,null,null,null,null,null,null,null,null,null,null,null,null,null,null,null,null,null,null,null,null,null,null,null,null,null,null,null,null,null,null,null,null,null,null,null,{"Enable_Weapon":true},null,null,null,{"EffectName":["Joker_StrongwAttack_GroundHit"]},null,null,null,null,null,null,null,null,null,null,{"Enable_Weapon":false}],null,null,[{"Enable_Weapon":false}],null,null,[{"Enable_Weapon":false}],[{"Enable_Weapon":false},null,null,null,null,null,null,null,null,null,null,null,null,null,null,null,null,null,null,null,null,null,null,null,null,null,null,null,null,null,null,null,null,null,{"Enable_Weapon":true},null,null,null,null,null,null,null,null,null,null,null,null,null,{"Enable_Weapon":false}],[{"Enable_Weapon":false},null,null,null,null,null,null,null,null,null,null,null,null,null,null,null,null,null,null,null,null,null,null,null,null,null,null,null,null,null,null,{"Enable_Weapon":true},null,null,null,null,null,null,null,null,null,{"Enable_Weapon":false}],null,null,null,null,null,[{"Enable_Weapon":false}],null,null,[{"Enable_Weapon":true},null,{"EffectName":["Joker_WheelAttackLoop_Trail"]},null,{"Enable_Weapon":false},null,null,null,null,null,null,null,null,null,null,null,{"EffectName":["Joker_WheelAttackLoop_Trail"]},null,null,null,null,null,null,null,null,{"Enable_Weapon":true},null,null,null,{"Enable_Weapon":false}],null,[{"Enable_Weapon":true},null,{"Enable_Weapon":false},null,{"EffectName":["Joker_WheelAttackLoop_Trail"]},null,null,null,{"Enable_Weapon":true},null,{"Enable_Weapon":false},null,null,null,null,null,null,{"Enable_Weapon":true},{"Enable_Weapon":false}]]}
