{"AnimationIndex":[null,[{"Enable_Weapon":false},null,null,null,null,null,null,null,null,null,null,null,null,{"Enable_Weapon":true,"Sound":[{"SoundName":"VillagerF_Voice_Attack_01.ogg","Volume":0.30000001192092896}]},{"Sound":[{"SoundName":"Knife_Shing_03.ogg","Volume":1.0}]},null,null,null,null,{"Enable_Weapon":false},null,null,null,null,{"Sound":[{"SoundName":"FootStep_VillagerF_06.ogg","Volume":1.0}]},null,null,null,null,null,null,null,null,null,null,null,null,null,null,{"Sound":[{"SoundName":"FootStep_VillagerF_06.ogg","Volume":1.0}]},null,null,null,null,null,null,null,null,null,null,null,{"Sound":[{"SoundName":"FootStep_VillagerF_06.ogg","Volume":1.0}]},null,null,null,null,null,null,null],[null,null,null,null,null,null,null,null,null,null,null,null,null,null,null,null,null,null,null,null,{"Enable_Weapon":true},{"Sound":[{"SoundName":"VillagerF_Voice_Attack_05.ogg","Volume":0.4000000059604645}]},{"Sound":[{"SoundName":"Knife_Shing_04.ogg","Volume":1.0}]},null,null,null,null,null,{"Enable_Weapon":false},{"Sound":[{"SoundName":"FootStep_VillagerF_06.ogg","Volume":1.0}]},null,null,null,null,null,null,null,null,null,{"Sound":[{"SoundName":"FootStep_VillagerF_06.ogg","Volume":1.0}]},null,null,null,null,null,null,null,null,null,null,null,null,null,null,null],[null,null,null,null,null,null,null,null,null,null,null,{"Sound":[{"SoundName":"FootStep_VillagerF_06.ogg","Volume":1.0}]},null,null,null,null,{"Enable_Weapon":true,"Sound":[{"SoundName":"VillagerF_Voice_Attack_04.ogg","Volume":1.0}]},{"Sound":[{"SoundName":"Knife_Shing_04.ogg","Volume":1.0}]},null,null,null,null,{"Enable_Weapon":false},null,null,null,null,null,{"Sound":[{"SoundName":"FootStep_VillagerF_06.ogg","Volume":1.0}]},null,null,null,null,null,null,null,null,null,null,null,null,null,null],[null,null,null,null,null,null,null,null,null,null,null,null,null,null,null,{"Sound":[{"SoundName":"FootStep_VillagerF_06.ogg","Volume":1.0}]},{"Sound":[{"SoundName":"VillagerF_Voice_AttackLong_02.ogg","Volume":1.0}]},null,null,null,null,null,null,null,null,null,null,null,null,{"Enable_Weapon":true,"Sound":[{"SoundName":"Knife_Attack_02.ogg","Volume":1.0}]},null,null,null,null,null,{"Sound":[{"SoundName":"FootStep_VillagerF_06.ogg","Volume":1.0}]},{"Enable_Weapon":false},null,null,null,null,null,null,null,null,null,null,null,null,null,null,null,null,null,null,null,null,null,null,null,{"Sound":[{"SoundName":"FootStep_VillagerF_06.ogg","Volume":1.0}]},null,null,null,null,null,null,null,null,null,null,null],[null,null,null,null,null,null,null,null,null,null,null,null,null,null,null,null,null,null,null,null,null,null,null,null,{"Sound":[{"SoundName":"FootStep_VillagerF_06.ogg","Volume":1.0}]},null,null,null,null,null,null,null,null,null,null,null,null,null,null,null,null,null,null,null,null,null,{"Sound":[{"SoundName":"VillagerF_Voice_Panic_02.ogg","Volume":0.6000000238418579}]},null,null,null,null,null,null,null,null,null,null,null,null,null,null,null,null,null,null,null,null,null,null,null,null,null,null,{"Enable_Weapon":true},null,{"Sound":[{"SoundName":"VillagerF_Voice_AttackLong_01.ogg","Volume":0.699999988079071}]},null,null,null,null,{"Sound":[{"SoundName":"Knife_Attack_03.ogg","Volume":1.0}]},null,null,{"Sound":[{"SoundName":"FootStep_VillagerF_06.ogg","Volume":1.0}]},null,null,null,null,null,null,null,null,null,null,null,null,null,null,{"Sound":[{"SoundName":"FootStep_VillagerF_06.ogg","Volume":1.0}]},null,null,null,null,null,null,null,null,null,null,{"Enable_Weapon":false},null,null,null,null,null,null,null,null,null,null,{"Sound":[{"SoundName":"FootStep_VillagerF_06.ogg","Volume":1.0}]},null,null,null,null,null,null,null,null,null,null,null,null,null,null,{"Sound":[{"SoundName":"FootStep_VillagerF_06.ogg","Volume":1.0}]},null,null,null,null,null,null,null,null,null,null,null,null,null,null,null,null,null,null,null,null,null,null,null,null,null,null,null,null,null,null,null],null,[null,{"EffectName":["Mon_KnifeWoman_Exe"]}],null,null,null,null,null,null,null,null,null,null,null,null,null,null,null,null,null,null,null,null,null,null,null,[null,{"EffectName":["Mon_KnifeWoman_HurtStunStart_Effect"]}],null,[],null,null,null,[{"Enable_Weapon":false}],[null,null,null,null,null,null,null,null,null,null,null,null,null,null,null,null,null,null,null,null,null,null,null,null,null,null,null,null,null,null,null,null,null,null,null,null,null,null,null,{"Sound":[{"SoundName":"VillagerF_Voice_Panic_03.ogg","Volume":1.0}]},null,null,null,null,null,null,null,null,null,null,null,null,null,null,null,null,null,null,null,null,null,null,null,null,null,null,null,null,null,null,null],null,[{"Enable_Weapon":false}],null,[null,null,null,null,null,null,null,null,null,null,null,{"Sound":[{"SoundName":"FootStep_VillagerF_06.ogg","Volume":1.0}]},null,null,null,null,null,null,null,null,null,null,null,null,null,null,null,null,null,null,null,null,null,null,null,null,null,null,null,null,null],[null,null,null,null,null,null,null,null,null,null,null,null,null,null,null,{"Sound":[{"SoundName":"FootStep_VillagerF_06.ogg","Volume":1.0}]},null,null,null,null,null,null,null,null,null,null,null,null,null,null,null,null,null,null,null,null,null,null,null,null,null],null,[null,null,null,null,null,null,null,null,null,null,null,null,{"Sound":[{"SoundName":"FootStep_VillagerF_06.ogg","Volume":1.0}]},null,null,null,null,null,null,null,null,null,null,null,null,null,null,null,null,null,null,null,null,{"Sound":[{"SoundName":"FootStep_VillagerF_06.ogg","Volume":1.0}]},null,null,null,null,null,null,null,null,null,null,null,null,null,null,null],[{"Enable_Weapon":false},null,null,null,null,null,null,{"Sound":[{"SoundName":"FootStep_VillagerF_06.ogg","Volume":1.0}]},null,null,null,null,null,null,null,null,null,null,null,null,null,null,null,null,null,null,null,null,null,null,null,null,{"Sound":[{"SoundName":"FootStep_VillagerF_06.ogg","Volume":1.0}]},null,null,null,null,null,null,null,null,null,null,null,null,null,null,null,null],[null,null,null,null,null,null,null,null,{"Sound":[{"SoundName":"FootStep_VillagerF_06.ogg","Volume":1.0}]},null,null,null,null,null,null,null,null,null,null,null,null,null,null,null,null,null,null,null,null,null,null,null,{"Sound":[{"SoundName":"FootStep_VillagerF_06.ogg","Volume":1.0}]},null,null,null,null,null,null,null,null,null,null,null],[null,null,null,null,null,null,null,null,null,null,null,null,{"Sound":[{"SoundName":"FootStep_VillagerF_06.ogg","Volume":1.0}]},null,null,null,null,null,null,null,null,null,null,null,null,null,null,null,null,null,null,null,null,null,null,null,null,null,{"Sound":[{"SoundName":"FootStep_VillagerF_06.ogg","Volume":1.0}]},null,null,null,null,null,null,null,null,null,null],null,null,null,null,null,null,null,null,null,null,null,null,null,null,null,null,null,[{"EffectName":["Mon_KnifeWoman_HurtStunStart_Effect"]}],[{"Enable_Weapon":false}],null,[{"Enable_Weapon":false}],null,null,null,null,null,null,[null,null,null,null,null,null,null,null,null,null,null,null,null,null,null,null,null,null,null,null,null,null,null,null,null,null,null,null,null,null,null,null,null,null,null,null,null,null,null,null,null,null,null,null,null,null,null,null,null]]}
