{"AnimationIndex":[[null,null,null,null,null,null,null,null,null,null,null,null,null,null,null,null,null,null,null,null,null,null,null,null,null,null,null,null,null,null,null,null,null,null,null,null,null,null,null,null,null,null,null,null,null,null,null,null,null,null,null,null,null,null,null,null,null,null,null,null,null,null,null,null,null,null,null,null,null,null,null,null,null,null,null,null,null,null,null,null,null,null,null,null,null,null,null,null,null,null,null,null,{"Enable_Weapon":false},null,null,null,null,null,null,null,null,null,null,null,null,null,null,null,null,null,null,null,null,null,null,null,null,null,null,null,null,null,null,null,null,null,null,null,null,null,null,null,null,null,null,null,null,null,null,null,null,null,null,null,null,null,null,null,null,null,null,null,null,null,null,null,null,null,null,null,null,null,null,null,null,null,null,null,null,null,null,null,null,null,null,null,null,null,null,null,null,null,null,null,null,null,null,null,null,null,null,null,null,null,null,null,null,null,null,null,null,null,null,null,null,null,null,null,null,null,null,null,null,null,null,null,null,null,null,null,null,null,null,null,null,null,null,null,null,null,null,null,null,null,null,null,null,null,null,null,null,null,null,null,null,null,null,null,null,null,null,null,null,null,null,null,null,null,null,null,null],[{"Enable_Weapon":false},null,null,null,null,null,null,null,null,null,null,null,null,null,null,null,null,null,null,null,null,null,null,null,null,{"Sound":[{"SoundName":"Fantasy_Game_Footstep_Dirt_Medium_C.ogg","Volume":1.0}]},null,null,null,null,null,null,null,null,null,null,null,null,null,null,null,null,null,null,null,null,null,null,{"Sound":[{"SoundName":"Fantasy_Game_Footstep_Dirt_Medium_C.ogg","Volume":1.0}]}],[null,null,null,null,null,null,null,null,null,null,null,null,null,null,null,null,null,null,{"Sound":[{"SoundName":"Fantasy_Game_Footstep_Dirt_Medium_C.ogg","Volume":1.0}]},null,null,null,null,null,null,null,null,null,null,null,null,null,null,null,null,null,null,null,null,null,null,null,null,null,null,null,null,null,null,null,null,null,{"Sound":[{"SoundName":"Fantasy_Game_Footstep_Dirt_Medium_C.ogg","Volume":1.0}]},null,null,null,null,null,null,null,null,null,null,null,null,null,null,null,null,null,null,null,null,null,null,null,null,null,null,null,null],[null,null,null,null,null,null,null,null,null,null,null,null,null,null,null,null,null,null,null,null,null,null,null,null,null,null,null,null,null,null,null,null,{"Sound":[{"SoundName":"Fantasy_Game_Footstep_Dirt_Medium_C.ogg","Volume":1.0}]},null,null,null,null,null,null,null,null,null,null,null,null,null,null,null,null,null,null,null,null,null,null,null,null,null,null,null,null,null,null,null,null,null,null,null,null,null,null,null,null,{"Sound":[{"SoundName":"Fantasy_Game_Footstep_Dirt_Medium_C.ogg","Volume":1.0}]}],[null,null,null,null,null,null,null,null,null,null,null,null,null,null,null,null,null,null,null,null,null,null,null,null,null,null,null,null,null,null,null,null,null,null,null,null,null,null,null,null,null,null,null,null,null,null,null,null,null,null,null,null,null,null,null,null,null,null,null,null,null,null,null,null,null,null,null,null,null,null,null,null,null,null,null,null,null,null,null,null,null,null,null,null,{"Sound":[{"SoundName":"Fantasy_Game_Footstep_Dirt_Medium_C.ogg","Volume":1.0}]},null,null,null,null,null,null,null,null,null,{"Sound":[{"SoundName":"VillagerM_Voice_AttackMed_01.ogg","Volume":1.0}]},null,null,null,null,null,null,null,null,null,null,null,null,null,{"Enable_Weapon":true},null,null,{"Sound":[{"SoundName":"Attack_Light_01.ogg","Volume":1.0}]},null,null,null,null,null,null,null,null,null,null,null,null,null,null,null,null,null,null,{"Enable_Weapon":false},null,null,null,null,null,null,null,null,null,null,null,null,null,null,null,{"Sound":[{"SoundName":"Fantasy_Game_Footstep_Dirt_Medium_C.ogg","Volume":1.0}]},null,null,null,null,null,null,null,null,null,null,null,null,null,null,null,null,null,null,null,null,null,null,null,null,null,null,null,null,null,null,null,null,null,null,null,null,null,null,null,null,null,null,null,null,null,null,null,null,null,null,null,null,null,null,null,null,null,null,null,null,null,null,null,null,null,null,null,null,null,null,null,null,null,null,null,null,null,null,null,null,null,null,null,null,null,null,null,null,null,null,null,null,null,null,null,null,null,null,null,null,null,null,null,null,null,null,{"Sound":[{"SoundName":"Fantasy_Game_Footstep_Dirt_Medium_C.ogg","Volume":1.0}]},null,null,null,null,null,null,null,null,null,null,null,null,null,null,null,null,null,null,null,null,null,null,null,null,null,{"Sound":[{"SoundName":"Fantasy_Game_Footstep_Dirt_Medium_C.ogg","Volume":1.0}]},null,null,null,null,null,null,null,null,null,null,null,null,null,null,null,null,null,null,null,null,null,null,null],[null,null,null,null,null,null,{"Sound":[{"SoundName":"Fantasy_Game_Footstep_Dirt_Medium_C.ogg","Volume":1.0},{"SoundName":"VillagerM_Voice_AttackMed_02.ogg","Volume":1.0}]},null,null,null,null,null,null,null,null,null,null,null,null,null,null,null,null,null,null,{"Sound":[{"SoundName":"Fantasy_Game_Footstep_Dirt_Medium_C.ogg","Volume":1.0}]},null,null,null,null,null,null,null,null,null,null,null,null,null,null,null,null,null,null,null,null,null,null,null,null,null,null,null,null,{"Sound":[{"SoundName":"Fantasy_Game_Footstep_Dirt_Medium_C.ogg","Volume":1.0}]},null,null,null,null,null,null,null,{"Sound":[{"SoundName":"Fantasy_Game_Footstep_Dirt_Medium_C.ogg","Volume":1.0}]},null,null,null,null,null,null,null,null,null,null,null,null,null,null,null,null,null,null,null,null,{"Sound":[{"SoundName":"Fantasy_Game_Footstep_Dirt_Medium_C.ogg","Volume":1.0}]},{"Enable_Weapon":true,"Sound":[{"SoundName":"VillagerM_Voice_AttackLong_03.ogg","Volume":1.0}]},null,null,{"Sound":[{"SoundName":"Attack_Light_02.ogg","Volume":1.0}]},null,null,null,null,null,null,null,null,null,null,null,null,null,null,null,{"Enable_Weapon":false},null,null,null,null,null,null,null,null,null,null,null,null,null,null,null,null,null,null,null,null,null,null,null,null,null,null,null,null,null,null,null,null,null,null,null,null,null,null,null,null,null,null,null,null,null,null,null,null,null,null,null,null,null,null,null,null,null,null,null,null,null,null,null,null,null,null,null,null,null,null,null,null,null,null,null,null,null,null,null,null,null,null,null,null,null],[null,{"Sound":[{"SoundName":"VillagerM_Voice_Hurt_04.ogg","Volume":1.0}]},null,null,null,null,null,null,null,null,null,null,null,null,null,null,null,null,null,null,null,null,null,null,null,null,null,null,null,null,null,null,null,null,null,null,null,null,null,null,null,null,{"Sound":[{"SoundName":"Fantasy_Game_Footstep_Dirt_Medium_C.ogg","Volume":1.0}]},null,null,{"Enable_Weapon":true},null,null,null,null,{"Sound":[{"SoundName":"Attack_Light_03.ogg","Volume":1.0}]},null,null,null,{"Sound":[{"SoundName":"VillagerM_Voice_AttackLong_02.ogg","Volume":1.0}]},null,null,null,null,null,null,null,null,null,null,null,null,null,null,null,null,{"Enable_Weapon":false},null,null,null,null,null,null,null,null,null,null,null,null,null,null,null,null,null,null,null,{"Sound":[{"SoundName":"Fantasy_Game_Footstep_Dirt_Medium_C.ogg","Volume":1.0}]},null,null,null,null,null,null,null,null,null,null,null,null,null,null,null,null,null,null,null,null,null,null,null,null,null,null,null,null,null,null,null,null,null,null,{"Sound":[{"SoundName":"Fantasy_Game_Footstep_Dirt_Medium_C.ogg","Volume":1.0}]},null,null,null,null,null,null,null,null,null,null,null,null,null,null,null,null,null,null],[null,null,null,null,null,null,null,null,null,null,null,null,null,null,null,null,null,null,{"Sound":[{"SoundName":"Fantasy_Game_Footstep_Dirt_Medium_C.ogg","Volume":1.0}]},null,null,null,null,null,null,null,null,null,null,null,{"Sound":[{"SoundName":"Kick_01_03.ogg","Volume":1.0}]},null,{"Sound":[{"SoundName":"VillagerM_Voice_Attack_04.ogg","Volume":1.0}]},null,null,null,{"EffectName":["COllider_AxeManAtk4"]},null,null,null,null,null,null,null,null,null,null,null,null,null,null,null,null,null,null,null,null,null,null,null,{"Sound":[{"SoundName":"Fantasy_Game_Footstep_Dirt_Medium_C.ogg","Volume":1.0}]},null,null,null,null,null,null,null,null,null,null,null,null,null,null,null,null,null,null,null,null,null,null,null,null,null,null,null,null,null,null,{"Sound":[{"SoundName":"Fantasy_Game_Footstep_Dirt_Medium_C.ogg","Volume":1.0}]},null,null,null,null,null,null,null,null,null,null,null,null,null,null,null,null,null,null,null,null,null,null,null,null,null,null,null,null,null,null,null,{"Sound":[{"SoundName":"VillagerM_Voice_AttackLong_02.ogg","Volume":1.0}]},null,null,null,null,null,null,null,null,null,{"Enable_Weapon":true},{"Sound":[{"SoundName":"Attack_Light_04.ogg","Volume":1.0}]},null,null,{"Sound":[{"SoundName":"Fantasy_Game_Footstep_Dirt_Medium_C.ogg","Volume":1.0}]},null,null,null,null,null,null,null,null,null,null,null,null,null,null,null,null,null,{"Enable_Weapon":false},null,null,null,null,null,null,null,null,null,null,null,null,null,null,null,null,null,null,null,null,null,null,null,null,null,null,null,null,null,null,null,null,null,null,null,null,null,null,null,null,null,null,null,null,null,null,null,null,null,null,null,null,null,null,null,null,null,null,null,{"Sound":[{"SoundName":"Fantasy_Game_Footstep_Dirt_Medium_C.ogg","Volume":1.0}]},null,null,null,null,null,null,null,null,null,null,null,null,null,null,null,null,null,null,null,null,null,null,null,null,null,null,null,null,null,null,null,null,null,null,null,null,null,null,null,{"Sound":[{"SoundName":"Fantasy_Game_Footstep_Dirt_Medium_C.ogg","Volume":1.0}]},null,null,null,null,null,null,null,null,null,null,null,null,null,null,null,null,null,null,null],[null,null,null,null,null,null,null,null,null,null,null,null,null,null,{"Sound":[{"SoundName":"Fantasy_Game_Footstep_Dirt_Medium_C.ogg","Volume":1.0}]},null,null,null,null,null,{"Sound":[{"SoundName":"VillagerM_Voice_AttackMed_02.ogg","Volume":1.0}]},null,null,null,null,null,null,null,{"Sound":[{"SoundName":"Fantasy_Game_Footstep_Dirt_Medium_C.ogg","Volume":1.0}]},null,null,null,null,null,null,null,null,null,null,null,null,null,null,null,null,null,null,null,null,null,null,null,null,null,null,null,null,null,null,null,null,null,null,null,{"Sound":[{"SoundName":"Fantasy_Game_Footstep_Dirt_Medium_C.ogg","Volume":1.0}]},null,{"Enable_Weapon":true},null,null,null,null,null,{"Sound":[{"SoundName":"VillagerM_Voice_AttackMed_01.ogg","Volume":1.0},{"SoundName":"Attack_Light_05.ogg","Volume":1.0}]},null,{"Sound":[{"SoundName":"Fantasy_Game_Footstep_Dirt_Medium_C.ogg","Volume":1.0}]},null,null,null,null,null,null,null,null,null,null,null,null,null,null,null,null,null,null,null,null,{"Enable_Weapon":false},null,null,null,null,null,null,null,null,null,null,null,null,null,null,null,null,null,null,null,null,null,null,null,null,null,null,null,null,null,null,null,null,null,null,null,null,null,null,null,null,null,null,null,null,null,null,null,null,null,{"Sound":[{"SoundName":"VillagerM_Voice_Cough_01.ogg","Volume":1.0}]},null,null,null,null,null,null,null,null,null,null,null,null,null,null,null,null,null,null,null,null,null,null,null,null,null,null,null,null,null,null,null,null,null,null,null,null,null,null,null,null,null,null,null,null,null,null,null,null,null,null,null,null,null,null,null,null,null,null,null,null,null,null,null,null,null,null,null,null,null,null,null],[null,null,null,null,null,null,null,null,null,null,null,null,null,null,null,null,null,{"Sound":[{"SoundName":"Fantasy_Game_Footstep_Dirt_Medium_C.ogg","Volume":1.0}]},null,null,null,null,null,null,null,null,null,null,null,null,{"Sound":[{"SoundName":"Kick_01_03.ogg","Volume":1.0}]},null,{"Sound":[{"SoundName":"VillagerM_Voice_Attack_04.ogg","Volume":1.0}]},{"EffectName":["AxeManFootAtk"]},null,null,null,null,null,null,null,null,null,null,null,null,null,null,null,null,null,null,null,null,null,null,null,{"Sound":[{"SoundName":"Fantasy_Game_Footstep_Dirt_Medium_C.ogg","Volume":1.0}]},null,null,null,null,null,null,null,null,null,null,null,null,null,null,null,null,null,null,null,null,null,null,null,null,null,{"Sound":[{"SoundName":"Fantasy_Game_Footstep_Dirt_Medium_C.ogg","Volume":1.0}]},null,null,null,null,null,null,null,null,null,null,null,null,null,null,null,null,null,null,null,null,null,null,null,null,null,null,null,{"Sound":[{"SoundName":"Fantasy_Game_Footstep_Dirt_Medium_C.ogg","Volume":1.0}]},null,null,null,null,null,null,null,null,null,null,null,null,null,null,null,null,null,null,null,null,null,null,null,null,null,null,null,null,null,null,null,null,null,null,null,null,null],[{},{"EffectName":["Mon_AxeMan_Exe"],"Sound":[{"SoundName":"VillagerM_Voice_Die_01.ogg","Volume":1.0}]},null,null,null,null,null,null,null,null,null,null,null,null,null,null,null,null,null,null,null,null,null,null,null,null,null,null,null,null,null,null,null,null,null,null,null,null,null,null,null,null,null,null,null,null,null,null,null,null,null,null,null,null,null,null,null,null,null,null,null,null,null,null,null,null,null,null,null,null,null,null,null,null,null,null,null,null,null,null,null,null,null,null,null,null,null,null,null,null,null,null,null,null,null,null],null,null,null,null,null,null,null,null,null,null,null,null,null,[null,null,{"EffectName":["BasicMobHitEffect"]}],[null,null,null,null,null,{"Sound":[{"SoundName":"VillagerM_Voice_Hurt_02.ogg","Volume":0.5}]},null,null,null,null,null,null,null,null,null,null,null,null,null,null,null,{"Sound":[{"SoundName":"FootStep_VillagerM_06.ogg","Volume":1.0}]},null,null,null,null,null,null,null,null,null,null,null,null,null,null,{"Sound":[{"SoundName":"FootStep_VillagerM_06.ogg","Volume":1.0}]},null,null,null,null,null,null,null,null,null,null,null,null,null,null,null,null,null,null,null,null,null,null,null,null,null,null,null,{"Sound":[{"SoundName":"FootStep_VillagerM_06.ogg","Volume":1.0}]},null,null,null,null,null,null],[null,null,null,null,null,null,{"Sound":[{"SoundName":"VillagerM_Voice_Hurt_03.ogg","Volume":0.5}]},null,null,null,null,{"Sound":[{"SoundName":"FootStep_VillagerM_06.ogg","Volume":1.0}]},null,null,null,null,null,null,null,null,null,null,null,null,null,null,null,null,null,null,null,null,null,{"Sound":[{"SoundName":"FootStep_VillagerM_06.ogg","Volume":1.0}]},null,null,null,null,null,null,null,null,null,null,null,null,null,null,null,null,null,null,null,null,null,null,null,null,null,null,{"Sound":[{"SoundName":"FootStep_VillagerM_06.ogg","Volume":1.0}]},null,null,null,null,null,null,null,null,null,null],[null,null,null,null,null,null,null,null,null,null,null,null,null,null,null,null,null,null,null,null,null,null,null,null,{"Sound":[{"SoundName":"VillagerM_Voice_Cough_02.ogg","Volume":1.0}]},null,null,null,null,null,null,null,null,null,null,null,null,null,null,null,null,null,null,null,null,null,null,null,null,null,null,null,null,null,null,null,null,null,null,null,null,null,null,null,null,null,null,null,null,null,null,null,null,null,null,null,null,null,null,null,null,null,null,null,{"Sound":[{"SoundName":"FootStep_VillagerM_06.ogg","Volume":1.0}]},null,null,null,null,null,null,null,null,null,null,null,null,null,null,null,null,null,null,{"Sound":[{"SoundName":"FootStep_VillagerM_06.ogg","Volume":1.0}]},null,null,null,null,null,null,null,null,null,null,null,null,null],null,[{"EffectName":["Mon_AxeMan_HurtStunStart_Effect"]},{"Sound":[{"SoundName":"FootStep_VillagerM_03.ogg","Volume":1.0}]},null,null,null,null,null,null,{"Sound":[{"SoundName":"VillagerM_Voice_Hurt_03.ogg","Volume":0.5}]},null,null,null,null,null,null,null,null,null,null,null,null,{"Sound":[{"SoundName":"FootStep_VillagerM_03.ogg","Volume":1.0}]},null,null,null,null,null,null,null,null,null,null,null,null,null,null,null,null,null,null,null,null,null,null,null,null,null,null,null,null,null,null,null,null,null,{"Sound":[{"SoundName":"FootStep_VillagerM_03.ogg","Volume":1.0}]},null,null,null,null,null,null,null,null,null,null,{"Sound":[{"SoundName":"VillagerM_Voice_Cough_07.ogg","Volume":0.30000001192092896}]},null,null,null,null,null,null,null,null,null,null,null,null,null,null,null,null,null,null,null,null,null,null,null,null],[null,null,null,null,null,null,null,null,null,null,null,null,null,null,null,null,null,null,null,null,null,null,null,null,null,null,null,null,null,null,null,null,null,null,null,null,null,null,null,null,null,null,null,null,null,null,null,null,null,null,null,null,null,null,null,null,null,null,null,null,null,null,null,null,null,null,null,null,null,null,null,null,null,null,null,null,null,null,null,null,null,null,null,null,null,null,null,null,null,null,null,null,null,null,null,null,null,null,null,null,null,null,null,null,null,null,null,null,null,null,null,null,null,null,null,null,null,null,null,null,null,null,null,null,null,null,null,null,null,null,null,{"Enable_Weapon":false}],null,[null,null,null,null,null,null,null,null,null,null,null,null,null,null,null,null,null,null,null,null,null,null,null,null,null,null,null,null,null,null,null,null,{"Enable_Weapon":false}],[null,null,null,null,null,null,null,null,null,null,null,null,null,null,null,null,null,null,null,null,null,{"Sound":[{"SoundName":"FootStep_VillagerM_06.ogg","Volume":1.0}]},null,null,null,null,null,{"Sound":[{"SoundName":"VillagerM_Voice_Hurt_04.ogg","Volume":0.5}]},null,null,null,null,null,null,null,null,null,null,null,null,null,null,null,null,null,null,null,null,null,null,null,null,null,null,null,null,null,null,null,null,null,null,null,null,null,null,{"Sound":[{"SoundName":"FootStep_VillagerM_06.ogg","Volume":1.0}]},null,null,null,null,null,null,null,null,null,null,null,null,null,null,null,{"Sound":[{"SoundName":"FootStep_VillagerM_06.ogg","Volume":1.0}]},null,null,null,null,null,null,null,null],null,null,null,[null,null,null,null,null,null,null,null,null,null,null,null,null,null,null,null,null,null,null,null,null,null,null,null,null,null,null,null,null,null,null,null,null,null,null,null,{"Sound":[{"SoundName":"VillagerM_Voice_Hurt_01.ogg","Volume":1.0}]},null,null,{"Sound":[{"SoundName":"WoodHeavtHit02.ogg","Volume":0.5}]},null,null,null,null,null,null,null,null,null,null,null,null,null,null,null,null,null,null,null,null,null,null,null,null,null,null,null,null,null,null,null,null,null,null,null,null,null,null,{"Enable_Weapon":false},null,null,null,null,null,null,null,null,null,null,null,null,null,null,null,{"Sound":[{"SoundName":"VillagerM_Voice_Hurt_02.ogg","Volume":1.0}]},null,{"Sound":[{"SoundName":"WoodHeavtHit02.ogg","Volume":0.5}]},null,null,null,null,null,null,null,null,null,null,null,null,null,null,null,null,null,null,null,null,null,null,null,null,null,null,null,null,null,null,null,null,null,null,null,null,null,null,null,null,null,null,null,null,null,null,null,null,null,null,null,null,null,null,null,null,null,null,null,null,null,null,null,null,null,null,null,null,null,null,null,null,null,null,null,null,null,{"Sound":[{"SoundName":"VillagerM_Voice_Hurt_04.ogg","Volume":1.0}]},null,null,{"Sound":[{"SoundName":"WoodHeavtHit02.ogg","Volume":0.5}]},null,null,null,null,null,null,null,null,null,null,null,null,null,null,null,null,null,null,null,null,null,null,null,null,null,null,null,null,null,null,null,null,null,null,null,null,null,null,null,null,null,null,null,null,null,null,null,null,null,null,null,null,null,null,null,null,null,null,null,null,null,null,null,null,null,null,null,null,null,null,null,null,null],null,null,null,[null,null,null,null,null,null,null,null,null,null,null,null,null,null,null,null,null,null,null,null,null,null,null,{"Sound":[{"SoundName":"Fantasy_Game_Footstep_Dirt_Medium_C.ogg","Volume":1.0}]},null,null,null,null,null,null,null,null,null,null,null,null,null,null,null,null,null,null,null,null,null,null,null,null,null,null,null,null,null,null,null,null,null,null,null,{"Sound":[{"SoundName":"Fantasy_Game_Footstep_Dirt_Medium_C.ogg","Volume":1.0}]},null,null,null,null,null,null,null,null,null],[null,null,null,null,null,null,null,null,null,null,null,null,null,null,null,null,null,null,null,null,null,null,null,{"Sound":[{"SoundName":"Fantasy_Game_Footstep_Dirt_Medium_C.ogg","Volume":1.0}]},null,null,null,null,null,null,null,null,null,null,null,null,null,null,null,null,null,null,null,null,null,null,null,null,null,null,null,null,null,null,null,null,null,null,{"Sound":[{"SoundName":"Fantasy_Game_Footstep_Dirt_Medium_C.ogg","Volume":1.0}]},null,null,null,null,null,null,null,null,null,null],[null,null,null,null,null,null,null,null,null,null,null,null,null,null,null,null,null,null,{"Sound":[{"SoundName":"Fantasy_Game_Footstep_Dirt_Medium_C.ogg","Volume":1.0}]},null,null,null,null,null,null,null,null,null,null,null,null,null,null,null,null,null,null,null,null,null,null,null,null,null,null,null,null,null,null,null,null,null,null,null,{"Sound":[{"SoundName":"Fantasy_Game_Footstep_Dirt_Medium_C.ogg","Volume":1.0}]},null,null,null,null,null,null,null,null,null,null,null,null,null,null],[null,null,null,{},null,null,null,null,null,null,null,null,null,null,null,null,null,null,{"Sound":[{"SoundName":"Fantasy_Game_Footstep_Dirt_Medium_C.ogg","Volume":1.0}]},null,null,null,null,null,null,null,null,null,null,null,null,null,null,null,null,null,null,null,null,null,null,null,null,null,null,null,null,null,null,{"Sound":[{"SoundName":"Fantasy_Game_Footstep_Dirt_Medium_C.ogg","Volume":1.0}]},null,null,null,null,null,null,null,null,null,null,null,null,null,null,null,null,null,null,null],[{"Enable_Weapon":false},null,null,null,null,null,null,null,null,null,null,null,null,null,null,null,null,null,null,{"Sound":[{"SoundName":"Fantasy_Game_Footstep_Dirt_Medium_C.ogg","Volume":1.0}]},null,null,null,null,null,null,null,null,null,null,null,null,null,null,null,null,null,null,null,null,null,null,null,null,null,null,null,null,null,null,null,null,null,{"Sound":[{"SoundName":"Fantasy_Game_Footstep_Dirt_Medium_C.ogg","Volume":1.0}]},null,null,null,null,null,null,null,null,null,null,null,null,null,null,null],[null,null,null,null,null,null,null,null,null,null,null,null,null,null,null,{"Sound":[{"SoundName":"Fantasy_Game_Footstep_Dirt_Medium_C.ogg","Volume":1.0}]},null,null,null,null,null,null,null,null,null,null,null,null,null,null,null,null,null,null,null,null,null,null,null,null,null,null,null,null,null,null,null,null,null,null,null,null,{"Sound":[{"SoundName":"Fantasy_Game_Footstep_Dirt_Medium_C.ogg","Volume":1.0}]},null,null,null,null,null,null,null,null,null,null,null,null,null,null,null,null],[null,null,null,null,null,null,null,null,null,null,null,{"Sound":[{"SoundName":"Fantasy_Game_Footstep_Dirt_Medium_C.ogg","Volume":1.0}]},null,null,null,null,null,null,null,null,null,null,null,null,null,null,null,null,null,null,null,null,null,null,null,null,null,null,null,null,null,null,null,null,null,null,null,null,null,null,{"Sound":[{"SoundName":"Fantasy_Game_Footstep_Dirt_Medium_C.ogg","Volume":1.0}]},null,null,null,null,null,null,null,null,null,null,null,null,null,null,null,null,null,null],[null,null,null,null,null,null,null,null,null,null,null,null,null,null,null,null,null,null,null,null,null,null,null,null,null,null,null,null,null,null,null,null,null,null,null,null,null,null,null,null,null,null,null,null,null,null,null,null,null,null,null,null,null,null,null,null,null,null,null,null,null,null,null,null,null,null,null,null,null,null,null,null,null,null,null,null,null,null,null,null,null,null,null,null,null,null,null,null,null,null,null,null,null,null,null,null,null,null,null,null,null,null,null,null,null,null,null,null,null,null,null,null,null,null,null,null,null,null,null,null,null,null,null,null,null,null,null,null,null,null,null,null,null,null,null,null,null,null,null,null,null,null,null,null,null,null,null,null,null,null,null,null,null,null,null,null,null,null,null,null,null,null,null,null,null,null,null,null,null,null,null,null,null,null,null,null,null,null,null,null,null,null,null,null,null,null,null,null,null,null,null,null,null,null,null,null,null,null,null,null,null,null,null,null,null,null,null,null,null,null,null,null,null,null,null,null,null,null,null,null,null,null,null,null,null,null,null,null,null,null,null,null,null,null,null,null,null,null,null,null,null,null,null,null,null,null,null,null,null,null,null,null,null,null,null,null,null,null,null,null,null,null,null,null,null,null,null,null,null,null,null,null,null,null,null,null,null,null,null,null,null,null,null,null,null,null,null,null,null,null,null,null,null,null,null,null,null,null,null,null,null,null,null,null,null,null,null,null,null,null,null,null,null,null,null,null,null,null,null,null,null,null,null,null,null,null,null,null,null,null,null,null,null,null,null,null,null,null,null,null,null,null,null,null,null,null,null,null,null,null,null,null,null,null,null,null,null,null,null,null,null,null,null,null,null,null,null,null,null,null,null,null,null,null,null,null,null,null,null,null,null,null,null,null,null,null,null,null,null,null]]}
