{"AnimationIndex":[null,[{"Enable_Weapon":false},null,null,null,null,null,null,null,null,null,null,null,null,{"Enable_Weapon":true},null,null,null,null,null,{"Enable_Weapon":false}],[null,null,null,null,null,null,null,null,null,null,null,null,null,null,null,null,null,null,null,null,{"Enable_Weapon":true},null,null,null,null,null,null,null,{"Enable_Weapon":false}],[null,null,null,null,null,null,null,null,null,null,null,null,null,null,null,null,{"Enable_Weapon":true},null,null,null,null,null,{"Enable_Weapon":false}],[null,null,null,null,null,null,null,null,null,null,null,null,null,null,null,null,null,null,null,null,null,null,null,null,null,null,null,null,null,{"Enable_Weapon":true},null,null,null,null,null,null,{"Enable_Weapon":false}],[null,null,null,null,null,null,null,null,null,null,null,null,null,null,null,null,null,null,null,null,null,null,null,null,null,null,null,null,null,null,null,null,null,null,null,null,null,null,null,null,null,null,null,null,null,null,null,null,null,null,null,null,null,null,null,null,null,null,null,null,null,null,null,null,null,null,null,null,null,null,null,null,null,{"Enable_Weapon":true},null,null,null,null,null,null,null,null,null,null,null,null,null,null,null,null,null,null,null,null,null,null,null,null,null,null,null,null,null,null,null,null,null,null,null,{"Enable_Weapon":false}],null,[null,{"EffectName":["Mon_KnifeWoman_Exe"]}],null,null,null,null,null,null,null,null,null,null,null,null,null,null,null,[null,{"EffectName":["Mon_Shieldman_HurtStunStart_Effect"]}],null,null,null,null,null,null,null,[null,{"EffectName":["Mon_KnifeWoman_HurtStunStart_Effect"]}],null,[],null,null,null,[{"Enable_Weapon":false}],null,null,[{"Enable_Weapon":false}],null,null,null,null,null,[{"Enable_Weapon":false}],null,null,null,null,null,null,null,null,null,null,null,null,null,null,null,null,null,null,null,[{"EffectName":["Mon_KnifeWoman_HurtStunStart_Effect"]}],[{"Enable_Weapon":false}],null,[{"Enable_Weapon":false}]]}
