{"AnimationIndex":[null,null,null,null,null,[null,null,null,null,null,null,null,null,null,null,null,null,null,null,null,null,null,null,null,null,null,null,null,null,null,null,null,null,null,null,null,null,null,null,null,null,null,null,null,null,null,null,null,null,null,null,null,null,null,null,null,null,null,null,null,null,null,null,null,null,null,null,null,null,null,{"Enable_Weapon":true},null,null,null,null,null,null,null,null,null,{"Enable_Weapon":false},null,null,null,null,null,null,null,null,null,null,null,null,null,null,null,null,null,null,null,null,null,null,null,null,null,null,null,null,null,null,null,null,null,null,null,null,null,null,null,null,null,null,null,null,null,null,null,null,null,null,null,null,null,null,null,null,{"Enable_Weapon":true},null,null,null,null,null,null,{"Enable_Weapon":false},null,null,null,null,null,null,null,null,null,null,null,null,null,{"Enable_Weapon":true},null,null,null,null,null,null,null,null,null,null,null,{"Enable_Weapon":false}],null,null,null,null,null,null,null,null,null,null,null,null,null,null,null,null,null,null,[null,null,null,null,null,null,null,null,null,null,null,null,null,null,null,null,{"Enable_Weapon":true},null,null,null,{"Enable_Weapon":false}],[null,null,null,null,null,null,{"Enable_Weapon":true},null,null,{"Enable_Weapon":false},null,null,null,null,null,null,null,null,null,null,null,null,null,null,null,null,null,null,null,{"Enable_Weapon":true},null,null,null,{"Enable_Weapon":false}],[null,null,null,null,null,null,null,null,null,null,null,null,null,null,null,null,null,null,null,null,null,null,null,null,null,null,null,null,null,null,null,null,null,null,null,null,null,null,null,null,null,{"Enable_Weapon":true},null,null,null,null,null,null,null,{"Enable_Weapon":false}],[null,null,null,null,null,null,null,null,null,null,null,null,null,null,null,null,null,null,null,null,null,null,null,null,null,null,null,null,null,null,{"Enable_Weapon":true},null,null,null,null,{"Enable_Weapon":false}]]}
