[{"Model":{"ChronosMesh_Crystal_Main_Wisp":{"FilePath":"..\\Bin\\Resources\\Meshes\\EffectMesh\\Particle\\ChronosMesh_Crystal_Main_Wisp.bin","ModelType":0,"TransformMatrix":[[-0.009999999776482582,0.0,0.0,0.0],[0.0,0.009999999776482582,0.0,0.0],[0.0,0.0,-0.009999999776482582,0.0],[0.0,0.0,0.0,1.0]]},"Corvus":{"FilePath":"../Bin/Resources/Meshes/Corvus/Corvus.fbx","ModelType":1,"TransformMatrix":[[-0.009999999776482582,0.0,0.0,0.0],[0.0,0.009999999776482582,0.0,0.0],[0.0,0.0,-0.009999999776482582,0.0],[0.0,0.0,0.0,1.0]]},"CorvusDefaultDagger":{"FilePath":"../Bin/Resources/Meshes/Corvus/Weapon/Corvus_DefaultDagger/Corvus_DefaultDagger.fbx","ModelType":0,"TransformMatrix":[[0.009999999776482582,0.0,0.0,0.0],[0.0,-1.19209286886246e-09,-0.009999998845160007,0.0],[0.0,0.009999998845160007,-1.19209286886246e-09,0.0],[0.0,0.0,0.0,1.0]]},"CorvusDefaultSaber":{"FilePath":"../Bin/Resources/Meshes/Corvus/Weapon/Corvus_DefaultSaber/Corvus_DefaultSaber.fbx","ModelType":0,"TransformMatrix":[[0.009999999776482582,0.0,0.0,0.0],[0.0,-1.19209286886246e-09,-0.009999998845160007,0.0],[0.0,0.009999998845160007,-1.19209286886246e-09,0.0],[0.0,0.0,0.0,1.0]]},"EffectMesh0008":{"FilePath":"..\\Bin\\Resources\\Meshes\\EffectMesh\\Particle\\EffectMesh0008.bin","ModelType":0,"TransformMatrix":[[-0.009999999776482582,0.0,0.0,0.0],[0.0,0.009999999776482582,0.0,0.0],[0.0,0.0,-0.009999999776482582,0.0],[0.0,0.0,0.0,1.0]]},"EffectMesh0131":{"FilePath":"..\\Bin\\Resources\\Meshes\\EffectMesh\\Particle\\EffectMesh0131.bin","ModelType":0,"TransformMatrix":[[-0.009999999776482582,0.0,0.0,0.0],[0.0,0.009999999776482582,0.0,0.0],[0.0,0.0,-0.009999999776482582,0.0],[0.0,0.0,0.0,1.0]]},"EffectMesh0254":{"FilePath":"..\\Bin\\Resources\\Meshes\\EffectMesh\\Particle\\EffectMesh0254.bin","ModelType":0,"TransformMatrix":[[-0.009999999776482582,0.0,0.0,0.0],[0.0,0.009999999776482582,0.0,0.0],[0.0,0.0,-0.009999999776482582,0.0],[0.0,0.0,0.0,1.0]]},"EffectMesh0255":{"FilePath":"..\\Bin\\Resources\\Meshes\\EffectMesh\\Particle\\EffectMesh0255.bin","ModelType":0,"TransformMatrix":[[-0.009999999776482582,0.0,0.0,0.0],[0.0,0.009999999776482582,0.0,0.0],[0.0,0.0,-0.009999999776482582,0.0],[0.0,0.0,0.0,1.0]]},"EffectMesh0869":{"FilePath":"..\\Bin\\Resources\\Meshes\\EffectMesh\\Particle\\EffectMesh0869.bin","ModelType":0,"TransformMatrix":[[-0.009999999776482582,0.0,0.0,0.0],[0.0,0.009999999776482582,0.0,0.0],[0.0,0.0,-0.009999999776482582,0.0],[0.0,0.0,0.0,1.0]]},"MS_AttackWave_01":{"FilePath":"..\\Bin\\Resources\\Meshes\\EffectMesh\\Particle\\MS_AttackWave_01.bin","ModelType":0,"TransformMatrix":[[-0.009999999776482582,0.0,0.0,0.0],[0.0,0.009999999776482582,0.0,0.0],[0.0,0.0,-0.009999999776482582,0.0],[0.0,0.0,0.0,1.0]]},"MS_Plane_01":{"FilePath":"..\\Bin\\Resources\\Meshes\\EffectMesh\\Particle\\MS_Plane_01.bin","ModelType":0,"TransformMatrix":[[-0.009999999776482582,0.0,0.0,0.0],[0.0,0.009999999776482582,0.0,0.0],[0.0,0.0,-0.009999999776482582,0.0],[0.0,0.0,0.0,1.0]]},"SMFX_Sphere_01":{"FilePath":"..\\Bin\\Resources\\Meshes\\EffectMesh\\Particle\\SMFX_Sphere_01.bin","ModelType":0,"TransformMatrix":[[-0.009999999776482582,0.0,0.0,0.0],[0.0,0.009999999776482582,0.0,0.0],[0.0,0.0,-0.009999999776482582,0.0],[0.0,0.0,0.0,1.0]]},"SMFX_WeaponCircle_01":{"FilePath":"..\\Bin\\Resources\\Meshes\\EffectMesh\\Particle\\SMFX_WeaponCircle_01.bin","ModelType":0,"TransformMatrix":[[-0.009999999776482582,0.0,0.0,0.0],[0.0,0.009999999776482582,0.0,0.0],[0.0,0.0,-0.009999999776482582,0.0],[0.0,0.0,0.0,1.0]]},"SMFX_WeaponTrailMesh_01":{"FilePath":"..\\Bin\\Resources\\Meshes\\EffectMesh\\Particle\\SMFX_WeaponTrailMesh_01.bin","ModelType":0,"TransformMatrix":[[-0.009999999776482582,0.0,0.0,0.0],[0.0,0.009999999776482582,0.0,0.0],[0.0,0.0,-0.009999999776482582,0.0],[0.0,0.0,0.0,1.0]]},"SMFX_WeaponTrailMesh_02":{"FilePath":"..\\Bin\\Resources\\Meshes\\EffectMesh\\Particle\\SMFX_WeaponTrailMesh_02.bin","ModelType":0,"TransformMatrix":[[-0.009999999776482582,0.0,0.0,0.0],[0.0,0.009999999776482582,0.0,0.0],[0.0,0.0,-0.009999999776482582,0.0],[0.0,0.0,0.0,1.0]]},"SMFX_WeaponTrailMesh_03":{"FilePath":"..\\Bin\\Resources\\Meshes\\EffectMesh\\Particle\\SMFX_WeaponTrailMesh_03.bin","ModelType":0,"TransformMatrix":[[-0.009999999776482582,0.0,0.0,0.0],[0.0,0.009999999776482582,0.0,0.0],[0.0,0.0,-0.009999999776482582,0.0],[0.0,0.0,0.0,1.0]]},"Test2":{"FilePath":"../Bin/GroundInfo/Mesh/Test2.bin","ModelType":3,"TransformMatrix":[[1.0,0.0,0.0,0.0],[0.0,1.0,2.6941299438476563e-05,0.0],[0.0,-2.6941299438476563e-05,1.0,0.0],[0.0,0.0,0.0,1.0]]},"Torch":{"FilePath":"../Bin/Resources/Meshes/LightProp/Torch/Torch.FBX","ModelType":0,"TransformMatrix":[[-0.009999999776482582,0.0,0.0,0.0],[0.0,0.009999999776482582,0.0,0.0],[0.0,0.0,-0.009999999776482582,0.0],[0.0,0.0,0.0,1.0]]}}},{"Model":{"Bag_2":{"FilePath":"../Bin/Resources/Meshes/Map_Lv1_Circus/Binary/Bag_2.bin","ModelType":0,"TransformMatrix":[[0.009999999776482582,0.0,0.0,0.0],[0.0,0.009999999776482582,0.0,0.0],[0.0,0.0,0.009999999776482582,0.0],[0.0,0.0,0.0,1.0]]},"Bag_3":{"FilePath":"../Bin/Resources/Meshes/Map_Lv1_Circus/Binary/Bag_3.bin","ModelType":0,"TransformMatrix":[[0.009999999776482582,0.0,0.0,0.0],[0.0,0.009999999776482582,0.0,0.0],[0.0,0.0,0.009999999776482582,0.0],[0.0,0.0,0.0,1.0]]},"Bag_6":{"FilePath":"../Bin/Resources/Meshes/Map_Lv1_Circus/Binary/Bag_6.bin","ModelType":0,"TransformMatrix":[[0.009999999776482582,0.0,0.0,0.0],[0.0,0.009999999776482582,0.0,0.0],[0.0,0.0,0.009999999776482582,0.0],[0.0,0.0,0.0,1.0]]},"Door01_04":{"FilePath":"../Bin/Resources/Meshes/Map_Lv2_Fortress/Binary/Door01_04.bin","ModelType":0,"TransformMatrix":[[0.009999999776482582,0.0,0.0,0.0],[0.0,0.009999999776482582,0.0,0.0],[0.0,0.0,0.009999999776482582,0.0],[0.0,0.0,0.0,1.0]]},"HORSE_P_WoodenFrame02_05":{"FilePath":"../Bin/Resources/Meshes/Map_Lv1_Circus/Binary/HORSE_P_WoodenFrame02_05.bin","ModelType":0,"TransformMatrix":[[0.009999999776482582,0.0,0.0,0.0],[0.0,0.009999999776482582,0.0,0.0],[0.0,0.0,0.009999999776482582,0.0],[0.0,0.0,0.0,1.0]]},"P_CircusBalloon01":{"FilePath":"../Bin/Resources/Meshes/Map_Lv1_Circus/Binary/P_CircusBalloon01.bin","ModelType":0,"TransformMatrix":[[0.009999999776482582,0.0,0.0,0.0],[0.0,0.009999999776482582,0.0,0.0],[0.0,0.0,0.009999999776482582,0.0],[0.0,0.0,0.0,1.0]]},"P_CircusBalloon02":{"FilePath":"../Bin/Resources/Meshes/Map_Lv1_Circus/Binary/P_CircusBalloon02.bin","ModelType":0,"TransformMatrix":[[0.009999999776482582,0.0,0.0,0.0],[0.0,0.009999999776482582,0.0,0.0],[0.0,0.0,0.009999999776482582,0.0],[0.0,0.0,0.0,1.0]]},"P_CircusBalloonLine01":{"FilePath":"../Bin/Resources/Meshes/Map_Lv1_Circus/Binary/P_CircusBalloonLine01.bin","ModelType":0,"TransformMatrix":[[0.009999999776482582,0.0,0.0,0.0],[0.0,0.009999999776482582,0.0,0.0],[0.0,0.0,0.009999999776482582,0.0],[0.0,0.0,0.0,1.0]]},"P_Circus_RoadSign01":{"FilePath":"../Bin/Resources/Meshes/Map_Lv1_Circus/Binary/P_Circus_RoadSign01.bin","ModelType":0,"TransformMatrix":[[0.009999999776482582,0.0,0.0,0.0],[0.0,0.009999999776482582,0.0,0.0],[0.0,0.0,0.009999999776482582,0.0],[0.0,0.0,0.0,1.0]]},"P_Cloth02":{"FilePath":"../Bin/Resources/Meshes/Map_Lv1_Circus/Binary/P_Cloth02.bin","ModelType":0,"TransformMatrix":[[0.009999999776482582,0.0,0.0,0.0],[0.0,0.009999999776482582,0.0,0.0],[0.0,0.0,0.009999999776482582,0.0],[0.0,0.0,0.0,1.0]]},"P_Cloth04":{"FilePath":"../Bin/Resources/Meshes/Map_Lv1_Circus/Binary/P_Cloth04.bin","ModelType":0,"TransformMatrix":[[0.009999999776482582,0.0,0.0,0.0],[0.0,0.009999999776482582,0.0,0.0],[0.0,0.0,0.009999999776482582,0.0],[0.0,0.0,0.0,1.0]]},"P_Cloth07":{"FilePath":"../Bin/Resources/Meshes/Map_Lv1_Circus/Binary/P_Cloth07.bin","ModelType":0,"TransformMatrix":[[0.009999999776482582,0.0,0.0,0.0],[0.0,0.009999999776482582,0.0,0.0],[0.0,0.0,0.009999999776482582,0.0],[0.0,0.0,0.0,1.0]]},"P_Cloth08":{"FilePath":"../Bin/Resources/Meshes/Map_Lv1_Circus/Binary/P_Cloth08.bin","ModelType":0,"TransformMatrix":[[0.009999999776482582,0.0,0.0,0.0],[0.0,0.009999999776482582,0.0,0.0],[0.0,0.0,0.009999999776482582,0.0],[0.0,0.0,0.0,1.0]]},"P_Deceased02":{"FilePath":"../Bin/Resources/Meshes/Map_Lv1_Circus/Binary/P_Deceased02.bin","ModelType":0,"TransformMatrix":[[0.009999999776482582,0.0,0.0,0.0],[0.0,0.009999999776482582,0.0,0.0],[0.0,0.0,0.009999999776482582,0.0],[0.0,0.0,0.0,1.0]]},"P_Deceased03":{"FilePath":"../Bin/Resources/Meshes/Map_Lv1_Circus/Binary/P_Deceased03.bin","ModelType":0,"TransformMatrix":[[0.009999999776482582,0.0,0.0,0.0],[0.0,0.009999999776482582,0.0,0.0],[0.0,0.0,0.009999999776482582,0.0],[0.0,0.0,0.0,1.0]]},"P_Deceased04":{"FilePath":"../Bin/Resources/Meshes/Map_Lv1_Circus/Binary/P_Deceased04.bin","ModelType":0,"TransformMatrix":[[0.009999999776482582,0.0,0.0,0.0],[0.0,0.009999999776482582,0.0,0.0],[0.0,0.0,0.009999999776482582,0.0],[0.0,0.0,0.0,1.0]]},"P_Hang02":{"FilePath":"../Bin/Resources/Meshes/Map_Lv1_Circus/Binary/P_Hang02.bin","ModelType":0,"TransformMatrix":[[0.009999999776482582,0.0,0.0,0.0],[0.0,0.009999999776482582,0.0,0.0],[0.0,0.0,0.009999999776482582,0.0],[0.0,0.0,0.0,1.0]]},"P_Hang02_02":{"FilePath":"../Bin/Resources/Meshes/Map_Lv1_Circus/Binary/P_Hang02_02.bin","ModelType":0,"TransformMatrix":[[0.009999999776482582,0.0,0.0,0.0],[0.0,0.009999999776482582,0.0,0.0],[0.0,0.0,0.009999999776482582,0.0],[0.0,0.0,0.0,1.0]]},"P_Hang03":{"FilePath":"../Bin/Resources/Meshes/Map_Lv1_Circus/Binary/P_Hang03.bin","ModelType":0,"TransformMatrix":[[0.009999999776482582,0.0,0.0,0.0],[0.0,0.009999999776482582,0.0,0.0],[0.0,0.0,0.009999999776482582,0.0],[0.0,0.0,0.0,1.0]]},"P_HempRope":{"FilePath":"../Bin/Resources/Meshes/Map_Lv1_Circus/Binary/P_HempRope.bin","ModelType":0,"TransformMatrix":[[0.009999999776482582,0.0,0.0,0.0],[0.0,0.009999999776482582,0.0,0.0],[0.0,0.0,0.009999999776482582,0.0],[0.0,0.0,0.0,1.0]]},"P_Ladder02":{"FilePath":"../Bin/Resources/Meshes/Map_Lv1_Circus/Binary/P_Ladder02.bin","ModelType":0,"TransformMatrix":[[0.009999999776482582,0.0,0.0,0.0],[0.0,0.009999999776482582,0.0,0.0],[0.0,0.0,0.009999999776482582,0.0],[0.0,0.0,0.0,1.0]]},"P_Ladder02_Down":{"FilePath":"../Bin/Resources/Meshes/Map_Lv1_Circus/Binary/P_Ladder02_Down.bin","ModelType":0,"TransformMatrix":[[0.009999999776482582,0.0,0.0,0.0],[0.0,0.009999999776482582,0.0,0.0],[0.0,0.0,0.009999999776482582,0.0],[0.0,0.0,0.0,1.0]]},"P_Ladder02_Up":{"FilePath":"../Bin/Resources/Meshes/Map_Lv1_Circus/Binary/P_Ladder02_Up.bin","ModelType":0,"TransformMatrix":[[0.009999999776482582,0.0,0.0,0.0],[0.0,0.009999999776482582,0.0,0.0],[0.0,0.0,0.009999999776482582,0.0],[0.0,0.0,0.0,1.0]]},"P_Planks01":{"FilePath":"../Bin/Resources/Meshes/Map_Lv1_Circus/Binary/P_Planks01.bin","ModelType":0,"TransformMatrix":[[0.009999999776482582,0.0,0.0,0.0],[0.0,0.009999999776482582,0.0,0.0],[0.0,0.0,0.009999999776482582,0.0],[0.0,0.0,0.0,1.0]]},"P_TowerBracket02":{"FilePath":"../Bin/Resources/Meshes/Map_Lv1_Circus/Binary/P_TowerBracket02.bin","ModelType":0,"TransformMatrix":[[0.009999999776482582,0.0,0.0,0.0],[0.0,0.009999999776482582,0.0,0.0],[0.0,0.0,0.009999999776482582,0.0],[0.0,0.0,0.0,1.0]]},"P_TowerBracket03":{"FilePath":"../Bin/Resources/Meshes/Map_Lv1_Circus/Binary/P_TowerBracket03.bin","ModelType":0,"TransformMatrix":[[0.009999999776482582,0.0,0.0,0.0],[0.0,0.009999999776482582,0.0,0.0],[0.0,0.0,0.009999999776482582,0.0],[0.0,0.0,0.0,1.0]]},"P_TreeAerialRoot02":{"FilePath":"../Bin/Resources/Meshes/Map_Lv1_Circus/Binary/P_TreeAerialRoot02.bin","ModelType":0,"TransformMatrix":[[0.009999999776482582,0.0,0.0,0.0],[0.0,0.009999999776482582,0.0,0.0],[0.0,0.0,0.009999999776482582,0.0],[0.0,0.0,0.0,1.0]]},"P_VariationBranch01_01":{"FilePath":"../Bin/Resources/Meshes/Map_Lv1_Circus/Binary/P_VariationBranch01_01.bin","ModelType":0,"TransformMatrix":[[0.009999999776482582,0.0,0.0,0.0],[0.0,0.009999999776482582,0.0,0.0],[0.0,0.0,0.009999999776482582,0.0],[0.0,0.0,0.0,1.0]]},"P_VariationBranch02":{"FilePath":"../Bin/Resources/Meshes/Map_Lv1_Circus/Binary/P_VariationBranch02.bin","ModelType":0,"TransformMatrix":[[0.009999999776482582,0.0,0.0,0.0],[0.0,0.009999999776482582,0.0,0.0],[0.0,0.0,0.009999999776482582,0.0],[0.0,0.0,0.0,1.0]]},"P_Woodcarving01":{"FilePath":"../Bin/Resources/Meshes/Map_Lv1_Circus/Binary/P_Woodcarving01.bin","ModelType":0,"TransformMatrix":[[0.009999999776482582,0.0,0.0,0.0],[0.0,0.009999999776482582,0.0,0.0],[0.0,0.0,0.009999999776482582,0.0],[0.0,0.0,0.0,1.0]]},"P_WoodenStairs01_02":{"FilePath":"../Bin/Resources/Meshes/Map_Lv2_Fortress/Binary/P_WoodenStairs01_02.bin","ModelType":0,"TransformMatrix":[[0.009999999776482582,0.0,0.0,0.0],[0.0,0.009999999776482582,0.0,0.0],[0.0,0.0,0.009999999776482582,0.0],[0.0,0.0,0.0,1.0]]},"RocksGSmall_RockGSmall3":{"FilePath":"../Bin/Resources/Meshes/Map_Lv1_Circus/Binary/RocksGSmall_RockGSmall3.bin","ModelType":0,"TransformMatrix":[[0.009999999776482582,0.0,0.0,0.0],[0.0,0.009999999776482582,0.0,0.0],[0.0,0.0,0.009999999776482582,0.0],[0.0,0.0,0.0,1.0]]},"SM_Bag_02":{"FilePath":"../Bin/Resources/Meshes/Map_Lv1_Circus/Binary/SM_Bag_02.bin","ModelType":0,"TransformMatrix":[[0.009999999776482582,0.0,0.0,0.0],[0.0,0.009999999776482582,0.0,0.0],[0.0,0.0,0.009999999776482582,0.0],[0.0,0.0,0.0,1.0]]},"SM_Bag_03":{"FilePath":"../Bin/Resources/Meshes/Map_Lv1_Circus/Binary/SM_Bag_03.bin","ModelType":0,"TransformMatrix":[[0.009999999776482582,0.0,0.0,0.0],[0.0,0.009999999776482582,0.0,0.0],[0.0,0.0,0.009999999776482582,0.0],[0.0,0.0,0.0,1.0]]},"SM_Bag_05":{"FilePath":"../Bin/Resources/Meshes/Map_Lv1_Circus/Binary/SM_Bag_05.bin","ModelType":0,"TransformMatrix":[[0.009999999776482582,0.0,0.0,0.0],[0.0,0.009999999776482582,0.0,0.0],[0.0,0.0,0.009999999776482582,0.0],[0.0,0.0,0.0,1.0]]},"SM_Bale":{"FilePath":"../Bin/Resources/Meshes/Map_Lv1_Circus/Binary/SM_Bale.bin","ModelType":0,"TransformMatrix":[[0.009999999776482582,0.0,0.0,0.0],[0.0,0.009999999776482582,0.0,0.0],[0.0,0.0,0.009999999776482582,0.0],[0.0,0.0,0.0,1.0]]},"SM_Barrel03":{"FilePath":"../Bin/Resources/Meshes/Map_Lv1_Circus/Binary/SM_Barrel03.bin","ModelType":0,"TransformMatrix":[[0.009999999776482582,0.0,0.0,0.0],[0.0,0.009999999776482582,0.0,0.0],[0.0,0.0,0.009999999776482582,0.0],[0.0,0.0,0.0,1.0]]},"SM_Barrel_Big":{"FilePath":"../Bin/Resources/Meshes/Map_Lv1_Circus/Binary/SM_Barrel_Big.bin","ModelType":0,"TransformMatrix":[[0.009999999776482582,0.0,0.0,0.0],[0.0,0.009999999776482582,0.0,0.0],[0.0,0.0,0.009999999776482582,0.0],[0.0,0.0,0.0,1.0]]},"SM_BigTree002":{"FilePath":"../Bin/Resources/Meshes/Map_Lv1_Circus/Binary/SM_BigTree002.bin","ModelType":0,"TransformMatrix":[[0.009999999776482582,0.0,0.0,0.0],[0.0,0.009999999776482582,0.0,0.0],[0.0,0.0,0.009999999776482582,0.0],[0.0,0.0,0.0,1.0]]},"SM_BigTree003":{"FilePath":"../Bin/Resources/Meshes/Map_Lv1_Circus/Binary/SM_BigTree003.bin","ModelType":0,"TransformMatrix":[[0.009999999776482582,0.0,0.0,0.0],[0.0,0.009999999776482582,0.0,0.0],[0.0,0.0,0.009999999776482582,0.0],[0.0,0.0,0.0,1.0]]},"SM_BigTree006_03_02":{"FilePath":"../Bin/Resources/Meshes/Map_Lv1_Circus/Binary/SM_BigTree006_03_02.bin","ModelType":0,"TransformMatrix":[[0.009999999776482582,0.0,0.0,0.0],[0.0,0.009999999776482582,0.0,0.0],[0.0,0.0,0.009999999776482582,0.0],[0.0,0.0,0.0,1.0]]},"SM_Bottle_2":{"FilePath":"../Bin/Resources/Meshes/Map_Lv1_Circus/Binary/SM_Bottle_2.bin","ModelType":0,"TransformMatrix":[[0.009999999776482582,0.0,0.0,0.0],[0.0,0.009999999776482582,0.0,0.0],[0.0,0.0,0.009999999776482582,0.0],[0.0,0.0,0.0,1.0]]},"SM_Canopy01":{"FilePath":"../Bin/Resources/Meshes/Map_Lv1_Circus/Binary/SM_Canopy01.bin","ModelType":0,"TransformMatrix":[[0.009999999776482582,0.0,0.0,0.0],[0.0,0.009999999776482582,0.0,0.0],[0.0,0.0,0.009999999776482582,0.0],[0.0,0.0,0.0,1.0]]},"SM_CircusStair01_Top":{"FilePath":"../Bin/Resources/Meshes/Map_Lv1_Circus/Binary/SM_CircusStair01_Top.bin","ModelType":0,"TransformMatrix":[[0.009999999776482582,0.0,0.0,0.0],[0.0,0.009999999776482582,0.0,0.0],[0.0,0.0,0.009999999776482582,0.0],[0.0,0.0,0.0,1.0]]},"SM_FF_08":{"FilePath":"../Bin/Resources/Meshes/Map_Lv1_Circus/Binary/SM_FF_08.bin","ModelType":0,"TransformMatrix":[[0.009999999776482582,0.0,0.0,0.0],[0.0,0.009999999776482582,0.0,0.0],[0.0,0.0,0.009999999776482582,0.0],[0.0,0.0,0.0,1.0]]},"SM_FF_11":{"FilePath":"../Bin/Resources/Meshes/Map_Lv1_Circus/Binary/SM_FF_11.bin","ModelType":0,"TransformMatrix":[[0.009999999776482582,0.0,0.0,0.0],[0.0,0.009999999776482582,0.0,0.0],[0.0,0.0,0.009999999776482582,0.0],[0.0,0.0,0.0,1.0]]},"SM_Fence_05a_02":{"FilePath":"../Bin/Resources/Meshes/Map_Lv1_Circus/Binary/SM_Fence_05a_02.bin","ModelType":0,"TransformMatrix":[[0.009999999776482582,0.0,0.0,0.0],[0.0,0.009999999776482582,0.0,0.0],[0.0,0.0,0.009999999776482582,0.0],[0.0,0.0,0.0,1.0]]},"SM_Roof_Building_01":{"FilePath":"../Bin/Resources/Meshes/Map_Lv2_Fortress/Binary/SM_Roof_Building_01.bin","ModelType":0,"TransformMatrix":[[0.009999999776482582,0.0,0.0,0.0],[0.0,0.009999999776482582,0.0,0.0],[0.0,0.0,0.009999999776482582,0.0],[0.0,0.0,0.0,1.0]]},"SM_Rope100R5_Base01":{"FilePath":"../Bin/Resources/Meshes/Map_Lv1_Circus/Binary/SM_Rope100R5_Base01.bin","ModelType":0,"TransformMatrix":[[0.009999999776482582,0.0,0.0,0.0],[0.0,0.009999999776482582,0.0,0.0],[0.0,0.0,0.009999999776482582,0.0],[0.0,0.0,0.0,1.0]]},"SM_RopeBridge_Body_02":{"FilePath":"../Bin/Resources/Meshes/Map_Lv1_Circus/Binary/SM_RopeBridge_Body_02.bin","ModelType":0,"TransformMatrix":[[0.009999999776482582,0.0,0.0,0.0],[0.0,0.009999999776482582,0.0,0.0],[0.0,0.0,0.009999999776482582,0.0],[0.0,0.0,0.0,1.0]]},"SM_RopeBridge_Pillar02":{"FilePath":"../Bin/Resources/Meshes/Map_Lv1_Circus/Binary/SM_RopeBridge_Pillar02.bin","ModelType":0,"TransformMatrix":[[0.009999999776482582,0.0,0.0,0.0],[0.0,0.009999999776482582,0.0,0.0],[0.0,0.0,0.009999999776482582,0.0],[0.0,0.0,0.0,1.0]]},"SM_Scafold_01a":{"FilePath":"../Bin/Resources/Meshes/Map_Lv2_Fortress/Binary/SM_Scafold_01a.bin","ModelType":0,"TransformMatrix":[[0.009999999776482582,0.0,0.0,0.0],[0.0,0.009999999776482582,0.0,0.0],[0.0,0.0,0.009999999776482582,0.0],[0.0,0.0,0.0,1.0]]},"SM_Separator":{"FilePath":"../Bin/Resources/Meshes/Map_Lv2_Fortress/Binary/SM_Separator.bin","ModelType":0,"TransformMatrix":[[0.009999999776482582,0.0,0.0,0.0],[0.0,0.009999999776482582,0.0,0.0],[0.0,0.0,0.009999999776482582,0.0],[0.0,0.0,0.0,1.0]]},"SM_Shelf":{"FilePath":"../Bin/Resources/Meshes/Map_Lv1_Circus/Binary/SM_Shelf.bin","ModelType":0,"TransformMatrix":[[0.009999999776482582,0.0,0.0,0.0],[0.0,0.009999999776482582,0.0,0.0],[0.0,0.0,0.009999999776482582,0.0],[0.0,0.0,0.0,1.0]]},"SM_Stairs_01":{"FilePath":"../Bin/Resources/Meshes/Map_Lv2_Fortress/Binary/SM_Stairs_01.bin","ModelType":0,"TransformMatrix":[[0.009999999776482582,0.0,0.0,0.0],[0.0,0.009999999776482582,0.0,0.0],[0.0,0.0,0.009999999776482582,0.0],[0.0,0.0,0.0,1.0]]},"SM_Table_1":{"FilePath":"../Bin/Resources/Meshes/Map_Lv1_Circus/Binary/SM_Table_1.bin","ModelType":0,"TransformMatrix":[[0.009999999776482582,0.0,0.0,0.0],[0.0,0.009999999776482582,0.0,0.0],[0.0,0.0,0.009999999776482582,0.0],[0.0,0.0,0.0,1.0]]},"SM_Wall_Shelf":{"FilePath":"../Bin/Resources/Meshes/Map_Lv1_Circus/Binary/SM_Wall_Shelf.bin","ModelType":0,"TransformMatrix":[[0.009999999776482582,0.0,0.0,0.0],[0.0,0.009999999776482582,0.0,0.0],[0.0,0.0,0.009999999776482582,0.0],[0.0,0.0,0.0,1.0]]},"SM_Weed":{"FilePath":"../Bin/Resources/Meshes/Map_Lv2_Fortress/Binary/SM_Weed.bin","ModelType":0,"TransformMatrix":[[0.009999999776482582,0.0,0.0,0.0],[0.0,0.009999999776482582,0.0,0.0],[0.0,0.0,0.009999999776482582,0.0],[0.0,0.0,0.0,1.0]]},"SM_WoodFence01":{"FilePath":"../Bin/Resources/Meshes/Map_Lv1_Circus/Binary/SM_WoodFence01.bin","ModelType":0,"TransformMatrix":[[0.009999999776482582,0.0,0.0,0.0],[0.0,0.009999999776482582,0.0,0.0],[0.0,0.0,0.009999999776482582,0.0],[0.0,0.0,0.0,1.0]]},"SM_WoodFence04":{"FilePath":"../Bin/Resources/Meshes/Map_Lv1_Circus/Binary/SM_WoodFence04.bin","ModelType":0,"TransformMatrix":[[0.009999999776482582,0.0,0.0,0.0],[0.0,0.009999999776482582,0.0,0.0],[0.0,0.0,0.009999999776482582,0.0],[0.0,0.0,0.0,1.0]]},"SM_WoodStairs01":{"FilePath":"../Bin/Resources/Meshes/Map_Lv1_Circus/Binary/SM_WoodStairs01.bin","ModelType":0,"TransformMatrix":[[0.009999999776482582,0.0,0.0,0.0],[0.0,0.009999999776482582,0.0,0.0],[0.0,0.0,0.009999999776482582,0.0],[0.0,0.0,0.0,1.0]]},"SM_WoodStairs02":{"FilePath":"../Bin/Resources/Meshes/Map_Lv1_Circus/Binary/SM_WoodStairs02.bin","ModelType":0,"TransformMatrix":[[0.009999999776482582,0.0,0.0,0.0],[0.0,0.009999999776482582,0.0,0.0],[0.0,0.0,0.009999999776482582,0.0],[0.0,0.0,0.0,1.0]]},"SM_WoodStairs03":{"FilePath":"../Bin/Resources/Meshes/Map_Lv1_Circus/Binary/SM_WoodStairs03.bin","ModelType":0,"TransformMatrix":[[0.009999999776482582,0.0,0.0,0.0],[0.0,0.009999999776482582,0.0,0.0],[0.0,0.0,0.009999999776482582,0.0],[0.0,0.0,0.0,1.0]]},"SM_Wooden_cup_1":{"FilePath":"../Bin/Resources/Meshes/Map_Lv1_Circus/Binary/SM_Wooden_cup_1.bin","ModelType":0,"TransformMatrix":[[0.009999999776482582,0.0,0.0,0.0],[0.0,0.009999999776482582,0.0,0.0],[0.0,0.0,0.009999999776482582,0.0],[0.0,0.0,0.0,1.0]]},"SM_building_debris_03a":{"FilePath":"../Bin/Resources/Meshes/Map_Lv1_Circus/Binary/SM_building_debris_03a.bin","ModelType":0,"TransformMatrix":[[0.009999999776482582,0.0,0.0,0.0],[0.0,0.009999999776482582,0.0,0.0],[0.0,0.0,0.009999999776482582,0.0],[0.0,0.0,0.0,1.0]]},"SM_building_roof_03":{"FilePath":"../Bin/Resources/Meshes/Map_Lv1_Circus/Binary/SM_building_roof_03.bin","ModelType":0,"TransformMatrix":[[0.009999999776482582,0.0,0.0,0.0],[0.0,0.009999999776482582,0.0,0.0],[0.0,0.0,0.009999999776482582,0.0],[0.0,0.0,0.0,1.0]]},"SM_building_wood_03":{"FilePath":"../Bin/Resources/Meshes/Map_Lv1_Circus/Binary/SM_building_wood_03.bin","ModelType":0,"TransformMatrix":[[0.009999999776482582,0.0,0.0,0.0],[0.0,0.009999999776482582,0.0,0.0],[0.0,0.0,0.009999999776482582,0.0],[0.0,0.0,0.0,1.0]]},"SM_building_wood_05":{"FilePath":"../Bin/Resources/Meshes/Map_Lv1_Circus/Binary/SM_building_wood_05.bin","ModelType":0,"TransformMatrix":[[0.009999999776482582,0.0,0.0,0.0],[0.0,0.009999999776482582,0.0,0.0],[0.0,0.0,0.009999999776482582,0.0],[0.0,0.0,0.0,1.0]]},"SM_cloth_canopy_13":{"FilePath":"../Bin/Resources/Meshes/Map_Lv1_Circus/Binary/SM_cloth_canopy_13.bin","ModelType":0,"TransformMatrix":[[0.009999999776482582,0.0,0.0,0.0],[0.0,0.009999999776482582,0.0,0.0],[0.0,0.0,0.009999999776482582,0.0],[0.0,0.0,0.0,1.0]]},"SM_cloth_canopy_19":{"FilePath":"../Bin/Resources/Meshes/Map_Lv1_Circus/Binary/SM_cloth_canopy_19.bin","ModelType":0,"TransformMatrix":[[0.009999999776482582,0.0,0.0,0.0],[0.0,0.009999999776482582,0.0,0.0],[0.0,0.0,0.009999999776482582,0.0],[0.0,0.0,0.0,1.0]]},"SM_cloth_canopy_6":{"FilePath":"../Bin/Resources/Meshes/Map_Lv1_Circus/Binary/SM_cloth_canopy_6.bin","ModelType":0,"TransformMatrix":[[0.009999999776482582,0.0,0.0,0.0],[0.0,0.009999999776482582,0.0,0.0],[0.0,0.0,0.009999999776482582,0.0],[0.0,0.0,0.0,1.0]]},"SM_cloth_ground_8":{"FilePath":"../Bin/Resources/Meshes/Map_Lv1_Circus/Binary/SM_cloth_ground_8.bin","ModelType":0,"TransformMatrix":[[0.009999999776482582,0.0,0.0,0.0],[0.0,0.009999999776482582,0.0,0.0],[0.0,0.0,0.009999999776482582,0.0],[0.0,0.0,0.0,1.0]]},"SM_gangway_tent_1":{"FilePath":"../Bin/Resources/Meshes/Map_Lv1_Circus/Binary/SM_gangway_tent_1.bin","ModelType":0,"TransformMatrix":[[0.009999999776482582,0.0,0.0,0.0],[0.0,0.009999999776482582,0.0,0.0],[0.0,0.0,0.009999999776482582,0.0],[0.0,0.0,0.0,1.0]]},"SM_stall_1":{"FilePath":"../Bin/Resources/Meshes/Map_Lv1_Circus/Binary/SM_stall_1.bin","ModelType":0,"TransformMatrix":[[0.009999999776482582,0.0,0.0,0.0],[0.0,0.009999999776482582,0.0,0.0],[0.0,0.0,0.009999999776482582,0.0],[0.0,0.0,0.0,1.0]]},"TEMP_Corvus":{"FilePath":"../Bin/Resources/Meshes/ForTest_Mesh/TEMP_Corvus.bin","ModelType":0,"TransformMatrix":[[0.009999999776482582,0.0,0.0,0.0],[0.0,0.009999999776482582,0.0,0.0],[0.0,0.0,0.009999999776482582,0.0],[0.0,0.0,0.0,1.0]]},"Tent_P_Rag07":{"FilePath":"../Bin/Resources/Meshes/Map_Lv1_Circus/Binary/Tent_P_Rag07.bin","ModelType":0,"TransformMatrix":[[0.009999999776482582,0.0,0.0,0.0],[0.0,0.009999999776482582,0.0,0.0],[0.0,0.0,0.009999999776482582,0.0],[0.0,0.0,0.0,1.0]]},"Tent_P_Rag09":{"FilePath":"../Bin/Resources/Meshes/Map_Lv1_Circus/Binary/Tent_P_Rag09.bin","ModelType":0,"TransformMatrix":[[0.009999999776482582,0.0,0.0,0.0],[0.0,0.009999999776482582,0.0,0.0],[0.0,0.0,0.009999999776482582,0.0],[0.0,0.0,0.0,1.0]]},"Tent_P_WoodenStand01":{"FilePath":"../Bin/Resources/Meshes/Map_Lv1_Circus/Binary/Tent_P_WoodenStand01.bin","ModelType":0,"TransformMatrix":[[0.009999999776482582,0.0,0.0,0.0],[0.0,0.009999999776482582,0.0,0.0],[0.0,0.0,0.009999999776482582,0.0],[0.0,0.0,0.0,1.0]]},"Tomato":{"FilePath":"../Bin/Resources/Meshes/Map_Lv1_Circus/Binary/Tomato.bin","ModelType":0,"TransformMatrix":[[0.009999999776482582,0.0,0.0,0.0],[0.0,0.009999999776482582,0.0,0.0],[0.0,0.0,0.009999999776482582,0.0],[0.0,0.0,0.0,1.0]]},"basket_01_1":{"FilePath":"../Bin/Resources/Meshes/Map_Lv1_Circus/Binary/basket_01_1.bin","ModelType":0,"TransformMatrix":[[0.009999999776482582,0.0,0.0,0.0],[0.0,0.009999999776482582,0.0,0.0],[0.0,0.0,0.009999999776482582,0.0],[0.0,0.0,0.0,1.0]]},"basket_01_4":{"FilePath":"../Bin/Resources/Meshes/Map_Lv1_Circus/Binary/basket_01_4.bin","ModelType":0,"TransformMatrix":[[0.009999999776482582,0.0,0.0,0.0],[0.0,0.009999999776482582,0.0,0.0],[0.0,0.0,0.009999999776482582,0.0],[0.0,0.0,0.0,1.0]]},"bottle_6":{"FilePath":"../Bin/Resources/Meshes/Map_Lv1_Circus/Binary/bottle_6.bin","ModelType":0,"TransformMatrix":[[0.009999999776482582,0.0,0.0,0.0],[0.0,0.009999999776482582,0.0,0.0],[0.0,0.0,0.009999999776482582,0.0],[0.0,0.0,0.0,1.0]]},"bottle_basket":{"FilePath":"../Bin/Resources/Meshes/Map_Lv1_Circus/Binary/bottle_basket.bin","ModelType":0,"TransformMatrix":[[0.009999999776482582,0.0,0.0,0.0],[0.0,0.009999999776482582,0.0,0.0],[0.0,0.0,0.009999999776482582,0.0],[0.0,0.0,0.0,1.0]]},"broad_1":{"FilePath":"../Bin/Resources/Meshes/Map_Lv1_Circus/Binary/broad_1.bin","ModelType":0,"TransformMatrix":[[0.009999999776482582,0.0,0.0,0.0],[0.0,0.009999999776482582,0.0,0.0],[0.0,0.0,0.009999999776482582,0.0],[0.0,0.0,0.0,1.0]]},"broad_2":{"FilePath":"../Bin/Resources/Meshes/Map_Lv1_Circus/Binary/broad_2.bin","ModelType":0,"TransformMatrix":[[0.009999999776482582,0.0,0.0,0.0],[0.0,0.009999999776482582,0.0,0.0],[0.0,0.0,0.009999999776482582,0.0],[0.0,0.0,0.0,1.0]]},"cheese_1":{"FilePath":"../Bin/Resources/Meshes/Map_Lv1_Circus/Binary/cheese_1.bin","ModelType":0,"TransformMatrix":[[0.009999999776482582,0.0,0.0,0.0],[0.0,0.009999999776482582,0.0,0.0],[0.0,0.0,0.009999999776482582,0.0],[0.0,0.0,0.0,1.0]]},"cheese_3":{"FilePath":"../Bin/Resources/Meshes/Map_Lv1_Circus/Binary/cheese_3.bin","ModelType":0,"TransformMatrix":[[0.009999999776482582,0.0,0.0,0.0],[0.0,0.009999999776482582,0.0,0.0],[0.0,0.0,0.009999999776482582,0.0],[0.0,0.0,0.0,1.0]]},"rack_1":{"FilePath":"../Bin/Resources/Meshes/Map_Lv1_Circus/Binary/rack_1.bin","ModelType":0,"TransformMatrix":[[0.009999999776482582,0.0,0.0,0.0],[0.0,0.009999999776482582,0.0,0.0],[0.0,0.0,0.009999999776482582,0.0],[0.0,0.0,0.0,1.0]]},"tree01_01":{"FilePath":"../Bin/Resources/Meshes/Map_Else/Binary/tree01_01.bin","ModelType":0,"TransformMatrix":[[0.009999999776482582,0.0,0.0,0.0],[0.0,0.009999999776482582,0.0,0.0],[0.0,0.0,0.009999999776482582,0.0],[0.0,0.0,0.0,1.0]]},"tree03_01":{"FilePath":"../Bin/Resources/Meshes/Map_Else/Binary/tree03_01.bin","ModelType":0,"TransformMatrix":[[0.009999999776482582,0.0,0.0,0.0],[0.0,0.009999999776482582,0.0,0.0],[0.0,0.0,0.009999999776482582,0.0],[0.0,0.0,0.0,1.0]]},"vegetable_box_1":{"FilePath":"../Bin/Resources/Meshes/Map_Lv1_Circus/Binary/vegetable_box_1.bin","ModelType":0,"TransformMatrix":[[0.009999999776482582,0.0,0.0,0.0],[0.0,0.009999999776482582,0.0,0.0],[0.0,0.0,0.009999999776482582,0.0],[0.0,0.0,0.0,1.0]]},"wood_rope_1":{"FilePath":"../Bin/Resources/Meshes/Map_Lv1_Circus/Binary/wood_rope_1.bin","ModelType":0,"TransformMatrix":[[0.009999999776482582,0.0,0.0,0.0],[0.0,0.009999999776482582,0.0,0.0],[0.0,0.0,0.009999999776482582,0.0],[0.0,0.0,0.0,1.0]]}}}]
