{
  "GameObject": [
    {
      "Component": {
        "Transform": [
          [ 1.0, 0.0, 0.0, 0.0 ],
          [ 0.0, 1.0, 0.0, 0.0 ],
          [ 0.0, 0.0, 1.0, 0.0 ],
          [ 0.0, 0.0, 0.0, 1.0 ]
        ]
      },
      "Hash": 3297996505304094455,
      "Name": "class Client::CTerrain",
      "Setting": { "Enable": true }
    },
    {
      "Component": {
        "Transform": [
          [ 0.9719931483268738, 1.6298145055770874e-09, -0.23500242829322815, 0.0 ],
          [ 0.08602382242679596, 0.9305941462516785, 0.35580193996429443, 0.0 ],
          [ 0.21869172155857086, -0.36605462431907654, 0.9045324921607971, 0.0 ],
          [ 7.556668281555176, 5.217325687408447, 1.4956848621368408, 1.0 ]
        ]
      },
      "Hash": 8675365520207489377,
      "Name": "class Client::CCamera_Free",
      "Setting": { "Enable": true }
    },
    {
      "Component": {
        "Transform": [
          [ 1.0, 0.0, 0.0, 0.0 ],
          [ 0.0, 1.0, 2.6941299438476563e-05, 0.0 ],
          [ 0.0, -2.6941299438476563e-05, 1.0, 0.0 ],
          [ 3.4672467708587646, 0.0, 10.18854808807373, 1.0 ]
        ]
      },
      "Hash": 8662760939278159895,
      "MidSize": 5,
      "Name": "class Client::CInteraction_Ladder",
      "Offset": 0.4000000059604645,
      "Setting": { "Enable": true }
    },
    {
      "Component": {
        "Transform": [
          [ 1.0, 0.0, 0.0, 0.0 ],
          [ 0.0, 1.0, 2.6941299438476563e-05, 0.0 ],
          [ 0.0, -2.6941299438476563e-05, 1.0, 0.0 ],
          [ 13.074016571044922, 0.0, 23.225139617919922, 1.0 ]
        ]
      },
      "Hash": 8662760939278159895,
      "MidSize": 5,
      "Name": "class Client::CInteraction_Ladder",
      "Offset": 0.4000000059604645,
      "Setting": { "Enable": true }
    },
    {
      "Component": {
        "Transform": [
          [ 1.0, 0.0, 0.0, 0.0 ],
          [ 0.0, 1.0, 2.6941299438476563e-05, 0.0 ],
          [ 0.0, -2.6941299438476563e-05, 1.0, 0.0 ],
          [ 13.368831634521484, 0.0, 14.18737506866455, 1.0 ]
        ]
      },
      "Hash": 8662760939278159895,
      "MidSize": 5,
      "Name": "class Client::CInteraction_Ladder",
      "Offset": 0.4000000059604645,
      "Setting": { "Enable": true }
    }
  ]
}
