{
  "GameObject": [
    {
      "Component": {
        "Transform": [
          [ 0.30219006538391113, 2.3283064365386963e-10, -0.9532435536384583, 0.0 ],
          [ 0.40317511558532715, 0.9061553478240967, 0.12781424820423126, 0.0 ],
          [ 0.8637915253639221, -0.4229523539543152, 0.2738341987133026, 0.0 ],
          [ -7.905732154846191, 4.438501358032227, -5.640720367431641, 1.0 ]
        ]
      },
      "Hash": 8675365520207489377,
      "Name": "class Client::CCamera_Free",
      "Setting": { "Enable": true }
    },
    {
      "Collider_Type": 0,
      "Component": { "Transform": { "": null } },
      "Hash": 15757666174375886015,
      "ModelCom": "P_CircusBalloon01",
      "Name": "class Client::CStatic_Instancing_Prop",
      "PropDesc": {
        "Prop Matrix (0)": [
          [ 0.0, 0.0, 0.0, 0.0 ],
          [ 1.0, 1.0, 1.0, 0.0 ],
          [ -13.0, 6.0, 11.0, 0.0 ],
          [ 0.0, 0.0, 0.0, 0.0 ]
        ],
        "Prop Matrix (1)": [
          [ 0.0, 0.0, 0.0, 0.0 ],
          [ 1.0, 1.0, 1.0, 0.0 ],
          [ -13.0, 6.0, 14.0, 0.0 ],
          [ 0.0, 0.0, 0.0, 0.0 ]
        ],
        "Prop Matrix (10)": [
          [ 0.0, 0.0, 0.0, 0.0 ],
          [ 1.0, 1.0, 1.0, 0.0 ],
          [ 250.92782592773438, 0.0, 42.28028106689453, 0.0 ],
          [ 0.0, 0.0, 0.0, 0.0 ]
        ],
        "Prop Matrix (100)": [
          [ 0.0, 0.0, 0.0, 0.0 ],
          [ 1.0, 1.0, 1.0, 0.0 ],
          [ 77.8851547241211, 0.0, -63.42863464355469, 0.0 ],
          [ 0.0, 0.0, 0.0, 0.0 ]
        ],
        "Prop Matrix (101)": [
          [ 0.0, 0.0, 0.0, 0.0 ],
          [ 1.0, 1.0, 1.0, 0.0 ],
          [ 95.2597427368164, 0.0, -71.89993286132813, 0.0 ],
          [ 0.0, 0.0, 0.0, 0.0 ]
        ],
        "Prop Matrix (102)": [
          [ 0.0, 0.0, 0.0, 0.0 ],
          [ 1.0, 1.0, 1.0, 0.0 ],
          [ 46.39330291748047, 0.0, -72.7641372680664, 0.0 ],
          [ 0.0, 0.0, 0.0, 0.0 ]
        ],
        "Prop Matrix (103)": [
          [ 0.0, 0.0, 0.0, 0.0 ],
          [ 1.0, 1.0, 1.0, 0.0 ],
          [ 4.717613220214844, 0.0, -59.15754318237305, 0.0 ],
          [ 0.0, 0.0, 0.0, 0.0 ]
        ],
        "Prop Matrix (104)": [
          [ 0.0, 0.0, 0.0, 0.0 ],
          [ 1.0, 1.0, 1.0, 0.0 ],
          [ -18.096668243408203, 0.0, -49.0670166015625, 0.0 ],
          [ 0.0, 0.0, 0.0, 0.0 ]
        ],
        "Prop Matrix (105)": [
          [ 0.0, 0.0, 0.0, 0.0 ],
          [ 1.0, 1.0, 1.0, 0.0 ],
          [ -23.67452621459961, 0.0, -45.35047912597656, 0.0 ],
          [ 0.0, 0.0, 0.0, 0.0 ]
        ],
        "Prop Matrix (106)": [
          [ 0.0, 0.0, 0.0, 0.0 ],
          [ 1.0, 1.0, 1.0, 0.0 ],
          [ -23.103347778320313, 0.0, -36.22795867919922, 0.0 ],
          [ 0.0, 0.0, 0.0, 0.0 ]
        ],
        "Prop Matrix (107)": [
          [ 0.0, 0.0, 0.0, 0.0 ],
          [ 1.0, 1.0, 1.0, 0.0 ],
          [ 3.84136962890625, 6.0, -13.669364929199219, 0.0 ],
          [ 0.0, 0.0, 0.0, 0.0 ]
        ],
        "Prop Matrix (108)": [
          [ 0.0, 0.0, 0.0, 0.0 ],
          [ 1.0, 1.0, 1.0, 0.0 ],
          [ -1.0723190307617188, 0.0, -37.76737976074219, 0.0 ],
          [ 0.0, 0.0, 0.0, 0.0 ]
        ],
        "Prop Matrix (109)": [
          [ 0.0, 0.0, 0.0, 0.0 ],
          [ 1.0, 1.0, 1.0, 0.0 ],
          [ 40.68292236328125, 0.0, -37.537532806396484, 0.0 ],
          [ 0.0, 0.0, 0.0, 0.0 ]
        ],
        "Prop Matrix (11)": [
          [ 0.0, 0.0, 0.0, 0.0 ],
          [ 1.0, 1.0, 1.0, 0.0 ],
          [ 297.1805114746094, 0.0, 26.325653076171875, 0.0 ],
          [ 0.0, 0.0, 0.0, 0.0 ]
        ],
        "Prop Matrix (110)": [
          [ 0.0, 0.0, 0.0, 0.0 ],
          [ 1.0, 1.0, 1.0, 0.0 ],
          [ 63.297035217285156, 0.0, -9.602365493774414, 0.0 ],
          [ 0.0, 0.0, 0.0, 0.0 ]
        ],
        "Prop Matrix (111)": [
          [ 0.0, 0.0, 0.0, 0.0 ],
          [ 1.0, 1.0, 1.0, 0.0 ],
          [ 73.2061538696289, 0.0, 17.43589210510254, 0.0 ],
          [ 0.0, 0.0, 0.0, 0.0 ]
        ],
        "Prop Matrix (112)": [
          [ 0.0, 0.0, 0.0, 0.0 ],
          [ 1.0, 1.0, 1.0, 0.0 ],
          [ 50.81511688232422, 0.0, 31.678789138793945, 0.0 ],
          [ 0.0, 0.0, 0.0, 0.0 ]
        ],
        "Prop Matrix (113)": [
          [ 0.0, 0.0, 0.0, 0.0 ],
          [ 1.0, 1.0, 1.0, 0.0 ],
          [ 27.2384033203125, 0.0, 15.354452133178711, 0.0 ],
          [ 0.0, 0.0, 0.0, 0.0 ]
        ],
        "Prop Matrix (114)": [
          [ 0.0, 0.0, 0.0, 0.0 ],
          [ 1.0, 1.0, 1.0, 0.0 ],
          [ 31.828460693359375, 0.0, 10.573469161987305, 0.0 ],
          [ 0.0, 0.0, 0.0, 0.0 ]
        ],
        "Prop Matrix (115)": [
          [ 0.0, 0.0, 0.0, 0.0 ],
          [ 1.0, 1.0, 1.0, 0.0 ],
          [ 86.53192901611328, 0.0, 18.613351821899414, 0.0 ],
          [ 0.0, 0.0, 0.0, 0.0 ]
        ],
        "Prop Matrix (116)": [
          [ 0.0, 0.0, 0.0, 0.0 ],
          [ 1.0, 1.0, 1.0, 0.0 ],
          [ 123.70592498779297, 0.0, 9.471994400024414, 0.0 ],
          [ 0.0, 0.0, 0.0, 0.0 ]
        ],
        "Prop Matrix (117)": [
          [ 0.0, 0.0, 0.0, 0.0 ],
          [ 1.0, 1.0, 1.0, 0.0 ],
          [ 114.86803436279297, 0.0, -6.823764801025391, 0.0 ],
          [ 0.0, 0.0, 0.0, 0.0 ]
        ],
        "Prop Matrix (118)": [
          [ 0.0, 0.0, 0.0, 0.0 ],
          [ 1.0, 1.0, 1.0, 0.0 ],
          [ 3.1246871948242188, 6.0, 32.16938400268555, 0.0 ],
          [ 0.0, 0.0, 0.0, 0.0 ]
        ],
        "Prop Matrix (119)": [
          [ 0.0, 0.0, 0.0, 0.0 ],
          [ 1.0, 1.0, 1.0, 0.0 ],
          [ 90.4461898803711, 0.0, -5.589757919311523, 0.0 ],
          [ 0.0, 0.0, 0.0, 0.0 ]
        ],
        "Prop Matrix (12)": [
          [ 0.0, 0.0, 0.0, 0.0 ],
          [ 1.0, 1.0, 1.0, 0.0 ],
          [ 367.46234130859375, 0.0, 37.0377197265625, 0.0 ],
          [ 0.0, 0.0, 0.0, 0.0 ]
        ],
        "Prop Matrix (120)": [
          [ 0.0, 0.0, 0.0, 0.0 ],
          [ 1.0, 1.0, 1.0, 0.0 ],
          [ 134.91775512695313, 0.0, 43.68431091308594, 0.0 ],
          [ 0.0, 0.0, 0.0, 0.0 ]
        ],
        "Prop Matrix (121)": [
          [ 0.0, 0.0, 0.0, 0.0 ],
          [ 1.0, 1.0, 1.0, 0.0 ],
          [ 126.86505889892578, 0.0, 57.81085205078125, 0.0 ],
          [ 0.0, 0.0, 0.0, 0.0 ]
        ],
        "Prop Matrix (122)": [
          [ 0.0, 0.0, 0.0, 0.0 ],
          [ 1.0, 1.0, 1.0, 0.0 ],
          [ 77.6718521118164, 0.0, 49.569862365722656, 0.0 ],
          [ 0.0, 0.0, 0.0, 0.0 ]
        ],
        "Prop Matrix (123)": [
          [ 0.0, 0.0, 0.0, 0.0 ],
          [ 1.0, 1.0, 1.0, 0.0 ],
          [ 38.932891845703125, 0.0, 21.52033805847168, 0.0 ],
          [ 0.0, 0.0, 0.0, 0.0 ]
        ],
        "Prop Matrix (124)": [
          [ 0.0, 0.0, 0.0, 0.0 ],
          [ 1.0, 1.0, 1.0, 0.0 ],
          [ 3.218597412109375, 0.0, -17.935354232788086, 0.0 ],
          [ 0.0, 0.0, 0.0, 0.0 ]
        ],
        "Prop Matrix (125)": [
          [ 0.0, 0.0, 0.0, 0.0 ],
          [ 1.0, 1.0, 1.0, 0.0 ],
          [ -13.73189926147461, 0.0, -28.515111923217773, 0.0 ],
          [ 0.0, 0.0, 0.0, 0.0 ]
        ],
        "Prop Matrix (126)": [
          [ 0.0, 0.0, 0.0, 0.0 ],
          [ 1.0, 1.0, 1.0, 0.0 ],
          [ -29.34246826171875, 0.0, -30.67998504638672, 0.0 ],
          [ 0.0, 0.0, 0.0, 0.0 ]
        ],
        "Prop Matrix (127)": [
          [ 0.0, 0.0, 0.0, 0.0 ],
          [ 1.0, 1.0, 1.0, 0.0 ],
          [ -29.64736557006836, 0.0, -29.037731170654297, 0.0 ],
          [ 0.0, 0.0, 0.0, 0.0 ]
        ],
        "Prop Matrix (128)": [
          [ 0.0, 0.0, 0.0, 0.0 ],
          [ 1.0, 1.0, 1.0, 0.0 ],
          [ -19.773548126220703, 0.0, -39.07004928588867, 0.0 ],
          [ 0.0, 0.0, 0.0, 0.0 ]
        ],
        "Prop Matrix (129)": [
          [ 0.0, 0.0, 0.0, 0.0 ],
          [ 1.0, 1.0, 1.0, 0.0 ],
          [ -9.707084655761719, 6.0, 41.98587417602539, 0.0 ],
          [ 0.0, 0.0, 0.0, 0.0 ]
        ],
        "Prop Matrix (13)": [
          [ 0.0, 0.0, 0.0, 0.0 ],
          [ 1.0, 1.0, 1.0, 0.0 ],
          [ -17.8443603515625, 6.0, -11.341598510742188, 0.0 ],
          [ 0.0, 0.0, 0.0, 0.0 ]
        ],
        "Prop Matrix (130)": [
          [ 0.0, 0.0, 0.0, 0.0 ],
          [ 1.0, 1.0, 1.0, 0.0 ],
          [ -6.756130218505859, 0.0, -43.30944061279297, 0.0 ],
          [ 0.0, 0.0, 0.0, 0.0 ]
        ],
        "Prop Matrix (131)": [
          [ 0.0, 0.0, 0.0, 0.0 ],
          [ 1.0, 1.0, 1.0, 0.0 ],
          [ 25.996871948242188, 0.0, -37.87090301513672, 0.0 ],
          [ 0.0, 0.0, 0.0, 0.0 ]
        ],
        "Prop Matrix (132)": [
          [ 0.0, 0.0, 0.0, 0.0 ],
          [ 1.0, 1.0, 1.0, 0.0 ],
          [ 53.23552703857422, 0.0, -20.88565444946289, 0.0 ],
          [ 0.0, 0.0, 0.0, 0.0 ]
        ],
        "Prop Matrix (133)": [
          [ 0.0, 0.0, 0.0, 0.0 ],
          [ 1.0, 1.0, 1.0, 0.0 ],
          [ 85.76102447509766, 0.0, -42.37336349487305, 0.0 ],
          [ 0.0, 0.0, 0.0, 0.0 ]
        ],
        "Prop Matrix (134)": [
          [ 0.0, 0.0, 0.0, 0.0 ],
          [ 1.0, 1.0, 1.0, 0.0 ],
          [ 81.89522552490234, 0.0, -41.480072021484375, 0.0 ],
          [ 0.0, 0.0, 0.0, 0.0 ]
        ],
        "Prop Matrix (135)": [
          [ 0.0, 0.0, 0.0, 0.0 ],
          [ 1.0, 1.0, 1.0, 0.0 ],
          [ 139.42074584960938, 0.0, -57.09925842285156, 0.0 ],
          [ 0.0, 0.0, 0.0, 0.0 ]
        ],
        "Prop Matrix (136)": [
          [ 0.0, 0.0, 0.0, 0.0 ],
          [ 1.0, 1.0, 1.0, 0.0 ],
          [ 125.43401336669922, 0.0, 18.96198844909668, 0.0 ],
          [ 0.0, 0.0, 0.0, 0.0 ]
        ],
        "Prop Matrix (137)": [
          [ 0.0, 0.0, 0.0, 0.0 ],
          [ 1.0, 1.0, 1.0, 0.0 ],
          [ 75.1676254272461, 0.0, 38.74982452392578, 0.0 ],
          [ 0.0, 0.0, 0.0, 0.0 ]
        ],
        "Prop Matrix (138)": [
          [ 0.0, 0.0, 0.0, 0.0 ],
          [ 1.0, 1.0, 1.0, 0.0 ],
          [ 19.918434143066406, 0.0, 17.23518943786621, 0.0 ],
          [ 0.0, 0.0, 0.0, 0.0 ]
        ],
        "Prop Matrix (139)": [
          [ 0.0, 0.0, 0.0, 0.0 ],
          [ 1.0, 1.0, 1.0, 0.0 ],
          [ 8.800041198730469, 0.0, 14.500619888305664, 0.0 ],
          [ 0.0, 0.0, 0.0, 0.0 ]
        ],
        "Prop Matrix (14)": [
          [ 0.0, 0.0, 0.0, 0.0 ],
          [ 1.0, 1.0, 1.0, 0.0 ],
          [ 282.2919616699219, 0.0, -11.223644256591797, 0.0 ],
          [ 0.0, 0.0, 0.0, 0.0 ]
        ],
        "Prop Matrix (140)": [
          [ 0.0, 0.0, 0.0, 0.0 ],
          [ 1.0, 1.0, 1.0, 0.0 ],
          [ -14.457096099853516, 6.0, 30.928043365478516, 0.0 ],
          [ 0.0, 0.0, 0.0, 0.0 ]
        ],
        "Prop Matrix (141)": [
          [ 0.0, 0.0, 0.0, 0.0 ],
          [ 1.0, 1.0, 1.0, 0.0 ],
          [ 18.457969665527344, 0.0, 23.607511520385742, 0.0 ],
          [ 0.0, 0.0, 0.0, 0.0 ]
        ],
        "Prop Matrix (142)": [
          [ 0.0, 0.0, 0.0, 0.0 ],
          [ 1.0, 1.0, 1.0, 0.0 ],
          [ 14.056495666503906, 0.0, 9.871843338012695, 0.0 ],
          [ 0.0, 0.0, 0.0, 0.0 ]
        ],
        "Prop Matrix (143)": [
          [ 0.0, 0.0, 0.0, 0.0 ],
          [ 1.0, 1.0, 1.0, 0.0 ],
          [ 28.15605926513672, 0.0, 32.13427734375, 0.0 ],
          [ 0.0, 0.0, 0.0, 0.0 ]
        ],
        "Prop Matrix (144)": [
          [ 0.0, 0.0, 0.0, 0.0 ],
          [ 1.0, 1.0, 1.0, 0.0 ],
          [ 44.075416564941406, 0.0, 40.197845458984375, 0.0 ],
          [ 0.0, 0.0, 0.0, 0.0 ]
        ],
        "Prop Matrix (145)": [
          [ 0.0, 0.0, 0.0, 0.0 ],
          [ 1.0, 1.0, 1.0, 0.0 ],
          [ 51.311065673828125, 0.0, 42.17716979980469, 0.0 ],
          [ 0.0, 0.0, 0.0, 0.0 ]
        ],
        "Prop Matrix (146)": [
          [ 0.0, 0.0, 0.0, 0.0 ],
          [ 1.0, 1.0, 1.0, 0.0 ],
          [ -23.83712387084961, 0.0, 11.809062957763672, 0.0 ],
          [ 0.0, 0.0, 0.0, 0.0 ]
        ],
        "Prop Matrix (147)": [
          [ 0.0, 0.0, 0.0, 0.0 ],
          [ 1.0, 1.0, 1.0, 0.0 ],
          [ -21.793838500976563, 0.0, 17.073169708251953, 0.0 ],
          [ 0.0, 0.0, 0.0, 0.0 ]
        ],
        "Prop Matrix (148)": [
          [ 0.0, 0.0, 0.0, 0.0 ],
          [ 1.0, 1.0, 1.0, 0.0 ],
          [ -13.437015533447266, 0.0, 23.496124267578125, 0.0 ],
          [ 0.0, 0.0, 0.0, 0.0 ]
        ],
        "Prop Matrix (149)": [
          [ 0.0, 0.0, 0.0, 0.0 ],
          [ 1.0, 1.0, 1.0, 0.0 ],
          [ -20.519142150878906, 0.0, 16.29120635986328, 0.0 ],
          [ 0.0, 0.0, 0.0, 0.0 ]
        ],
        "Prop Matrix (15)": [
          [ 0.0, 0.0, 0.0, 0.0 ],
          [ 1.0, 1.0, 1.0, 0.0 ],
          [ 166.81179809570313, 0.0, -4.033220291137695, 0.0 ],
          [ 0.0, 0.0, 0.0, 0.0 ]
        ],
        "Prop Matrix (150)": [
          [ 0.0, 0.0, 0.0, 0.0 ],
          [ 1.0, 1.0, 1.0, 0.0 ],
          [ -31.172100067138672, 0.0, 15.588623046875, 0.0 ],
          [ 0.0, 0.0, 0.0, 0.0 ]
        ],
        "Prop Matrix (151)": [
          [ 0.0, 0.0, 0.0, 0.0 ],
          [ 1.0, 1.0, 1.0, 0.0 ],
          [ -17.751338958740234, 6.0, 18.350879669189453, 0.0 ],
          [ 0.0, 0.0, 0.0, 0.0 ]
        ],
        "Prop Matrix (152)": [
          [ 0.0, 0.0, 0.0, 0.0 ],
          [ 1.0, 1.0, 1.0, 0.0 ],
          [ -33.71820068359375, 0.0, 6.761833190917969, 0.0 ],
          [ 0.0, 0.0, 0.0, 0.0 ]
        ],
        "Prop Matrix (153)": [
          [ 0.0, 0.0, 0.0, 0.0 ],
          [ 1.0, 1.0, 1.0, 0.0 ],
          [ -36.09182357788086, 0.0, -9.096878051757813, 0.0 ],
          [ 0.0, 0.0, 0.0, 0.0 ]
        ],
        "Prop Matrix (154)": [
          [ 0.0, 0.0, 0.0, 0.0 ],
          [ 1.0, 1.0, 1.0, 0.0 ],
          [ -34.252254486083984, 0.0, -12.448440551757813, 0.0 ],
          [ 0.0, 0.0, 0.0, 0.0 ]
        ],
        "Prop Matrix (155)": [
          [ 0.0, 0.0, 0.0, 0.0 ],
          [ 1.0, 1.0, 1.0, 0.0 ],
          [ -28.69659423828125, 0.0, 0.7414569854736328, 0.0 ],
          [ 0.0, 0.0, 0.0, 0.0 ]
        ],
        "Prop Matrix (156)": [
          [ 0.0, 0.0, 0.0, 0.0 ],
          [ 1.0, 1.0, 1.0, 0.0 ],
          [ -24.605262756347656, 0.0, -5.088951110839844, 0.0 ],
          [ 0.0, 0.0, 0.0, 0.0 ]
        ],
        "Prop Matrix (157)": [
          [ 0.0, 0.0, 0.0, 0.0 ],
          [ 1.0, 1.0, 1.0, 0.0 ],
          [ -29.790122985839844, 0.0, -29.644495010375977, 0.0 ],
          [ 0.0, 0.0, 0.0, 0.0 ]
        ],
        "Prop Matrix (158)": [
          [ 0.0, 0.0, 0.0, 0.0 ],
          [ 1.0, 1.0, 1.0, 0.0 ],
          [ -28.806732177734375, 0.0, -38.39776611328125, 0.0 ],
          [ 0.0, 0.0, 0.0, 0.0 ]
        ],
        "Prop Matrix (159)": [
          [ 0.0, 0.0, 0.0, 0.0 ],
          [ 1.0, 1.0, 1.0, 0.0 ],
          [ -15.637954711914063, 0.0, -45.410301208496094, 0.0 ],
          [ 0.0, 0.0, 0.0, 0.0 ]
        ],
        "Prop Matrix (16)": [
          [ 0.0, 0.0, 0.0, 0.0 ],
          [ 1.0, 1.0, 1.0, 0.0 ],
          [ 146.91152954101563, 0.0, -2.05328369140625, 0.0 ],
          [ 0.0, 0.0, 0.0, 0.0 ]
        ],
        "Prop Matrix (160)": [
          [ 0.0, 0.0, 0.0, 0.0 ],
          [ 1.0, 1.0, 1.0, 0.0 ],
          [ 12.806594848632813, 0.0, -44.43680953979492, 0.0 ],
          [ 0.0, 0.0, 0.0, 0.0 ]
        ],
        "Prop Matrix (161)": [
          [ 0.0, 0.0, 0.0, 0.0 ],
          [ 1.0, 1.0, 1.0, 0.0 ],
          [ 28.855918884277344, 0.0, -48.469482421875, 0.0 ],
          [ 0.0, 0.0, 0.0, 0.0 ]
        ],
        "Prop Matrix (162)": [
          [ 0.0, 0.0, 0.0, 0.0 ],
          [ 1.0, 1.0, 1.0, 0.0 ],
          [ -26.939502716064453, 6.0, 4.334144592285156, 0.0 ],
          [ 0.0, 0.0, 0.0, 0.0 ]
        ],
        "Prop Matrix (163)": [
          [ 0.0, 0.0, 0.0, 0.0 ],
          [ 1.0, 1.0, 1.0, 0.0 ],
          [ 53.462791442871094, 0.0, -63.832550048828125, 0.0 ],
          [ 0.0, 0.0, 0.0, 0.0 ]
        ],
        "Prop Matrix (164)": [
          [ 0.0, 0.0, 0.0, 0.0 ],
          [ 1.0, 1.0, 1.0, 0.0 ],
          [ 92.10272216796875, 0.0, -48.34016418457031, 0.0 ],
          [ 0.0, 0.0, 0.0, 0.0 ]
        ],
        "Prop Matrix (165)": [
          [ 0.0, 0.0, 0.0, 0.0 ],
          [ 1.0, 1.0, 1.0, 0.0 ],
          [ 135.10911560058594, 0.0, -48.83556365966797, 0.0 ],
          [ 0.0, 0.0, 0.0, 0.0 ]
        ],
        "Prop Matrix (166)": [
          [ 0.0, 0.0, 0.0, 0.0 ],
          [ 1.0, 1.0, 1.0, 0.0 ],
          [ 186.14022827148438, 0.0, -22.669614791870117, 0.0 ],
          [ 0.0, 0.0, 0.0, 0.0 ]
        ],
        "Prop Matrix (167)": [
          [ 0.0, 0.0, 0.0, 0.0 ],
          [ 1.0, 1.0, 1.0, 0.0 ],
          [ 84.71403503417969, 0.0, -18.964645385742188, 0.0 ],
          [ 0.0, 0.0, 0.0, 0.0 ]
        ],
        "Prop Matrix (168)": [
          [ 0.0, 0.0, 0.0, 0.0 ],
          [ 1.0, 1.0, 1.0, 0.0 ],
          [ 38.506744384765625, 0.0, -14.596017837524414, 0.0 ],
          [ 0.0, 0.0, 0.0, 0.0 ]
        ],
        "Prop Matrix (169)": [
          [ 0.0, 0.0, 0.0, 0.0 ],
          [ 1.0, 1.0, 1.0, 0.0 ],
          [ 35.00591278076172, 0.0, 11.23724365234375, 0.0 ],
          [ 0.0, 0.0, 0.0, 0.0 ]
        ],
        "Prop Matrix (17)": [
          [ 0.0, 0.0, 0.0, 0.0 ],
          [ 1.0, 1.0, 1.0, 0.0 ],
          [ 217.91488647460938, 0.0, 11.102622985839844, 0.0 ],
          [ 0.0, 0.0, 0.0, 0.0 ]
        ],
        "Prop Matrix (170)": [
          [ 0.0, 0.0, 0.0, 0.0 ],
          [ 1.0, 1.0, 1.0, 0.0 ],
          [ 17.80638885498047, 0.0, 12.830047607421875, 0.0 ],
          [ 0.0, 0.0, 0.0, 0.0 ]
        ],
        "Prop Matrix (171)": [
          [ 0.0, 0.0, 0.0, 0.0 ],
          [ 1.0, 1.0, 1.0, 0.0 ],
          [ 53.79624938964844, 0.0, 56.125770568847656, 0.0 ],
          [ 0.0, 0.0, 0.0, 0.0 ]
        ],
        "Prop Matrix (172)": [
          [ 0.0, 0.0, 0.0, 0.0 ],
          [ 1.0, 1.0, 1.0, 0.0 ],
          [ 106.83409118652344, 0.0, 83.96195983886719, 0.0 ],
          [ 0.0, 0.0, 0.0, 0.0 ]
        ],
        "Prop Matrix (18)": [
          [ 0.0, 0.0, 0.0, 0.0 ],
          [ 1.0, 1.0, 1.0, 0.0 ],
          [ 212.44985961914063, 0.0, 23.987770080566406, 0.0 ],
          [ 0.0, 0.0, 0.0, 0.0 ]
        ],
        "Prop Matrix (19)": [
          [ 0.0, 0.0, 0.0, 0.0 ],
          [ 1.0, 1.0, 1.0, 0.0 ],
          [ 37.97454833984375, 0.0, 4.545690536499023, 0.0 ],
          [ 0.0, 0.0, 0.0, 0.0 ]
        ],
        "Prop Matrix (2)": [
          [ 0.0, 0.0, 0.0, 0.0 ],
          [ 1.0, 1.0, 1.0, 0.0 ],
          [ -24.01068115234375, 6.0, -12.466011047363281, 0.0 ],
          [ 0.0, 0.0, 0.0, 0.0 ]
        ],
        "Prop Matrix (20)": [
          [ 0.0, 0.0, 0.0, 0.0 ],
          [ 1.0, 1.0, 1.0, 0.0 ],
          [ 23.754150390625, 27.0, -1.0430469512939453, 0.0 ],
          [ 0.0, 0.0, 0.0, 0.0 ]
        ],
        "Prop Matrix (21)": [
          [ 0.0, 0.0, 0.0, 0.0 ],
          [ 1.0, 1.0, 1.0, 0.0 ],
          [ 75.68614196777344, 27.0, 15.82440185546875, 0.0 ],
          [ 0.0, 0.0, 0.0, 0.0 ]
        ],
        "Prop Matrix (22)": [
          [ 0.0, 0.0, 0.0, 0.0 ],
          [ 1.0, 1.0, 1.0, 0.0 ],
          [ 89.07508850097656, 27.0, -14.869857788085938, 0.0 ],
          [ 0.0, 0.0, 0.0, 0.0 ]
        ],
        "Prop Matrix (23)": [
          [ 0.0, 0.0, 0.0, 0.0 ],
          [ 1.0, 1.0, 1.0, 0.0 ],
          [ 119.13336181640625, 27.0, -38.872230529785156, 0.0 ],
          [ 0.0, 0.0, 0.0, 0.0 ]
        ],
        "Prop Matrix (24)": [
          [ 0.0, 0.0, 0.0, 0.0 ],
          [ 1.0, 1.0, 1.0, 0.0 ],
          [ -13.0, 6.0, 53.0, 0.0 ],
          [ 0.0, 0.0, 0.0, 0.0 ]
        ],
        "Prop Matrix (25)": [
          [ 0.0, 0.0, 0.0, 0.0 ],
          [ 1.0, 1.0, 1.0, 0.0 ],
          [ 103.28172302246094, 27.0, -51.79940414428711, 0.0 ],
          [ 0.0, 0.0, 0.0, 0.0 ]
        ],
        "Prop Matrix (26)": [
          [ 0.0, 0.0, 0.0, 0.0 ],
          [ 1.0, 1.0, 1.0, 0.0 ],
          [ 34.83290100097656, 27.0, -36.61098861694336, 0.0 ],
          [ 0.0, 0.0, 0.0, 0.0 ]
        ],
        "Prop Matrix (27)": [
          [ 0.0, 0.0, 0.0, 0.0 ],
          [ 1.0, 1.0, 1.0, 0.0 ],
          [ 17.216461181640625, 27.0, -18.120805740356445, 0.0 ],
          [ 0.0, 0.0, 0.0, 0.0 ]
        ],
        "Prop Matrix (28)": [
          [ 0.0, 0.0, 0.0, 0.0 ],
          [ 1.0, 1.0, 1.0, 0.0 ],
          [ 13.316375732421875, 27.0, 4.460607528686523, 0.0 ],
          [ 0.0, 0.0, 0.0, 0.0 ]
        ],
        "Prop Matrix (29)": [
          [ 0.0, 0.0, 0.0, 0.0 ],
          [ 1.0, 1.0, 1.0, 0.0 ],
          [ 1.8162918090820313, 27.0, 11.171302795410156, 0.0 ],
          [ 0.0, 0.0, 0.0, 0.0 ]
        ],
        "Prop Matrix (3)": [
          [ 0.0, 0.0, 0.0, 0.0 ],
          [ 1.0, 1.0, 1.0, 0.0 ],
          [ 165.20407104492188, 0.0, 112.55558013916016, 0.0 ],
          [ 0.0, 0.0, 0.0, 0.0 ]
        ],
        "Prop Matrix (30)": [
          [ 0.0, 0.0, 0.0, 0.0 ],
          [ 1.0, 1.0, 1.0, 0.0 ],
          [ -16.960285186767578, 27.0, 9.530620574951172, 0.0 ],
          [ 0.0, 0.0, 0.0, 0.0 ]
        ],
        "Prop Matrix (31)": [
          [ 0.0, 0.0, 0.0, 0.0 ],
          [ 1.0, 1.0, 1.0, 0.0 ],
          [ -23.14847183227539, 27.0, 0.6854648590087891, 0.0 ],
          [ 0.0, 0.0, 0.0, 0.0 ]
        ],
        "Prop Matrix (32)": [
          [ 0.0, 0.0, 0.0, 0.0 ],
          [ 1.0, 1.0, 1.0, 0.0 ],
          [ -29.13400650024414, 27.0, -24.363264083862305, 0.0 ],
          [ 0.0, 0.0, 0.0, 0.0 ]
        ],
        "Prop Matrix (33)": [
          [ 0.0, 0.0, 0.0, 0.0 ],
          [ 1.0, 1.0, 1.0, 0.0 ],
          [ -18.316986083984375, 27.0, -33.05780792236328, 0.0 ],
          [ 0.0, 0.0, 0.0, 0.0 ]
        ],
        "Prop Matrix (34)": [
          [ 0.0, 0.0, 0.0, 0.0 ],
          [ 1.0, 1.0, 1.0, 0.0 ],
          [ -9.02602767944336, 27.0, -42.1876106262207, 0.0 ],
          [ 0.0, 0.0, 0.0, 0.0 ]
        ],
        "Prop Matrix (35)": [
          [ 0.0, 0.0, 0.0, 0.0 ],
          [ 1.0, 1.0, 1.0, 0.0 ],
          [ -13.0, 6.0, -40.0, 0.0 ],
          [ 0.0, 0.0, 0.0, 0.0 ]
        ],
        "Prop Matrix (36)": [
          [ 0.0, 0.0, 0.0, 0.0 ],
          [ 1.0, 1.0, 1.0, 0.0 ],
          [ 38.09455108642578, 27.0, -65.79161071777344, 0.0 ],
          [ 0.0, 0.0, 0.0, 0.0 ]
        ],
        "Prop Matrix (37)": [
          [ 0.0, 0.0, 0.0, 0.0 ],
          [ 1.0, 1.0, 1.0, 0.0 ],
          [ 63.946044921875, 14.0, -69.00382995605469, 0.0 ],
          [ 0.0, 0.0, 0.0, 0.0 ]
        ],
        "Prop Matrix (38)": [
          [ 0.0, 0.0, 0.0, 0.0 ],
          [ 1.0, 1.0, 1.0, 0.0 ],
          [ 36.87291717529297, 14.0, -37.72819519042969, 0.0 ],
          [ 0.0, 0.0, 0.0, 0.0 ]
        ],
        "Prop Matrix (39)": [
          [ 0.0, 0.0, 0.0, 0.0 ],
          [ 1.0, 1.0, 1.0, 0.0 ],
          [ 19.348228454589844, 14.0, -28.835521697998047, 0.0 ],
          [ 0.0, 0.0, 0.0, 0.0 ]
        ],
        "Prop Matrix (4)": [
          [ 0.0, 0.0, 0.0, 0.0 ],
          [ 1.0, 1.0, 1.0, 0.0 ],
          [ 282.28167724609375, 0.0, 141.2718505859375, 0.0 ],
          [ 0.0, 0.0, 0.0, 0.0 ]
        ],
        "Prop Matrix (40)": [
          [ 0.0, 0.0, 0.0, 0.0 ],
          [ 1.0, 1.0, 1.0, 0.0 ],
          [ 0.7784881591796875, 14.0, -15.868058204650879, 0.0 ],
          [ 0.0, 0.0, 0.0, 0.0 ]
        ],
        "Prop Matrix (41)": [
          [ 0.0, 0.0, 0.0, 0.0 ],
          [ 1.0, 1.0, 1.0, 0.0 ],
          [ -11.480873107910156, 14.0, -14.564055442810059, 0.0 ],
          [ 0.0, 0.0, 0.0, 0.0 ]
        ],
        "Prop Matrix (42)": [
          [ 0.0, 0.0, 0.0, 0.0 ],
          [ 1.0, 1.0, 1.0, 0.0 ],
          [ -19.615440368652344, 14.0, -0.5101127624511719, 0.0 ],
          [ 0.0, 0.0, 0.0, 0.0 ]
        ],
        "Prop Matrix (43)": [
          [ 0.0, 0.0, 0.0, 0.0 ],
          [ 1.0, 1.0, 1.0, 0.0 ],
          [ -14.71480941772461, 14.0, 14.509674072265625, 0.0 ],
          [ 0.0, 0.0, 0.0, 0.0 ]
        ],
        "Prop Matrix (44)": [
          [ 0.0, 0.0, 0.0, 0.0 ],
          [ 1.0, 1.0, 1.0, 0.0 ],
          [ 18.07665252685547, 14.0, 18.66379165649414, 0.0 ],
          [ 0.0, 0.0, 0.0, 0.0 ]
        ],
        "Prop Matrix (45)": [
          [ 0.0, 0.0, 0.0, 0.0 ],
          [ 1.0, 1.0, 1.0, 0.0 ],
          [ 72.16441345214844, 14.0, 3.9924697875976563, 0.0 ],
          [ 0.0, 0.0, 0.0, 0.0 ]
        ],
        "Prop Matrix (46)": [
          [ 0.0, 0.0, 0.0, 0.0 ],
          [ 1.0, 1.0, 1.0, 0.0 ],
          [ -12.170730590820313, 6.0, -32.26703643798828, 0.0 ],
          [ 0.0, 0.0, 0.0, 0.0 ]
        ],
        "Prop Matrix (47)": [
          [ 0.0, 0.0, 0.0, 0.0 ],
          [ 1.0, 1.0, 1.0, 0.0 ],
          [ 151.56842041015625, 14.0, 29.423686981201172, 0.0 ],
          [ 0.0, 0.0, 0.0, 0.0 ]
        ],
        "Prop Matrix (48)": [
          [ 0.0, 0.0, 0.0, 0.0 ],
          [ 1.0, 1.0, 1.0, 0.0 ],
          [ 218.852294921875, 14.0, 28.86871337890625, 0.0 ],
          [ 0.0, 0.0, 0.0, 0.0 ]
        ],
        "Prop Matrix (49)": [
          [ 0.0, 0.0, 0.0, 0.0 ],
          [ 1.0, 1.0, 1.0, 0.0 ],
          [ 173.0396728515625, 14.0, -22.15409278869629, 0.0 ],
          [ 0.0, 0.0, 0.0, 0.0 ]
        ],
        "Prop Matrix (5)": [
          [ 0.0, 0.0, 0.0, 0.0 ],
          [ 1.0, 1.0, 1.0, 0.0 ],
          [ 255.12197875976563, 0.0, 122.0280990600586, 0.0 ],
          [ 0.0, 0.0, 0.0, 0.0 ]
        ],
        "Prop Matrix (50)": [
          [ 0.0, 0.0, 0.0, 0.0 ],
          [ 1.0, 1.0, 1.0, 0.0 ],
          [ 68.54966735839844, 14.0, -16.757596969604492, 0.0 ],
          [ 0.0, 0.0, 0.0, 0.0 ]
        ],
        "Prop Matrix (51)": [
          [ 0.0, 0.0, 0.0, 0.0 ],
          [ 1.0, 1.0, 1.0, 0.0 ],
          [ 47.88115692138672, 14.0, 13.595565795898438, 0.0 ],
          [ 0.0, 0.0, 0.0, 0.0 ]
        ],
        "Prop Matrix (52)": [
          [ 0.0, 0.0, 0.0, 0.0 ],
          [ 1.0, 1.0, 1.0, 0.0 ],
          [ 10.997917175292969, 14.0, 6.967777252197266, 0.0 ],
          [ 0.0, 0.0, 0.0, 0.0 ]
        ],
        "Prop Matrix (53)": [
          [ 0.0, 0.0, 0.0, 0.0 ],
          [ 1.0, 1.0, 1.0, 0.0 ],
          [ -4.238960266113281, 14.0, -17.215166091918945, 0.0 ],
          [ 0.0, 0.0, 0.0, 0.0 ]
        ],
        "Prop Matrix (54)": [
          [ 0.0, 0.0, 0.0, 0.0 ],
          [ 1.0, 1.0, 1.0, 0.0 ],
          [ -13.589393615722656, 14.0, -30.624752044677734, 0.0 ],
          [ 0.0, 0.0, 0.0, 0.0 ]
        ],
        "Prop Matrix (55)": [
          [ 0.0, 0.0, 0.0, 0.0 ],
          [ 1.0, 1.0, 1.0, 0.0 ],
          [ -13.019451141357422, 14.0, -46.193790435791016, 0.0 ],
          [ 0.0, 0.0, 0.0, 0.0 ]
        ],
        "Prop Matrix (56)": [
          [ 0.0, 0.0, 0.0, 0.0 ],
          [ 1.0, 1.0, 1.0, 0.0 ],
          [ 10.236869812011719, 14.0, -60.308433532714844, 0.0 ],
          [ 0.0, 0.0, 0.0, 0.0 ]
        ],
        "Prop Matrix (57)": [
          [ 0.0, 0.0, 0.0, 0.0 ],
          [ 1.0, 1.0, 1.0, 0.0 ],
          [ -17.528564453125, 6.0, -16.485166549682617, 0.0 ],
          [ 0.0, 0.0, 0.0, 0.0 ]
        ],
        "Prop Matrix (58)": [
          [ 0.0, 0.0, 0.0, 0.0 ],
          [ 1.0, 1.0, 1.0, 0.0 ],
          [ 32.199974060058594, 14.0, -70.61691284179688, 0.0 ],
          [ 0.0, 0.0, 0.0, 0.0 ]
        ],
        "Prop Matrix (59)": [
          [ 0.0, 0.0, 0.0, 0.0 ],
          [ 1.0, 1.0, 1.0, 0.0 ],
          [ 67.8736572265625, 14.0, -85.71629333496094, 0.0 ],
          [ 0.0, 0.0, 0.0, 0.0 ]
        ],
        "Prop Matrix (6)": [
          [ 0.0, 0.0, 0.0, 0.0 ],
          [ 1.0, 1.0, 1.0, 0.0 ],
          [ 132.35415649414063, 0.0, 86.40580749511719, 0.0 ],
          [ 0.0, 0.0, 0.0, 0.0 ]
        ],
        "Prop Matrix (60)": [
          [ 0.0, 0.0, 0.0, 0.0 ],
          [ 1.0, 1.0, 1.0, 0.0 ],
          [ 165.85287475585938, 14.0, -128.0119171142578, 0.0 ],
          [ 0.0, 0.0, 0.0, 0.0 ]
        ],
        "Prop Matrix (61)": [
          [ 0.0, 0.0, 0.0, 0.0 ],
          [ 1.0, 1.0, 1.0, 0.0 ],
          [ 278.3988952636719, 14.0, -116.27887725830078, 0.0 ],
          [ 0.0, 0.0, 0.0, 0.0 ]
        ],
        "Prop Matrix (62)": [
          [ 0.0, 0.0, 0.0, 0.0 ],
          [ 1.0, 1.0, 1.0, 0.0 ],
          [ 242.09368896484375, 14.0, -71.53623962402344, 0.0 ],
          [ 0.0, 0.0, 0.0, 0.0 ]
        ],
        "Prop Matrix (63)": [
          [ 0.0, 0.0, 0.0, 0.0 ],
          [ 1.0, 1.0, 1.0, 0.0 ],
          [ 128.40951538085938, 14.0, -66.67417907714844, 0.0 ],
          [ 0.0, 0.0, 0.0, 0.0 ]
        ],
        "Prop Matrix (64)": [
          [ 0.0, 0.0, 0.0, 0.0 ],
          [ 1.0, 1.0, 1.0, 0.0 ],
          [ 121.13999938964844, 14.0, -70.23614501953125, 0.0 ],
          [ 0.0, 0.0, 0.0, 0.0 ]
        ],
        "Prop Matrix (65)": [
          [ 0.0, 0.0, 0.0, 0.0 ],
          [ 1.0, 1.0, 1.0, 0.0 ],
          [ 43.10577392578125, 14.0, -9.922487258911133, 0.0 ],
          [ 0.0, 0.0, 0.0, 0.0 ]
        ],
        "Prop Matrix (66)": [
          [ 0.0, 0.0, 0.0, 0.0 ],
          [ 1.0, 1.0, 1.0, 0.0 ],
          [ 75.656494140625, 14.0, 17.834339141845703, 0.0 ],
          [ 0.0, 0.0, 0.0, 0.0 ]
        ],
        "Prop Matrix (67)": [
          [ 0.0, 0.0, 0.0, 0.0 ],
          [ 1.0, 1.0, 1.0, 0.0 ],
          [ 122.15017700195313, 14.0, 42.752952575683594, 0.0 ],
          [ 0.0, 0.0, 0.0, 0.0 ]
        ],
        "Prop Matrix (68)": [
          [ 0.0, 0.0, 0.0, 0.0 ],
          [ 1.0, 1.0, 1.0, 0.0 ],
          [ -13.950790405273438, 6.0, -15.101953506469727, 0.0 ],
          [ 0.0, 0.0, 0.0, 0.0 ]
        ],
        "Prop Matrix (69)": [
          [ 0.0, 0.0, 0.0, 0.0 ],
          [ 1.0, 1.0, 1.0, 0.0 ],
          [ 242.6136474609375, 14.0, 101.8580551147461, 0.0 ],
          [ 0.0, 0.0, 0.0, 0.0 ]
        ],
        "Prop Matrix (7)": [
          [ 0.0, 0.0, 0.0, 0.0 ],
          [ 1.0, 1.0, 1.0, 0.0 ],
          [ 87.32821655273438, 0.0, 66.21282958984375, 0.0 ],
          [ 0.0, 0.0, 0.0, 0.0 ]
        ],
        "Prop Matrix (70)": [
          [ 0.0, 0.0, 0.0, 0.0 ],
          [ 1.0, 1.0, 1.0, 0.0 ],
          [ 228.36514282226563, 14.0, 100.36583709716797, 0.0 ],
          [ 0.0, 0.0, 0.0, 0.0 ]
        ],
        "Prop Matrix (71)": [
          [ 0.0, 0.0, 0.0, 0.0 ],
          [ 1.0, 1.0, 1.0, 0.0 ],
          [ 122.02165222167969, 14.0, 76.22618865966797, 0.0 ],
          [ 0.0, 0.0, 0.0, 0.0 ]
        ],
        "Prop Matrix (72)": [
          [ 0.0, 0.0, 0.0, 0.0 ],
          [ 1.0, 1.0, 1.0, 0.0 ],
          [ 60.0455322265625, 14.0, 34.811092376708984, 0.0 ],
          [ 0.0, 0.0, 0.0, 0.0 ]
        ],
        "Prop Matrix (73)": [
          [ 0.0, 0.0, 0.0, 0.0 ],
          [ 1.0, 1.0, 1.0, 0.0 ],
          [ 28.303627014160156, 14.0, 24.73885726928711, 0.0 ],
          [ 0.0, 0.0, 0.0, 0.0 ]
        ],
        "Prop Matrix (74)": [
          [ 0.0, 0.0, 0.0, 0.0 ],
          [ 1.0, 1.0, 1.0, 0.0 ],
          [ 3.313323974609375, 14.0, 31.732418060302734, 0.0 ],
          [ 0.0, 0.0, 0.0, 0.0 ]
        ],
        "Prop Matrix (75)": [
          [ 0.0, 0.0, 0.0, 0.0 ],
          [ 1.0, 1.0, 1.0, 0.0 ],
          [ 0.061614990234375, 14.0, 37.37355041503906, 0.0 ],
          [ 0.0, 0.0, 0.0, 0.0 ]
        ],
        "Prop Matrix (76)": [
          [ 0.0, 0.0, 0.0, 0.0 ],
          [ 1.0, 1.0, 1.0, 0.0 ],
          [ -10.445793151855469, 14.0, 31.431163787841797, 0.0 ],
          [ 0.0, 0.0, 0.0, 0.0 ]
        ],
        "Prop Matrix (77)": [
          [ 0.0, 0.0, 0.0, 0.0 ],
          [ 1.0, 1.0, 1.0, 0.0 ],
          [ -21.562847137451172, 14.0, 17.168838500976563, 0.0 ],
          [ 0.0, 0.0, 0.0, 0.0 ]
        ],
        "Prop Matrix (78)": [
          [ 0.0, 0.0, 0.0, 0.0 ],
          [ 1.0, 1.0, 1.0, 0.0 ],
          [ -30.574935913085938, 14.0, 1.7703571319580078, 0.0 ],
          [ 0.0, 0.0, 0.0, 0.0 ]
        ],
        "Prop Matrix (79)": [
          [ 0.0, 0.0, 0.0, 0.0 ],
          [ 1.0, 1.0, 1.0, 0.0 ],
          [ -8.911357879638672, 6.0, -7.695341110229492, 0.0 ],
          [ 0.0, 0.0, 0.0, 0.0 ]
        ],
        "Prop Matrix (8)": [
          [ 0.0, 0.0, 0.0, 0.0 ],
          [ 1.0, 1.0, 1.0, 0.0 ],
          [ 117.00692749023438, 0.0, 73.75968170166016, 0.0 ],
          [ 0.0, 0.0, 0.0, 0.0 ]
        ],
        "Prop Matrix (80)": [
          [ 0.0, 0.0, 0.0, 0.0 ],
          [ 1.0, 1.0, 1.0, 0.0 ],
          [ -35.4793701171875, 14.0, -11.03312873840332, 0.0 ],
          [ 0.0, 0.0, 0.0, 0.0 ]
        ],
        "Prop Matrix (81)": [
          [ 0.0, 0.0, 0.0, 0.0 ],
          [ 1.0, 1.0, 1.0, 0.0 ],
          [ -35.17081069946289, 14.0, -24.541885375976563, 0.0 ],
          [ 0.0, 0.0, 0.0, 0.0 ]
        ],
        "Prop Matrix (82)": [
          [ 0.0, 0.0, 0.0, 0.0 ],
          [ 1.0, 1.0, 1.0, 0.0 ],
          [ -32.20323181152344, 14.0, -32.160804748535156, 0.0 ],
          [ 0.0, 0.0, 0.0, 0.0 ]
        ],
        "Prop Matrix (83)": [
          [ 0.0, 0.0, 0.0, 0.0 ],
          [ 1.0, 1.0, 1.0, 0.0 ],
          [ -12.378971099853516, 6.0, -3.3618698120117188, 0.0 ],
          [ 0.0, 0.0, 0.0, 0.0 ]
        ],
        "Prop Matrix (84)": [
          [ 0.0, 0.0, 0.0, 0.0 ],
          [ 1.0, 1.0, 1.0, 0.0 ],
          [ -19.721290588378906, 6.0, -1.7019271850585938, 0.0 ],
          [ 0.0, 0.0, 0.0, 0.0 ]
        ],
        "Prop Matrix (85)": [
          [ 0.0, 0.0, 0.0, 0.0 ],
          [ 1.0, 1.0, 1.0, 0.0 ],
          [ -22.55548858642578, 6.0, -25.841995239257813, 0.0 ],
          [ 0.0, 0.0, 0.0, 0.0 ]
        ],
        "Prop Matrix (86)": [
          [ 0.0, 0.0, 0.0, 0.0 ],
          [ 1.0, 1.0, 1.0, 0.0 ],
          [ -23.88312530517578, 0.0, -25.721540451049805, 0.0 ],
          [ 0.0, 0.0, 0.0, 0.0 ]
        ],
        "Prop Matrix (87)": [
          [ 0.0, 0.0, 0.0, 0.0 ],
          [ 1.0, 1.0, 1.0, 0.0 ],
          [ -24.290576934814453, 0.0, -18.796554565429688, 0.0 ],
          [ 0.0, 0.0, 0.0, 0.0 ]
        ],
        "Prop Matrix (88)": [
          [ 0.0, 0.0, 0.0, 0.0 ],
          [ 1.0, 1.0, 1.0, 0.0 ],
          [ -27.91751480102539, 0.0, -13.769784927368164, 0.0 ],
          [ 0.0, 0.0, 0.0, 0.0 ]
        ],
        "Prop Matrix (89)": [
          [ 0.0, 0.0, 0.0, 0.0 ],
          [ 1.0, 1.0, 1.0, 0.0 ],
          [ -29.00609588623047, 0.0, -6.87580680847168, 0.0 ],
          [ 0.0, 0.0, 0.0, 0.0 ]
        ],
        "Prop Matrix (9)": [
          [ 0.0, 0.0, 0.0, 0.0 ],
          [ 1.0, 1.0, 1.0, 0.0 ],
          [ 196.74142456054688, 0.0, 77.33184051513672, 0.0 ],
          [ 0.0, 0.0, 0.0, 0.0 ]
        ],
        "Prop Matrix (90)": [
          [ 0.0, 0.0, 0.0, 0.0 ],
          [ 1.0, 1.0, 1.0, 0.0 ],
          [ -19.387531280517578, 0.0, 6.176025390625, 0.0 ],
          [ 0.0, 0.0, 0.0, 0.0 ]
        ],
        "Prop Matrix (91)": [
          [ 0.0, 0.0, 0.0, 0.0 ],
          [ 1.0, 1.0, 1.0, 0.0 ],
          [ 11.336051940917969, 0.0, 17.7109375, 0.0 ],
          [ 0.0, 0.0, 0.0, 0.0 ]
        ],
        "Prop Matrix (92)": [
          [ 0.0, 0.0, 0.0, 0.0 ],
          [ 1.0, 1.0, 1.0, 0.0 ],
          [ 30.220726013183594, 0.0, 24.11444091796875, 0.0 ],
          [ 0.0, 0.0, 0.0, 0.0 ]
        ],
        "Prop Matrix (93)": [
          [ 0.0, 0.0, 0.0, 0.0 ],
          [ 1.0, 1.0, 1.0, 0.0 ],
          [ 45.637908935546875, 0.0, 5.4902191162109375, 0.0 ],
          [ 0.0, 0.0, 0.0, 0.0 ]
        ],
        "Prop Matrix (94)": [
          [ 0.0, 0.0, 0.0, 0.0 ],
          [ 1.0, 1.0, 1.0, 0.0 ],
          [ 49.115196228027344, 0.0, -6.59724235534668, 0.0 ],
          [ 0.0, 0.0, 0.0, 0.0 ]
        ],
        "Prop Matrix (95)": [
          [ 0.0, 0.0, 0.0, 0.0 ],
          [ 1.0, 1.0, 1.0, 0.0 ],
          [ 32.77044677734375, 0.0, -20.225921630859375, 0.0 ],
          [ 0.0, 0.0, 0.0, 0.0 ]
        ],
        "Prop Matrix (96)": [
          [ 0.0, 0.0, 0.0, 0.0 ],
          [ 1.0, 1.0, 1.0, 0.0 ],
          [ -11.440044403076172, 6.0, -23.826351165771484, 0.0 ],
          [ 0.0, 0.0, 0.0, 0.0 ]
        ],
        "Prop Matrix (97)": [
          [ 0.0, 0.0, 0.0, 0.0 ],
          [ 1.0, 1.0, 1.0, 0.0 ],
          [ 22.377349853515625, 0.0, -28.534595489501953, 0.0 ],
          [ 0.0, 0.0, 0.0, 0.0 ]
        ],
        "Prop Matrix (98)": [
          [ 0.0, 0.0, 0.0, 0.0 ],
          [ 1.0, 1.0, 1.0, 0.0 ],
          [ 24.203590393066406, 0.0, -34.180458068847656, 0.0 ],
          [ 0.0, 0.0, 0.0, 0.0 ]
        ],
        "Prop Matrix (99)": [
          [ 0.0, 0.0, 0.0, 0.0 ],
          [ 1.0, 1.0, 1.0, 0.0 ],
          [ 40.990135192871094, 0.0, -34.87480163574219, 0.0 ],
          [ 0.0, 0.0, 0.0, 0.0 ]
        ]
      },
      "Setting": { "Enable": true }
    },
    {
      "Component": {
        "Model": "Wagon3_Origin",
        "Transform": [
          [ 1.0, -1.0252004358335398e-05, 1.025187157210894e-05, 0.0 ],
          [ 1.0251870662614238e-05, 0.9999999403953552, 1.299391715292586e-05, 0.0 ],
          [ -1.0252003448840696e-05, -1.2993811651540454e-05, 0.9999999403953552, 0.0 ],
          [ 0.0, 0.0, 0.0, 1.0 ]
        ]
      },
      "Hash": 12970482995225672232,
      "Name": "class Client::CDynamic_Prop",
      "Setting": { "Enable": true }
    }
  ]
}
