{
  "GameObject": [
    {
      "Component": {
        "Transform": [
          [ 0.8646506071090698, 4.656612873077393e-10, -0.5023741722106934, 0.0 ],
          [ 0.14713385701179504, 0.9561501741409302, 0.253235399723053, 0.0 ],
          [ 0.48034560680389404, -0.2928766906261444, 0.8267344832420349, 0.0 ],
          [ -6.541692733764648, 18.745365142822266, -27.36907196044922, 1.0 ]
        ]
      },
      "Hash": 8675365520207489377,
      "Name": "class Client::CCamera_Free",
      "Setting": { "Enable": true }
    },
    {
      "Component": {
        "Transform": [
          [ 1.0, 0.0, 0.0, 0.0 ],
          [ 0.0, 1.0, 0.0, 0.0 ],
          [ 0.0, 0.0, 1.0, 0.0 ],
          [ 0.0, 0.0, 0.0, 1.0 ]
        ]
      },
      "Hash": 12159710856434595157,
      "Name": "class Client::CGround",
      "Setting": { "Enable": true },
      "ShaderPass": 0,
      "TextureInfo": {
        "g_Texture_AddNo1": {
          "Density": 30.0,
          "Diff": "T_Moss_D",
          "Norm": "T_Moss_N"
        },
        "g_Texture_AddNo2": {
          "Density": 30.0,
          "Diff": "brick2moss_D",
          "Norm": "brick2moss_N"
        },
        "g_Texture_AddNo3": {
          "Density": 30.0,
          "Diff": "T_moss_1_a_D",
          "Norm": "T_moss_1_a_N"
        },
        "g_Texture_Sorc": {
          "Density": 30.0,
          "Diff": "T_GroundMud_D",
          "Norm": "T_GroundMud_N"
        }
      },
      "VIBufferCom": "Stage_Lv1-2Boss_Ver2",
      "g_FilterTexture": "Stage_Lv1-2Boss_Ver2_Filter"
    },
    {
      "Component": {
        "Transform": [
          [ 1.0, 0.0, 0.0, 0.0 ],
          [ 0.0, 1.0, 2.6941299438476563e-05, 0.0 ],
          [ 0.0, -2.6941299438476563e-05, 1.0, 0.0 ],
          [ -43.199405670166016, 0.0, 121.9782943725586, 1.0 ]
        ]
      },
      "Hash": 12159710856434595157,
      "Name": "class Client::CGround",
      "Setting": { "Enable": true },
      "ShaderPass": 0,
      "TextureInfo": {
        "g_Texture_AddNo1": {
          "Density": 30.0,
          "Diff": "T_Moss_D",
          "Norm": "T_Moss_N"
        },
        "g_Texture_AddNo2": {
          "Density": 30.0,
          "Diff": "brick2moss_D",
          "Norm": "brick2moss_N"
        },
        "g_Texture_AddNo3": {
          "Density": 30.0,
          "Diff": "T_moss_1_a_D",
          "Norm": "T_moss_1_a_N"
        },
        "g_Texture_Sorc": {
          "Density": 30.0,
          "Diff": "T_GroundMud_D",
          "Norm": "T_GroundMud_N"
        }
      },
      "VIBufferCom": "Stage_Lv1-2Boss",
      "g_FilterTexture": "Stage_Lv1-2Boss_Filter"
    }
  ]
}
