{
  "GameObject": [
    {
      "Component": {
        "Transform": [
          [ 0.6958474516868591, -1.9208528101444244e-09, -0.7181861400604248, 0.0 ],
          [ 0.47914111614227295, 0.7449201941490173, 0.464239239692688, 0.0 ],
          [ 0.534991979598999, -0.6671533584594727, 0.5183509588241577, 0.0 ],
          [ 6.418041229248047, 1.0491856336593628, 0.4989407956600189, 1.0 ]
        ]
      },
      "Hash": 8675365520207489377,
      "Name": "class Client::CCamera_Free",
      "Setting": { "Enable": true }
    },
    {
      "Component": {
        "Transform": [
          [ 1.0, 0.0, 0.0, 0.0 ],
          [ 0.0, 1.0, 0.0, 0.0 ],
          [ 0.0, 0.0, 1.0, 0.0 ],
          [ 0.0, 0.0, 0.0, 1.0 ]
        ]
      },
      "Hash": 12159710856434595157,
      "Name": "class Client::CGround",
      "Setting": { "Enable": true },
      "ShaderPass": 0,
      "TextureInfo": {
        "g_Texture_Sorc": {
          "Density": 30.0,
          "Diff": "T_P_Gravel_floor01_D",
          "Norm": "T_P_Gravel_floor01_N"
        }
      },
      "VIBufferCom": "Test2",
      "g_FilterTexture": "Test2_Filter"
    },
    {
      "Component": {
        "Model": "Tent_P_WoodenStand01",
        "Transform": [
          [ 1.0, 0.0, 0.0, 0.0 ],
          [ 0.0, 1.0, 2.6941299438476563e-05, 0.0 ],
          [ 0.0, -2.6941299438476563e-05, 1.0, 0.0 ],
          [ 20.0, -2.5, 20.0, 1.0 ]
        ]
      },
      "Hash": 15438220394405784524,
      "Invisibility": true,
      "Name": "class Client::CStatic_Prop",
      "PhysX_Collider_Type": 0,
      "Setting": { "Enable": true }
    },
    {
      "Component": {
        "Model": "Tent_P_WoodenStand04",
        "Transform": [
          [ 1.0, 0.0, 0.0, 0.0 ],
          [ 0.0, 1.0, 2.6941299438476563e-05, 0.0 ],
          [ 0.0, -2.6941299438476563e-05, 1.0, 0.0 ],
          [ 20.0, -2.5, 20.0, 1.0 ]
        ]
      },
      "Hash": 15438220394405784524,
      "Invisibility": true,
      "Name": "class Client::CStatic_Prop",
      "PhysX_Collider_Type": 0,
      "Setting": { "Enable": true }
    },
    {
      "Component": {
        "Model": "Tent_P_WoodenStand05",
        "Transform": [
          [ 1.0, 0.0, 0.0, 0.0 ],
          [ 0.0, 1.0, 2.6941299438476563e-05, 0.0 ],
          [ 0.0, -2.6941299438476563e-05, 1.0, 0.0 ],
          [ 20.0, -2.5, 20.0, 1.0 ]
        ]
      },
      "Hash": 15438220394405784524,
      "Invisibility": true,
      "Name": "class Client::CStatic_Prop",
      "PhysX_Collider_Type": 0,
      "Setting": { "Enable": true }
    },
    {
      "Component": {
        "Model": "Tent_P_WoodenStand08",
        "Transform": [
          [ 1.0, 0.0, 0.0, 0.0 ],
          [ 0.0, 1.0, 2.6941299438476563e-05, 0.0 ],
          [ 0.0, -2.6941299438476563e-05, 1.0, 0.0 ],
          [ 20.0, -2.5, 20.0, 1.0 ]
        ]
      },
      "Hash": 15438220394405784524,
      "Invisibility": true,
      "Name": "class Client::CStatic_Prop",
      "PhysX_Collider_Type": 0,
      "Setting": { "Enable": true }
    },
    {
      "Component": {
        "Model": "Tent_P_WoodenStand10",
        "Transform": [
          [ 1.0, 0.0, 0.0, 0.0 ],
          [ 0.0, 1.0, 2.6941299438476563e-05, 0.0 ],
          [ 0.0, -2.6941299438476563e-05, 1.0, 0.0 ],
          [ 20.0, -2.5, 20.0, 1.0 ]
        ]
      },
      "Hash": 15438220394405784524,
      "Invisibility": true,
      "Name": "class Client::CStatic_Prop",
      "PhysX_Collider_Type": 0,
      "Setting": { "Enable": true }
    },
    {
      "Component": {
        "Model": "Tent_P_Rag01",
        "Transform": [
          [ 1.0, 0.0, 0.0, 0.0 ],
          [ 0.0, 1.0, 2.6941299438476563e-05, 0.0 ],
          [ 0.0, -2.6941299438476563e-05, 1.0, 0.0 ],
          [ 20.0, -2.5, 20.0, 1.0 ]
        ]
      },
      "Hash": 15438220394405784524,
      "Invisibility": true,
      "Name": "class Client::CStatic_Prop",
      "PhysX_Collider_Type": 0,
      "Setting": { "Enable": true }
    },
    {
      "Component": {
        "Model": "Tent_P_Rag02",
        "Transform": [
          [ 1.0, 0.0, 0.0, 0.0 ],
          [ 0.0, 1.0, 2.6941299438476563e-05, 0.0 ],
          [ 0.0, -2.6941299438476563e-05, 1.0, 0.0 ],
          [ 20.0, -2.5, 20.0, 1.0 ]
        ]
      },
      "Hash": 15438220394405784524,
      "Invisibility": true,
      "Name": "class Client::CStatic_Prop",
      "PhysX_Collider_Type": 0,
      "Setting": { "Enable": true }
    },
    {
      "Component": {
        "Model": "Tent_P_Rag03",
        "Transform": [
          [ 1.0, 0.0, 0.0, 0.0 ],
          [ 0.0, 1.0, 2.6941299438476563e-05, 0.0 ],
          [ 0.0, -2.6941299438476563e-05, 1.0, 0.0 ],
          [ 20.0, -2.5, 20.0, 1.0 ]
        ]
      },
      "Hash": 15438220394405784524,
      "Invisibility": true,
      "Name": "class Client::CStatic_Prop",
      "PhysX_Collider_Type": 0,
      "Setting": { "Enable": true }
    },
    {
      "Component": {
        "Model": "Tent_P_Rag04",
        "Transform": [
          [ 1.0, 0.0, 0.0, 0.0 ],
          [ 0.0, 1.0, 2.6941299438476563e-05, 0.0 ],
          [ 0.0, -2.6941299438476563e-05, 1.0, 0.0 ],
          [ 20.0, -2.5, 20.0, 1.0 ]
        ]
      },
      "Hash": 15438220394405784524,
      "Invisibility": true,
      "Name": "class Client::CStatic_Prop",
      "PhysX_Collider_Type": 0,
      "Setting": { "Enable": true }
    },
    {
      "Component": {
        "Model": "Tent_P_Rag05",
        "Transform": [
          [ 1.0, 0.0, 0.0, 0.0 ],
          [ 0.0, 1.0, 2.6941299438476563e-05, 0.0 ],
          [ 0.0, -2.6941299438476563e-05, 1.0, 0.0 ],
          [ 20.0, -2.5, 20.0, 1.0 ]
        ]
      },
      "Hash": 15438220394405784524,
      "Invisibility": true,
      "Name": "class Client::CStatic_Prop",
      "PhysX_Collider_Type": 0,
      "Setting": { "Enable": true }
    },
    {
      "Component": {
        "Model": "Tent_P_Rag07",
        "Transform": [
          [ 1.0, 0.0, 0.0, 0.0 ],
          [ 0.0, 1.0, 2.6941299438476563e-05, 0.0 ],
          [ 0.0, -2.6941299438476563e-05, 1.0, 0.0 ],
          [ 20.0, -2.5, 20.0, 1.0 ]
        ]
      },
      "Hash": 15438220394405784524,
      "Invisibility": true,
      "Name": "class Client::CStatic_Prop",
      "PhysX_Collider_Type": 0,
      "Setting": { "Enable": true }
    },
    {
      "ColliderPosY": 1.5,
      "Component": {
        "Transform": [
          [ -0.35152995586395264, 9.094947017729282e-13, -0.9361766576766968, 0.0 ],
          [ 2.522181603126228e-05, 1.0, -9.470672921452206e-06, 0.0 ],
          [ 0.9361766576766968, -2.6941299438476563e-05, -0.35152995586395264, 0.0 ],
          [ 16.01643180847168, -3.490000009536743, 25.531206130981445, 1.0 ]
        ]
      },
      "Hash": 4298431940931674343,
      "Invisibility": true,
      "Name": "class Client::CInteraction_Elevator",
      "Setting": { "Enable": true },
      "NextLevel": 5
    },
    {
      "ColliderDesc": [ 5.0, -2.5, 1.5, -1.0 ],
      "Component": {
        "Model": "P_MainChurchDoorRight01",
        "Transform": [
          [ 0.9987502098083496, 1.2960299500264227e-11, -0.04998035728931427, 0.0 ],
          [ 1.3465228221321013e-06, 1.0, 2.6907628125627525e-05, 0.0 ],
          [ 0.04998035728931427, -2.694129761948716e-05, 0.9987502098083496, 0.0 ],
          [ 6.257868766784668, 2.490000009536743, 8.822876930236816, 1.0 ]
        ]
      },
      "Hash": 5477902507740036444,
      "Invisibility": true,
      "Name": "class Client::CInteraction_Door",
      "RotationSpeed": 0.20000000298023224,
      "RotationtRadian": 1.5707963705062866,
      "Setting": { "Enable": true }
    },
    {
      "ColliderDesc": [ 5.0, -2.5, 1.5, 1.0 ],
      "Component": {
        "Model": "P_MainChurchDoorRight01",
        "Transform": [
          [ -0.9858532547950745, 0.0, 0.16760869324207306, 0.0 ],
          [ -4.515597083809553e-06, 1.0, -2.656017750268802e-05, 0.0 ],
          [ -0.16760869324207306, -2.694129216251895e-05, -0.9858532547950745, 0.0 ],
          [ 1.6013178825378418, -3.490000009536743, 9.361631393432617, 1.0 ]
        ]
      },
      "Hash": 5477902507740036444,
      "Invisibility": true,
      "Name": "class Client::CInteraction_Door",
      "RotationSpeed": -1.0,
      "RotationtRadian": 1.5707963705062866,
      "Setting": { "Enable": true }
    },
    {
      "CheckIndex": 0,
      "Component": {
        "Transform": [
          [ 1.0, 0.0, 0.0, 0.0 ],
          [ 0.0, 1.0, 2.6941299438476563e-05, 0.0 ],
          [ 0.0, -2.6941299438476563e-05, 1.0, 0.0 ],
          [ 8.954845428466797, -4.980002403259277, 4.863716125488281, 1.0 ]
        ]
      },
      "Hash": 10178373209891377349,
      "Invisibility": true,
      "Name": "class Client::CInteraction_CheckPoint",
      "Setting": { "Enable": true }
    },
    {
      "CheckIndex": 1,
      "Component": {
        "Transform": [
          [ 1.0, 0.0, 0.0, 0.0 ],
          [ 0.0, 1.0, 2.6941299438476563e-05, 0.0 ],
          [ 0.0, -2.6941299438476563e-05, 1.0, 0.0 ],
          [ 15.887020111083984, -3.7100026607513428, 5.990129470825195, 1.0 ]
        ]
      },
      "Hash": 10178373209891377349,
      "Invisibility": true,
      "Name": "class Client::CInteraction_CheckPoint",
      "Setting": { "Enable": true }
    },
    {
      "CheckIndex": 2,
      "Component": {
        "Transform": [
          [ 1.0, 0.0, 0.0, 0.0 ],
          [ 0.0, 1.0, 2.6941299438476563e-05, 0.0 ],
          [ 0.0, -2.6941299438476563e-05, 1.0, 0.0 ],
          [ 21.922706604003906, -3.020003318786621, 4.584319114685059, 1.0 ]
        ]
      },
      "Hash": 10178373209891377349,
      "Invisibility": true,
      "Name": "class Client::CInteraction_CheckPoint",
      "Setting": { "Enable": true }
    }
  ]}
