{"GameObject":[{"Component":{"Transform":[[0.3273259401321411,5.238689482212067e-10,-0.9449039101600647,0.0],[0.7356964945793152,0.6275261044502258,0.254856139421463,0.0],[0.5929596424102783,-0.7785924077033997,0.20540912449359894,0.0],[50.38331604003906,45.336082458496094,48.360694885253906,1.0]]},"Hash":8675365520207489377,"Name":"class Client::CCamera_Free","Setting":{"Enable":true}},{"Component":{"Transform":[[1.0,0.0,0.0,0.0],[0.0,1.0,6.67572021484375e-06,0.0],[0.0,-6.67572021484375e-06,1.0,0.0],[0.0,0.0,0.0,1.0]]},"Hash":3297996505304094455,"Name":"class Client::CTerrain","Setting":{"Enable":true}},{"Component":{"Model":"Greenhouse_Body01","Transform":[[1.0,0.0,0.0,0.0],[0.0,1.0,2.6941299438476563e-05,0.0],[0.0,-2.6941299438476563e-05,1.0,0.0],[60.0,0.0,60.0,1.0]]},"Hash":15438220394405784524,"Name":"class Client::CStatic_Prop","PhysX_Collider_Type":0,"Setting":{"Enable":true}},{"Component":{"Model":"Greenhouse_Body02","Transform":[[1.0,0.0,0.0,0.0],[0.0,1.0,2.6941299438476563e-05,0.0],[0.0,-2.6941299438476563e-05,1.0,0.0],[60.0,0.0,60.0,1.0]]},"Hash":15438220394405784524,"Name":"class Client::CStatic_Prop","PhysX_Collider_Type":0,"Setting":{"Enable":true}},{"Component":{"Model":"Greenhouse_Body03","Transform":[[1.0,0.0,0.0,0.0],[0.0,1.0,2.6941299438476563e-05,0.0],[0.0,-2.6941299438476563e-05,1.0,0.0],[60.0,0.0,60.0,1.0]]},"Hash":15438220394405784524,"Name":"class Client::CStatic_Prop","PhysX_Collider_Type":0,"Setting":{"Enable":true}},{"Component":{"Model":"Greenhouse_Body05","Transform":[[1.0,0.0,0.0,0.0],[0.0,1.0,2.6941299438476563e-05,0.0],[0.0,-2.6941299438476563e-05,1.0,0.0],[60.0,0.0,60.0,1.0]]},"Hash":15438220394405784524,"Name":"class Client::CStatic_Prop","PhysX_Collider_Type":0,"Setting":{"Enable":true}},{"Component":{"Model":"Greenhouse_Door01","Transform":[[1.0,0.0,0.0,0.0],[0.0,1.0,2.6941299438476563e-05,0.0],[0.0,-2.6941299438476563e-05,1.0,0.0],[60.0,0.0,60.0,1.0]]},"Hash":15438220394405784524,"Name":"class Client::CStatic_Prop","PhysX_Collider_Type":0,"Setting":{"Enable":true}},{"Component":{"Model":"Greenhouse_Door02","Transform":[[1.0,0.0,0.0,0.0],[0.0,1.0,2.6941299438476563e-05,0.0],[0.0,-2.6941299438476563e-05,1.0,0.0],[60.0,0.0,60.0,1.0]]},"Hash":15438220394405784524,"Name":"class Client::CStatic_Prop","PhysX_Collider_Type":0,"Setting":{"Enable":true}},{"Component":{"Model":"Greenhouse_Door03","Transform":[[1.0,0.0,0.0,0.0],[0.0,1.0,2.6941299438476563e-05,0.0],[0.0,-2.6941299438476563e-05,1.0,0.0],[60.0,0.0,60.0,1.0]]},"Hash":15438220394405784524,"Name":"class Client::CStatic_Prop","PhysX_Collider_Type":0,"Setting":{"Enable":true}},{"Component":{"Model":"Greenhouse_Door03","Transform":[[1.0,0.0,0.0,0.0],[0.0,1.0,2.6941299438476563e-05,0.0],[0.0,-2.6941299438476563e-05,1.0,0.0],[60.0,0.0,60.0,1.0]]},"Hash":15438220394405784524,"Name":"class Client::CStatic_Prop","PhysX_Collider_Type":0,"Setting":{"Enable":true}},{"Component":{"Model":"Greenhouse_Body04","Transform":[[1.0,0.0,0.0,0.0],[0.0,1.0,2.6941299438476563e-05,0.0],[0.0,-2.6941299438476563e-05,1.0,0.0],[60.0,0.0,60.0,1.0]]},"Hash":15438220394405784524,"Name":"class Client::CStatic_Prop","PhysX_Collider_Type":0,"Setting":{"Enable":true}},{"Component":{"Model":"Greenhouse_Body06","Transform":[[1.0,0.0,0.0,0.0],[0.0,1.0,2.6941299438476563e-05,0.0],[0.0,-2.6941299438476563e-05,1.0,0.0],[60.0,0.0,60.0,1.0]]},"Hash":15438220394405784524,"Name":"class Client::CStatic_Prop","PhysX_Collider_Type":0,"Setting":{"Enable":true}},{"Collider_Type":0,"Component":{"Transform":{"":null}},"Hash":15757666174375886015,"ModelCom":"SM_GP_PlantGround2F1","Name":"class Client::CStatic_Instancing_Prop","PropDesc":null,"Setting":{"Enable":true}},{"Collider_Type":0,"Component":{"Transform":{"":null}},"Hash":15757666174375886015,"ModelCom":"SM_GP_PlantsGroundB2","Name":"class Client::CStatic_Instancing_Prop","PropDesc":null,"Setting":{"Enable":true}},{"Collider_Type":0,"Component":{"Transform":{"":null}},"Hash":15757666174375886015,"ModelCom":"SM_Vines_03","Name":"class Client::CStatic_Instancing_Prop","PropDesc":null,"Setting":{"Enable":true}},{"Collider_Type":0,"Component":{"Transform":{"":null}},"Hash":15757666174375886015,"ModelCom":"SM_Tree_Tropic_03","Name":"class Client::CStatic_Instancing_Prop","PropDesc":null,"Setting":{"Enable":true}},{"Collider_Type":0,"Component":{"Transform":{"":null}},"Hash":15757666174375886015,"ModelCom":"SM_Hanging_Cage_02a","Name":"class Client::CStatic_Instancing_Prop","PropDesc":null,"Setting":{"Enable":true}},{"Collider_Type":0,"Component":{"Transform":{"":null}},"Hash":15757666174375886015,"ModelCom":"SM_Hanging_Cage_02b","Name":"class Client::CStatic_Instancing_Prop","PropDesc":null,"Setting":{"Enable":true}},{"Collider_Type":0,"Component":{"Transform":{"":null}},"Hash":15757666174375886015,"ModelCom":"SM_rock_02","Name":"class Client::CStatic_Instancing_Prop","PropDesc":null,"Setting":{"Enable":true}},{"Collider_Type":0,"Component":{"Transform":{"":null}},"Hash":15757666174375886015,"ModelCom":"SM_rock_03","Name":"class Client::CStatic_Instancing_Prop","PropDesc":null,"Setting":{"Enable":true}},{"Collider_Type":0,"Component":{"Transform":{"":null}},"Hash":15757666174375886015,"ModelCom":"SM_Rock_cliff_01","Name":"class Client::CStatic_Instancing_Prop","PropDesc":null,"Setting":{"Enable":true}},{"Collider_Type":0,"Component":{"Transform":{"":null}},"Hash":15757666174375886015,"ModelCom":"SM_Rock_Flat_01","Name":"class Client::CStatic_Instancing_Prop","PropDesc":null,"Setting":{"Enable":true}},{"Collider_Type":0,"Component":{"Transform":{"":null}},"Hash":15757666174375886015,"ModelCom":"SM_Rock_sharp_02","Name":"class Client::CStatic_Instancing_Prop","PropDesc":null,"Setting":{"Enable":true}},{"Collider_Type":0,"Component":{"Transform":{"":null}},"Hash":15757666174375886015,"ModelCom":"DryTreeT3_2_SM_03","Name":"class Client::CStatic_Instancing_Prop","PropDesc":{"Prop Matrix (0)":[[0.0,0.9199997782707214,0.0,0.0],[2.000000238418579,2.000000238418579,2.000000238418579,0.0],[81.48045349121094,0.0,26.91769790649414,0.0],[0.0,0.0,0.0,0.0]],"Prop Matrix (1)":[[0.0,-15.540019035339355,0.0,0.0],[2.000000238418579,2.000000238418579,2.000000238418579,0.0],[49.28489685058594,0.0,90.09475708007813,0.0],[0.0,0.0,0.0,0.0]]},"Setting":{"Enable":true}},{"Collider_Type":0,"Component":{"Transform":{"":null}},"Hash":15757666174375886015,"ModelCom":"DryTreeT3_branches_1_SM_02","Name":"class Client::CStatic_Instancing_Prop","PropDesc":{"Prop Matrix (0)":[[0.0,0.0,0.0,0.0],[2.499999761581421,2.499999761581421,2.499999761581421,0.0],[90.64410400390625,0.0,58.20121765136719,0.0],[0.0,0.0,0.0,0.0]]},"Setting":{"Enable":true}}]}
