{"GameObject":[{"Component":{"Model":"Tent_P_WoodenStand01","Transform":[[1.0,0.0,0.0,0.0],[0.0,1.0,2.6941299438476563e-05,0.0],[0.0,-2.6941299438476563e-05,1.0,0.0],[20.0,-2.5,20.0,1.0]]},"Hash":15438220394405784524,"Invisibility":true,"Name":"class Client::CStatic_Prop","PhysX_Collider_Type":0,"Setting":{"Enable":true}},{"Component":{"Model":"Tent_P_WoodenStand04","Transform":[[1.0,0.0,0.0,0.0],[0.0,1.0,2.6941299438476563e-05,0.0],[0.0,-2.6941299438476563e-05,1.0,0.0],[20.0,-2.5,20.0,1.0]]},"Hash":15438220394405784524,"Invisibility":true,"Name":"class Client::CStatic_Prop","PhysX_Collider_Type":0,"Setting":{"Enable":true}},{"Component":{"Model":"Tent_P_WoodenStand05","Transform":[[1.0,0.0,0.0,0.0],[0.0,1.0,2.6941299438476563e-05,0.0],[0.0,-2.6941299438476563e-05,1.0,0.0],[20.0,-2.5,20.0,1.0]]},"Hash":15438220394405784524,"Invisibility":true,"Name":"class Client::CStatic_Prop","PhysX_Collider_Type":0,"Setting":{"Enable":true}},{"Component":{"Model":"Tent_P_WoodenStand08","Transform":[[1.0,0.0,0.0,0.0],[0.0,1.0,2.6941299438476563e-05,0.0],[0.0,-2.6941299438476563e-05,1.0,0.0],[20.0,-2.5,20.0,1.0]]},"Hash":15438220394405784524,"Invisibility":true,"Name":"class Client::CStatic_Prop","PhysX_Collider_Type":0,"Setting":{"Enable":true}},{"Component":{"Model":"Tent_P_WoodenStand10","Transform":[[1.0,0.0,0.0,0.0],[0.0,1.0,2.6941299438476563e-05,0.0],[0.0,-2.6941299438476563e-05,1.0,0.0],[20.0,-2.5,20.0,1.0]]},"Hash":15438220394405784524,"Invisibility":true,"Name":"class Client::CStatic_Prop","PhysX_Collider_Type":0,"Setting":{"Enable":true}},{"Component":{"Model":"Tent_P_Rag01","Transform":[[1.0,0.0,0.0,0.0],[0.0,1.0,2.6941299438476563e-05,0.0],[0.0,-2.6941299438476563e-05,1.0,0.0],[20.0,-2.5,20.0,1.0]]},"Hash":15438220394405784524,"Invisibility":true,"Name":"class Client::CStatic_Prop","PhysX_Collider_Type":0,"Setting":{"Enable":true}},{"Component":{"Model":"Tent_P_Rag02","Transform":[[1.0,0.0,0.0,0.0],[0.0,1.0,2.6941299438476563e-05,0.0],[0.0,-2.6941299438476563e-05,1.0,0.0],[20.0,-2.5,20.0,1.0]]},"Hash":15438220394405784524,"Invisibility":true,"Name":"class Client::CStatic_Prop","PhysX_Collider_Type":0,"Setting":{"Enable":true}},{"Component":{"Model":"Tent_P_Rag03","Transform":[[1.0,0.0,0.0,0.0],[0.0,1.0,2.6941299438476563e-05,0.0],[0.0,-2.6941299438476563e-05,1.0,0.0],[20.0,-2.5,20.0,1.0]]},"Hash":15438220394405784524,"Invisibility":true,"Name":"class Client::CStatic_Prop","PhysX_Collider_Type":0,"Setting":{"Enable":true}},{"Component":{"Model":"Tent_P_Rag04","Transform":[[1.0,0.0,0.0,0.0],[0.0,1.0,2.6941299438476563e-05,0.0],[0.0,-2.6941299438476563e-05,1.0,0.0],[20.0,-2.5,20.0,1.0]]},"Hash":15438220394405784524,"Invisibility":true,"Name":"class Client::CStatic_Prop","PhysX_Collider_Type":0,"Setting":{"Enable":true}},{"Component":{"Model":"Tent_P_Rag05","Transform":[[1.0,0.0,0.0,0.0],[0.0,1.0,2.6941299438476563e-05,0.0],[0.0,-2.6941299438476563e-05,1.0,0.0],[20.0,-2.5,20.0,1.0]]},"Hash":15438220394405784524,"Invisibility":true,"Name":"class Client::CStatic_Prop","PhysX_Collider_Type":0,"Setting":{"Enable":true}},{"Component":{"Model":"Tent_P_Rag07","Transform":[[1.0,0.0,0.0,0.0],[0.0,1.0,2.6941299438476563e-05,0.0],[0.0,-2.6941299438476563e-05,1.0,0.0],[20.0,-2.5,20.0,1.0]]},"Hash":15438220394405784524,"Invisibility":true,"Name":"class Client::CStatic_Prop","PhysX_Collider_Type":0,"Setting":{"Enable":true}},{"ColliderPosY":1.5,"Component":{"Transform":[[-0.10898791253566742,-7.275957180502557e-12,-0.9940429329872131,0.0],[2.678081000340171e-05,1.0,-2.9362845452851616e-06,0.0],[0.9940429329872131,-2.6941295800497755e-05,-0.10898791253566742,0.0],[8.88376235961914,-0.04000043869018555,36.220314025878906,1.0]]},"Hash":4298431940931674343,"Invisibility":true,"Name":"class Client::CInteraction_Elevator","NextLevel":5,"Setting":{"Enable":true}},{"CheckIndex":0,"Component":{"Transform":[[0.4266595244407654,4.547473508864641e-12,0.9044123291969299,0.0],[-2.4366043362533674e-05,1.0,1.1494757927721366e-05,0.0],[-0.9044123291969299,-2.6941299438476563e-05,0.4266595244407654,0.0],[13.152871131896973,0.0,15.040311813354492,1.0]]},"Hash":10178373209891377349,"Invisibility":true,"Name":"class Client::CInteraction_CheckPoint","Setting":{"Enable":true}},{"ColliderPosY":1.5,"Component":{"Transform":[[1.0,0.0,0.0,0.0],[0.0,1.0,2.6941299438476563e-05,0.0],[0.0,-2.6941299438476563e-05,1.0,0.0],[30.247509002685547,-0.13999950885772705,18.323041915893555,1.0]]},"Hash":4298431940931674343,"Invisibility":true,"Name":"class Client::CInteraction_Elevator","NextLevel":6,"Setting":{"Enable":true}}]}
