[{"Textures":{"Dissolve_1":{"FilePath":"../Bin/Resources/Textures/UI/Dissolve/Test%d.png","MipMapLevels":0},"GameLogo":{"FilePath":"../Bin/Resources/Textures/UI/GameLogo2.dds","MipMapLevels":0},"Loading_Complete":{"FilePath":"../Bin/Resources/Textures/UI/LoadingScreen/Loading_Complete.png","MipMapLevels":0},"Loading_Font_Fortress_Desc":{"FilePath":"../Bin/Resources/Textures/UI/LoadingScreen/LoadingFont/Fortress_Desc.png","MipMapLevels":0},"Loading_Font_Fortress_Title":{"FilePath":"../Bin/Resources/Textures/UI/LoadingScreen/LoadingFont/Fortress_Name.png","MipMapLevels":0},"Loading_Icon":{"FilePath":"../Bin/Resources/Textures/UI/LoadingScreen/TexUI_LoadingIcon.png","MipMapLevels":0},"Loading_Tutorial":{"FilePath":"../Bin/Resources/Textures/UI/LoadingScreen/TexUI_LoadingScreen_Tutorial_01.dds","MipMapLevels":0},"MainMenu_Background":{"FilePath":"../Bin/Resources/Textures/UI/MainMenuBackrgound.dds","MipMapLevels":0},"MainMenu_SelectableButton_1":{"FilePath":"../Bin/Resources/Textures/UI/General/TexUI_SelectableButtonBackground.png","MipMapLevels":0},"MainMenu_SelectableButton_2":{"FilePath":"../Bin/Resources/Textures/UI/General/TexUI_SelectableButtonHighlight.png","MipMapLevels":0},"Mask_Horizontal":{"FilePath":"../Bin/Resources/Textures/UI/Mask/Mask_Horizontal%d.png","MipMapLevels":0}}},{}]
