[{"Textures":{"GameLogo":{"FilePath":"../Bin/Resources/Textures/UI/GameLogo2.dds","MipMapLevels":0},"MainMenu_Background":{"FilePath":"../Bin/Resources/Textures/UI/MainMenuBackrgound.dds","MipMapLevels":0},"MainMenu_SelectableButton_1":{"FilePath":"../Bin/Resources/Textures/UI/General/TexUI_SelectableButtonBackground.png","MipMapLevels":0},"MainMenu_SelectableButton_2":{"FilePath":"../Bin/Resources/Textures/UI/General/TexUI_SelectableButtonHighlight.png","MipMapLevels":0}}},{"Textures":{"MainMenu_SelectableButton_ContinueGame":{"FilePath":"../Bin/Resources/Textures/UI/UI_ContinueGame.png","MipMapLevels":0},"MainMenu_SelectableButton_Credits":{"FilePath":"../Bin/Resources/Textures/UI/UI_Credits.png","MipMapLevels":0},"MainMenu_SelectableButton_LoadGame":{"FilePath":"../Bin/Resources/Textures/UI/UI_LoadGame.png","MipMapLevels":0},"MainMenu_SelectableButton_Options":{"FilePath":"../Bin/Resources/Textures/UI/UI_Options.png","MipMapLevels":0},"MainMenu_SelectableButton_Quit":{"FilePath":"../Bin/Resources/Textures/UI/UI_Quit.png","MipMapLevels":0},"MainMenu_SelectableButton_StartGame":{"FilePath":"../Bin/Resources/Textures/UI/UI_StartGame.png","MipMapLevels":0},"MainMenu_SelectableButton_Tool":{"FilePath":"../Bin/Resources/Textures/UI/UI_Tool.png","MipMapLevels":0}}}]
